,puma,Unemployment_HSINC_score,FT_Work_HSINC_score,Poverty_HSINC_score,Working_Poor_HSINC_score,Rent_Burden_HSINC_score,Home_Ownership_HSINC_score,Income_level_HSINC_score,Overall_HSINC_score,Unemployment_HSINC_grade,FT_Work_HSINC_grade,Poverty_HSINC_grade,Working_Poor_HSINC_grade,Rent_Burden_HSINC_grade,Home_Ownership_HSINC_grade,Income_level_HSINC_grade,Overall_HSINC_grade
0,Total Geo,0.09907161046951468,-0.028670945834840405,-0.06280864103527438,-0.009059260167803753,0.059170691829263065,-0.40783053815587267,-0.055788323074191064,-0.057987915138457795,C,C,C,C,C,C-,C,C
1,NYC-Manhattan Community District 7--Upper West Side & West Side PUMA,0.3562196561584753,0.11781512558606382,-0.2111663339614239,-0.03434091074836451,0.15633743835150476,-1.3269691719533077,#DIV/0!,#DIV/0!,B-,C,C,C,C,D-,#DIV!0,#DIV!0
2,Nassau County (West Central)--Hempstead Town (Northwest) PUMA,0.3562196561584753,0.8672269911288338,0.4436624161287004,1.020079339910204,#DIV/0!,1.5795645814060781,#DIV/0!,#DIV/0!,B-,B,B-,B,#DIV!0,A-,#DIV!0,#DIV!0
3,NYC-Brooklyn Community District 2--Brooklyn Heights & Fort Greene PUMA,0.3562196561584753,0.8672269911288338,-2.099833159897082,-1.8675578512202309,-0.2545666948833121,-1.0315059298860414,-0.458579430979949,-0.6412280599399008,B-,B,E,E,C-,D,C-,C-
4,Madison & Cortland Counties PUMA,0.3562196561584753,0.8672269911288338,1.3680184960916408,1.020079339910204,0.9847348572229256,-1.3269691719533077,0.08335266277205584,0.4789518330472612,B-,B,A-,B,B,D-,C,B-
5,Ontario & Yates Counties PUMA,#DIV/0!,0.8672269911288338,#DIV/0!,#DIV/0!,#DIV/0!,#DIV/0!,-1.2129878286563307,#DIV/0!,#DIV!0,B,#DIV!0,#DIV!0,#DIV!0,#DIV!0,D,#DIV!0
6,Monroe County (Central)--Greece & Gates Towns PUMA,-0.45243360471014393,0.8672269911288338,0.055851387935874894,0.10678119328066395,0.9847348572229256,-0.07605591101382508,0.11027580675771818,0.22805438865743535,C-,B,C,C,B,C,C,C
7,Nassau County (East Central)--Oyster Bay Town (Central) PUMA,0.3562196561584753,0.8672269911288338,0.36601120159353134,0.3111473945888632,#DIV/0!,1.5795645814060781,#DIV/0!,#DIV/0!,B-,B,B-,B-,#DIV!0,A-,#DIV!0,#DIV!0
8,"Clinton, Franklin, Essex & Hamilton Counties PUMA",0.3562196561584753,-2.1007991258991314,0.5374779461187189,0.08400384610003986,-2.391140338478654,1.1643454737833085,-0.7049000615170123,-0.43639894339060786,B-,E,B-,C,E,B,C-,C-
9,NYC-Manhattan Community District 8--Upper East Side PUMA,0.3562196561584753,0.8672269911288338,1.3680184960916408,1.020079339910204,0.9847348572229256,0.19852766877607197,0.06803941508736894,0.6946923463393601,B-,B,A-,B,B,C,C,B-
10,Suffolk County (Southwest)--Islip Town (South) PUMA,0.3562196561584753,0.6234109262335906,0.7393656367660497,0.8546054699985483,0.9847348572229256,-0.8417946711984413,0.056691254433815196,0.39617616137356615,B-,B-,B-,B,B,D,C,B-
11,Erie County (Northwest) PUMA,0.3562196561584753,0.8672269911288338,0.3256825417540393,-2.7576539029665295,0.9847348572229256,-1.3269691719533077,0.13446363352222127,-0.2023279135904774,B-,B,B-,E,B,D-,C,C
12,"NYC-Queens Community District 8--Briarwood, Fresh Meadows & Hillcrest PUMA",0.3562196561584753,0.49852010942359254,0.6142312225129223,1.020079339910204,-0.09622911934105786,-0.1306513607585557,#DIV/0!,#DIV/0!,B-,B-,B-,B,C,C,#DIV!0,#DIV!0
13,NYC-Brooklyn Community District 5--East New York & Starrett City PUMA,0.06550330966603739,-0.43104580977810647,-0.9536402142757038,-1.0107384700483795,-0.860274711538979,-0.9432856927575841,-0.3284311352342367,-0.6374161034238502,C,C-,D,D,D,D,C-,C-
14,Rockland County (North)--New City & Congers PUMA,0.3562196561584753,-0.3712920800417571,0.40163673871030175,0.5486182311991876,0.004858557874156993,0.14834923344741843,0.008107872030789054,0.156642601339796,B-,C-,B-,B-,C,C,C,C
15,"Otsego, Schoharie, Oneida (South) & Herkimer (South) Counties PUMA",0.3562196561584753,0.4715655826927126,0.4764370607908479,0.05142979045463129,#DIV/0!,1.5795645814060781,0.37859038452040306,#DIV/0!,B-,B-,B-,C,#DIV!0,A-,B-,#DIV!0
16,NYC-Brooklyn Community District 7--Sunset Park & Windsor Terrace PUMA,0.1451557076597311,-0.16846164423355345,-0.9040617129656178,-0.7198273283070601,-0.35362986533332186,-0.9383841847208146,-1.0249671900012556,-0.5663108882716988,C,C,D,C-,C-,D,D,C-
17,NYC-Brooklyn Community District 11--Bensonhurst & Bath Beach PUMA,0.3562196561584753,-0.2384320335675495,-0.24137016383147653,-0.13812980826465887,-0.33527027547836596,-0.28528663212934646,-0.9309568706737178,-0.25903230396952,B-,C,C,C,C-,C-,D,C-
18,Tompkins County PUMA,0.3562196561584753,0.8672269911288338,-1.726826892884671,-2.0533307559895118,#DIV/0!,1.5795645814060781,#DIV/0!,#DIV/0!,B-,B,D-,E,#DIV!0,A-,#DIV!0,#DIV!0
19,Dutchess County (Southwest) PUMA,0.3562196561584753,0.12738381941097082,0.8021221801321293,0.45810249386242535,0.9847348572229256,0.8509293980570309,1.5904441989959741,0.7385623719771331,B-,C,B,B-,B,B,A-,B-
20,NYC-Queens Community District 9--Richmond Hill & Woodhaven PUMA,-0.08487151657117346,-0.23628304147342716,0.4011230006498488,0.35596587639651517,0.12821359147186878,0.4956792384210347,-0.6959310723548737,0.051985153791398994,C,C,B-,B-,C,B-,C-,C
21,Westchester County (Northwest) PUMA,0.3562196561584753,0.06383396655567244,0.1934987206290021,-0.053078740562670146,-0.10148424509772143,-0.1511350484371399,#DIV/0!,#DIV/0!,B-,C,C,C,C,C,#DIV!0,#DIV!0
22,Albany County (Outside Albany City) PUMA,0.3562196561584753,0.8672269911288338,0.32158850514529486,-0.4166424750541021,-2.391140338478654,0.7800326427797101,#DIV/0!,#DIV/0!,B-,B,B-,C-,E,B,#DIV!0,#DIV!0
23,Monroe County (South) PUMA,0.3562196561584753,-2.047573600515685,-0.8341984561490181,1.020079339910204,0.9847348572229256,-0.5871242165527367,0.551701606469467,-0.0794515447794811,B-,E,D,B,B,C-,B-,C
24,Jefferson & Lewis Counties PUMA,#DIV/0!,#DIV/0!,#DIV/0!,#DIV/0!,#DIV/0!,#DIV/0!,0.19716696125673402,#DIV/0!,#DIV!0,#DIV!0,#DIV!0,#DIV!0,#DIV!0,#DIV!0,C,#DIV!0
25,"Chenango, Delaware & Broome (East) Counties PUMA",0.3562196561584753,0.8672269911288338,1.3680184960916408,1.020079339910204,#DIV/0!,-1.3269691719533077,-0.020225923578290415,#DIV/0!,B-,B,A-,B,#DIV!0,D-,C,#DIV!0
26,Erie County (Central) PUMA,0.3562196561584753,-1.1595603026783325,1.3680184960916408,1.020079339910204,#DIV/0!,1.5795645814060781,#DIV/0!,#DIV/0!,B-,D,A-,B,#DIV!0,A-,#DIV!0,#DIV!0
27,St. Lawrence County PUMA,#DIV/0!,#DIV/0!,-1.943769486327618,#DIV/0!,0.9847348572229256,-0.4721063033181941,-0.0597875441704976,#DIV/0!,#DIV!0,#DIV!0,E,#DIV!0,B,C-,C,#DIV!0
28,"NYC-Manhattan Community District 9--Hamilton Heights, Manhattanville & West Harlem PUMA",0.3562196561584753,0.6349790393379957,-0.2505551281298061,-0.601834197375664,0.9847348572229256,-1.3269691719533077,-0.14748925567430288,-0.050130600059097696,B-,B-,C-,C-,B,D-,C,C
29,Suffolk County (North Central)--Brookhaven Town (North) PUMA,0.3562196561584753,0.8672269911288338,0.8352602526883168,0.49101104791026823,0.9847348572229256,0.2369887936135361,-0.960862014554559,0.40151136916682806,B-,B,B,B-,B,C,D,B-
30,NYC-Brooklyn Community District 1--Greenpoint & Williamsburg PUMA,0.3562196561584753,0.2110161369284039,0.6763674432522377,0.7223169877906974,0.7903662853491983,-1.24459777003624,0.08063273927858809,0.22747449696019437,B-,C,B-,B-,B,D,C,C
31,Cayuga & Onondaga (South) Counties PUMA,#DIV/0!,#DIV/0!,1.3680184960916408,#DIV/0!,#DIV/0!,1.5795645814060781,-0.18580425491140698,#DIV/0!,#DIV!0,#DIV!0,A-,#DIV!0,#DIV!0,A-,C,#DIV!0
32,Nassau County (Southeast)--Oyster Bay Town (South) PUMA,0.3562196561584753,0.8672269911288338,1.3680184960916408,1.020079339910204,#DIV/0!,1.5795645814060781,-0.532536815050081,#DIV/0!,B-,B,A-,B,#DIV!0,A-,C-,#DIV!0
33,Fulton & Montgomery Counties PUMA,#DIV/0!,#DIV/0!,#DIV/0!,#DIV/0!,#DIV/0!,#DIV/0!,-0.009655741263848825,#DIV/0!,#DIV!0,#DIV!0,#DIV!0,#DIV!0,#DIV!0,#DIV!0,C,#DIV!0
34,Onondaga County (Central)--Syracuse City (Outer) PUMA,0.3562196561584753,-1.5449001091552508,-1.1046340178092247,0.019583777869790524,-2.391140338478654,0.5243664579038663,-0.3742439273558642,-0.6449640715524086,B-,D-,D,C,E,B-,C-,C-
35,NYC-Staten Island Community District 2--New Springville & South Beach PUMA,0.3562196561584753,0.5711152467541585,1.0204536962783783,1.020079339910204,0.9847348572229256,1.2165524026545704,#DIV/0!,#DIV/0!,B-,B-,B,B,B,B,#DIV!0,#DIV!0
36,Niagara County (Southwest)--Greater Niagara Falls & North Tonawanda Area PUMA,0.3562196561584753,0.8672269911288338,1.3680184960916408,1.020079339910204,#DIV/0!,-1.3269691719533077,0.5386013174011188,#DIV/0!,B-,B,A-,B,#DIV!0,D-,B-,#DIV!0
37,Suffolk County (Central)--Brookhaven Town (Central) PUMA,0.3562196561584753,0.8672269911288338,1.3680184960916408,1.020079339910204,0.9847348572229256,0.21548324082474551,0.16100219270477237,0.7103949677202283,B-,B,A-,B,B,C,C,B-
38,"NYC-Bronx Community District 7--Bedford Park, Fordham North & Norwood PUMA",-1.0821459748721063,-0.7206444271746815,-0.6069435757141625,-1.4260317578426351,-0.043118731049466584,-1.2879677605663766,#DIV/0!,#DIV/0!,D,C-,C-,D-,C,D-,#DIV!0,#DIV!0
39,NYC-Queens Community District 4--Elmhurst & South Corona PUMA,0.3562196561584753,-0.27884803666272484,-0.6548504935508455,-0.7878358548950901,-0.31348014540543406,-0.8072838551719229,#DIV/0!,#DIV/0!,B-,C-,C-,D,C-,D,#DIV!0,#DIV!0
40,"NYC-Brooklyn Community District 6--Park Slope, Carroll Gardens & Red Hook PUMA",#DIV/0!,#DIV/0!,1.0410201473280263,#DIV/0!,0.3550653457989632,-1.0771238636416125,-1.1885854563347111,#DIV/0!,#DIV!0,#DIV!0,B,#DIV!0,B-,D,D,#DIV!0
41,Suffolk County (Central)--Islip Town (East) PUMA,-5.586441516736494,#DIV/0!,-0.2656358311670718,#DIV/0!,#DIV/0!,1.5795645814060781,-0.1763682857251966,#DIV/0!,E,#DIV!0,C-,#DIV!0,#DIV!0,A-,C,#DIV!0
42,"NYC-Brooklyn Community District 9--Crown Heights South, Prospect Lefferts & Wingate PUMA",-1.6420436037331083,0.8672269911288338,-0.5534304746790474,-0.1118768303380592,-2.391140338478654,0.3663267684422503,#DIV/0!,#DIV/0!,D-,B,C-,C,E,B-,#DIV!0,#DIV!0
43,"NYC-Queens Community District 7--Flushing, Murray Hill & Whitestone PUMA",0.18229561768731975,0.008494913981201403,-0.07843746930064385,0.2915774117450034,-0.048215960233631706,-0.30900572082847355,-2.096684830335185,-0.29285371961205847,C,C,C,B-,C,C-,E,C-
44,NYC-Queens Community District 3--Jackson Heights & North Corona PUMA,0.16177675479585868,0.29587569541487413,0.08255061449129589,-0.036389219682784635,0.17226613788142026,-0.7340209348573238,0.31555565843949845,0.03680210092611985,C,B-,C,C,C,C-,B-,C
45,Saratoga County (Outer) PUMA,-5.586441516736494,-3.736833034309668,1.3680184960916408,#DIV/0!,#DIV/0!,1.5795645814060781,-2.292226294536463,#DIV/0!,E,E,A-,#DIV!0,#DIV!0,A-,E,#DIV!0
46,"NYC-Bronx Community District 12--Wakefield, Williamsbridge & Woodlawn PUMA",-0.06389135220813572,0.5713362439926835,0.06730702113063845,0.2287272526317673,0.18039995216971783,-0.8010104075368801,0.4663517886480063,0.09274578554682822,C,B-,C,C,C,D,B-,C
47,"NYC-Brooklyn Community District 15--Sheepshead Bay, Gerritsen Beach & Homecrest PUMA",-0.427076638318602,0.19797356157276236,0.49836433190741447,0.5292969015193804,0.41793662325826925,0.1303085608717754,-0.6621704604416697,0.09780469719561859,C-,C,B-,B-,B-,C,C-,C
48,Wayne & Seneca Counties PUMA,#DIV/0!,#DIV/0!,#DIV/0!,#DIV/0!,#DIV/0!,#DIV/0!,#DIV/0!,#DIV/0!,#DIV!0,#DIV!0,#DIV!0,#DIV!0,#DIV!0,#DIV!0,#DIV!0,#DIV!0
49,Schenectady County--Schenectady City PUMA,0.3562196561584753,-0.10996125916831781,0.5927792828379973,1.020079339910204,#DIV/0!,1.5795645814060781,#DIV/0!,#DIV/0!,B-,C,B-,B,#DIV!0,A-,#DIV!0,#DIV!0
50,NYC-Brooklyn Community District 10--Bay Ridge & Dyker Heights PUMA,-1.6354919209137917,-1.8573674348840878,-0.8779108026884687,0.34820060879454323,-0.8617220976434167,-0.40927958155930433,0.5051267679853121,-0.6840634944156019,D-,E,D,B-,D,C-,B-,C-
51,Nassau County (Northwest)--North Hempstead Town (North) PUMA,0.3562196561584753,0.2434511167145853,1.3680184960916408,1.020079339910204,#DIV/0!,1.192026747624827,0.2535731528532566,#DIV/0!,B-,C,A-,B,#DIV!0,B,B-,#DIV!0
52,Suffolk County (West Central)--Babylon Town (Northwest) PUMA,-0.08697130373378555,-0.7583823537345454,0.8627890160878582,0.11889186764344989,#DIV/0!,1.5795645814060781,-0.756366277636862,#DIV/0!,C,D,B,C,#DIV!0,A-,D,#DIV!0
53,"NYC-Manhattan Community District 4 & 5--Chelsea, Clinton & Midtown Business District PUMA",-2.481452461002444,-1.9074052096321175,-1.2164949922254487,1.020079339910204,0.06219839233150294,-1.3269691719533077,-0.2801362693946583,-0.8757400531380385,E,E,D,B,C,D-,C-,D
54,Columbia & Greene Counties PUMA,0.3562196561584753,0.8672269911288338,1.292937954171574,1.020079339910204,#DIV/0!,1.5795645814060781,0.29117728058427167,#DIV/0!,B-,B,A-,B,#DIV!0,A-,B-,#DIV!0
55,Rensselaer County--Troy City PUMA,0.3562196561584753,0.8672269911288338,1.3680184960916408,1.020079339910204,#DIV/0!,1.5795645814060781,0.30529240942840963,#DIV/0!,B-,B,A-,B,#DIV!0,A-,B-,#DIV!0
56,Erie County (West Central)--Buffalo City (West) PUMA,0.3562196561584753,0.48202674995668815,-0.7264902725514916,-0.9221682947427253,-0.10064378121202164,-0.31054739808507004,-0.564377082093316,-0.2551400603670659,B-,B-,C-,D,C,C-,C-,C-
57,Erie County (South) PUMA,#DIV/0!,#DIV/0!,#DIV/0!,#DIV/0!,#DIV/0!,#DIV/0!,0.5032325912966408,#DIV/0!,#DIV!0,#DIV!0,#DIV!0,#DIV!0,#DIV!0,#DIV!0,B-,#DIV!0
58,Oneida County (Central)--Greater Utica & Rome Cities PUMA,0.3562196561584753,-0.532566474818607,0.0027908952779760908,1.020079339910204,0.9847348572229256,0.42505291630862185,-0.99779980111084,0.1797873412783937,B-,C-,C,B,B,B-,D,C
59,"NYC-Manhattan Community District 12--Washington Heights, Inwood & Marble Hill PUMA",-0.12112406621305206,0.44281753867389495,-0.628102338455052,0.23457709733847773,0.3174261066653415,-1.3269691719533077,1.3400025835100215,0.03694682136661772,C,B-,C-,C,B-,D-,A-,C
60,NYC-Brooklyn Community District 13--Brighton Beach & Coney Island PUMA,-0.19516127740909925,-0.5519221928486591,-0.5792163417393188,-0.5352297262022914,0.7268815793903245,-1.0813049137773107,-0.46596404285777215,-0.3831309879205896,C,C-,C-,C-,B-,D,C-,C-
61,NYC-Manhattan Community District 10--Central Harlem PUMA,-0.4583507226807104,0.03892647253358904,0.17056820393090588,0.3886633373021268,0.745328235178186,-1.3269691719533077,1.8705506452869043,0.2041024285139563,C-,C,C,B-,B-,D-,A,C
62,Nassau County (West Central)--North Hempstead Town (South) PUMA,0.3562196561584753,-0.09126949103540959,0.7670480780300424,0.1966183858449385,0.9847348572229256,1.2860709450733712,#DIV/0!,#DIV/0!,B-,C,B,C,B,A-,#DIV!0,#DIV!0
63,NYC-Brooklyn Community District 16--Brownsville & Ocean Hill PUMA,0.0776574136790236,-0.3089664684949084,-0.41248245287533125,-0.03832021501958399,0.9847348572229256,-0.19619460613477768,0.40674357201635386,0.0733103000562431,C,C-,C-,C,B,C,B-,C
64,Albany County (East Central)--Albany City PUMA,0.3562196561584753,0.8672269911288338,1.2592598510057826,0.8896081761059839,0.8342399143547701,-1.0512356255007604,1.9442938048633103,0.7285161097309135,B-,B,A-,B,B,D,A,B-
65,Nassau County (West Central)--Hempstead Town (West Central) PUMA,0.3562196561584753,0.6598961965594088,0.801064147490111,0.4064804524070219,-2.391140338478654,1.146379262395785,-0.9309568706737178,0.006848929408347122,B-,B-,B,B-,E,B,D,C
66,Chemung (South) & Steuben (East) Counties--Greater Elmira & Greater Corning Cities PUMA,#DIV/0!,#DIV/0!,#DIV/0!,#DIV/0!,#DIV/0!,#DIV/0!,-0.30603537795158375,#DIV/0!,#DIV!0,#DIV!0,#DIV!0,#DIV!0,#DIV!0,#DIV!0,C-,#DIV!0
67,"NYC-Bronx Community District 3 & 6--Belmont, Crotona Park East & East Tremont PUMA",0.09745513061199768,-0.6398076718525374,-0.639883005248794,-0.6354897672731263,-1.029389555972388,-1.2074936120662176,-0.05077655131044968,-0.5864835761587879,C,C-,C-,C-,D,D,C,C-
68,"NYC-Bronx Community District 5--Morris Heights, Fordham South & Mount Hope PUMA",0.2361857715403981,-0.25024850511170343,-0.556276292689332,-0.3856272581169496,-0.2883456257221953,-1.1583800844420464,0.10315664192919637,-0.32850505037323313,C,C-,C-,C-,C-,D,C,C-
69,"NYC-Bronx Community District 8--Riverdale, Fieldston & Kingsbridge PUMA",0.3562196561584753,-1.1747035266468133,0.001413367547664872,-1.0384987515990547,-0.10256471009575023,-0.6395810748003923,0.29177798550010264,-0.32941957913368114,B-,D,C,D,C,C-,B-,C-
70,Erie County (Northeast) PUMA,#DIV/0!,#DIV/0!,1.3680184960916408,#DIV/0!,#DIV/0!,1.5795645814060781,0.0028407524028605407,#DIV/0!,#DIV!0,#DIV!0,A-,#DIV!0,#DIV!0,A-,C,#DIV!0
71,NYC-Manhattan Community District 11--East Harlem PUMA,0.3562196561584753,-1.1981457305632046,0.3983089627171383,0.649623658708006,0.6700828176460236,-1.3269691719533077,0.12782551519634736,-0.04615061315578883,B-,D,B-,B-,B-,D-,C,C
72,Orange County (Southeast) PUMA,0.3562196561584753,-3.736833034309668,0.19267127507052909,#DIV/0!,-0.30726676088508614,-0.7669061895784093,-0.02951629168771084,#DIV/0!,B-,E,C,#DIV!0,C-,D,C,#DIV!0
73,Westchester County (Southeast) PUMA,0.3562196561584753,0.36371268740795204,0.7158136756872225,0.45611004667162597,0.4461950584555816,-0.6700597324005396,-2.247101341259245,-0.08272999275413248,B-,B-,B-,B-,B-,C-,E,C
74,NYC-Queens Community District 1--Astoria & Long Island City PUMA,0.2463016989032581,-0.08283805705123476,0.31380631479785887,0.08279824683440422,0.01071729031369623,-0.6561038198074078,-0.4049878480341371,-0.07004373914908033,C,C,B-,C,C,C-,C-,C
75,Livingston & Wyoming Counties PUMA,0.3562196561584753,0.8672269911288338,-0.8865952407860713,0.7866239147886079,0.9847348572229256,0.3630454415288414,-0.15966464286979168,0.3302272824531173,B-,B,D,B,B,B-,C,B-
76,Suffolk County (Central)--Brookhaven Town (West Central) PUMA,0.3562196561584753,0.4306350921648382,1.0767150121254958,0.6705747677801116,#DIV/0!,1.5795645814060781,-1.0699469926956697,#DIV/0!,B-,B-,B,B-,#DIV!0,A-,D,#DIV!0
77,Westchester County (Southwest)--Yonkers City PUMA,-0.241765989067836,-0.22104802252550346,0.46015136784250754,0.7151388980235562,0.8203664020015003,-0.596266923087905,-0.9309568706737178,0.0008026946446574312,C,C,B-,B-,B,C-,D,C
78,Erie County (North Central) PUMA,0.3562196561584753,0.8672269911288338,1.3680184960916408,1.020079339910204,#DIV/0!,1.5795645814060781,0.020250131057126433,#DIV/0!,B-,B,A-,B,#DIV!0,A-,C,#DIV!0
79,Saratoga County (South & Central) PUMA,#DIV/0!,#DIV/0!,-2.436062294525075,#DIV/0!,#DIV/0!,1.5795645814060781,1.104182495218758,#DIV/0!,#DIV!0,#DIV!0,E,#DIV!0,#DIV!0,A-,B,#DIV!0
80,Suffolk County (South Central)--Brookhaven Town (South) PUMA,0.3562196561584753,0.8672269911288338,0.4822249165661565,1.020079339910204,0.9847348572229256,1.422055554975087,#DIV/0!,#DIV/0!,B-,B,B-,B,B,A-,#DIV!0,#DIV!0
81,"NYC-Staten Island Community District 3--Tottenville, Great Kills & Annadale PUMA",0.3562196561584753,0.8672269911288338,0.18792044060835283,1.020079339910204,#DIV/0!,1.5795645814060781,#DIV/0!,#DIV/0!,B-,B,C,B,#DIV!0,A-,#DIV!0,#DIV!0
82,Herkimer (North & Central) & Oneida (Outer) Counties PUMA,0.3562196561584753,0.8672269911288338,-2.436062294525075,-2.7576539029665295,#DIV/0!,1.5795645814060781,-0.3366964648417032,#DIV/0!,B-,B,E,E,#DIV!0,A-,C-,#DIV!0
83,Niagara County (North & East) PUMA,#DIV/0!,#DIV/0!,#DIV/0!,#DIV/0!,#DIV/0!,#DIV/0!,-0.9309568706737178,#DIV/0!,#DIV!0,#DIV!0,#DIV!0,#DIV!0,#DIV!0,#DIV!0,D,#DIV!0
84,Monroe County (Central)--Rochester City (East) PUMA,-0.31378626039340857,0.8672269911288338,-1.4288718611642337,-1.5539643893048254,0.9847348572229256,1.0882360650540843,1.120613583683874,0.10916985517532142,C-,B,D-,D-,B,B,B,C
85,Warren & Washington Counties PUMA,#DIV/0!,#DIV/0!,1.3680184960916408,#DIV/0!,#DIV/0!,1.5795645814060781,-0.9798900909095736,#DIV/0!,#DIV!0,#DIV!0,A-,#DIV!0,#DIV!0,A-,D,#DIV!0
86,Nassau County (Southwest)--Hempstead Town (Southwest) & Long Beach City PUMA,0.3562196561584753,0.2787381156968447,-0.22128749459728364,-1.7915094816561004,0.2866218182299845,-1.0723536814299113,-0.13458610383827604,-0.3283081673480381,B-,B-,C,E,B-,D,C,C-
87,NYC-Brooklyn Community District 8--Crown Heights North & Prospect Heights PUMA,0.3562196561584753,0.8672269911288338,0.2631295335148559,1.020079339910204,0.9847348572229256,-0.05207106685804393,-0.11411905934320939,0.47502860739057734,B-,B,B-,B,B,C,C,B-
88,Onondaga County (Central)--Syracuse City PUMA,0.3562196561584753,-2.7438004798033244,-2.187085326479677,-1.6243339301035096,-0.1010876870661645,-0.8715085649133535,#DIV/0!,#DIV/0!,B-,E,E,D-,C,D,#DIV!0,#DIV!0
89,Westchester County (Central)--White Plains City PUMA,0.3562196561584753,-0.25628936320172174,-0.2496637005825774,-0.30738599073195894,-0.41290141617480286,-0.05510200508223331,1.1835356390945715,0.036916117068536085,B-,C-,C,C-,C-,C,B,C
90,NYC-Brooklyn Community District 3--Bedford-Stuyvesant PUMA,-0.7117558357730353,0.42167279511865585,-0.5845185468797711,-0.9362468037223904,0.20499731202105634,-1.3269691719533077,#DIV/0!,#DIV/0!,C-,B-,C-,D,C,D-,#DIV!0,#DIV!0
91,"NYC-Bronx Community District 1 & 2--Hunts Point, Longwood & Melrose PUMA",0.3562196561584753,0.8672269911288338,-0.2748719087279358,-0.6895517627055441,0.906166224282141,-0.9613500654629159,#DIV/0!,#DIV/0!,B-,B,C-,C-,B,D,#DIV!0,#DIV!0
92,Cattaraugus & Allegany Counties PUMA,0.3562196561584753,0.8672269911288338,-2.436062294525075,-2.7576539029665295,#DIV/0!,1.5795645814060781,-0.539327147556705,#DIV/0!,B-,B,E,E,#DIV!0,A-,C-,#DIV!0
93,Oswego County PUMA,#DIV/0!,#DIV/0!,#DIV/0!,#DIV/0!,#DIV/0!,#DIV/0!,-1.2129878286563307,#DIV/0!,#DIV!0,#DIV!0,#DIV!0,#DIV!0,#DIV!0,#DIV!0,D,#DIV!0
94,"NYC-Queens Community District 5--Ridgewood, Glendale & Middle Village PUMA",0.22189187196103022,0.5189391471309243,-0.12695986990620595,-0.2535353236484992,0.10647198420839171,0.04992010789584701,3.4864454852906763,0.5718819147045949,C,B-,C,C-,C,C,A,B-
95,Monroe County (East) PUMA,#DIV/0!,#DIV/0!,-1.6598619861455615,#DIV/0!,-2.391140338478654,-0.7339080568376978,0.009146322601658706,#DIV/0!,#DIV!0,#DIV!0,D-,#DIV!0,E,C-,C,#DIV!0
96,Westchester County (South Central)--New Rochelle & Mount Vernon Cities PUMA,0.3562196561584753,0.14141046947147,0.2059703562404934,-0.07472463759946402,-0.162675631078594,-0.154979755276136,1.9031621345903549,0.31634037035808565,B-,C,C,C,C,C,A,B-
97,"NYC-Queens Community District 14--Far Rockaway, Breezy Point & Broad Channel PUMA",0.3562196561584753,-0.22505381460162557,-0.3100201083720368,-0.45102996086056607,0.5939650264608114,-1.2279124162334363,#DIV/0!,#DIV/0!,B-,C,C-,C-,B-,D,#DIV!0,#DIV!0
98,"NYC-Brooklyn Community District 12--Borough Park, Kensington & Ocean Parkway PUMA",0.3562196561584753,-0.3717127726610404,-0.2119943063463779,-0.4515317095714692,-0.6975715893422901,-0.4777088999449671,-0.6363600192777077,-0.3558085201407682,B-,C-,C,C-,C-,C-,C-,C-
99,"NYC-Bronx Community District 10--Co-op City, Pelham Bay & Schuylerville PUMA",0.3562196561584753,-1.3921009471554902,-0.04327623229904644,0.27579083676064875,-1.1956593838640102,0.3615651923507538,-0.5916243847200343,-0.3184407518241005,B-,D-,C,B-,D,B-,C-,C-
100,"NYC-Queens Community District 11--Bayside, Douglaston & Little Neck PUMA",0.3562196561584753,-1.3612928195035834,0.17191746318764536,0.4048133394416805,-2.391140338478654,0.9053474165532647,-1.2552646997335373,-0.4527714260535299,B-,D-,C,B-,E,B,D-,C-
101,"NYC-Manhattan Community District 6--Murray Hill, Gramercy & Stuyvesant Town PUMA",0.3562196561584753,-3.736833034309668,-2.436062294525075,#DIV/0!,#DIV/0!,#DIV/0!,4.766068480575064,#DIV/0!,B-,E,E,#DIV!0,#DIV!0,#DIV!0,A,#DIV!0
102,Chautauqua County PUMA,#DIV/0!,0.8672269911288338,#DIV/0!,#DIV/0!,#DIV/0!,#DIV/0!,-0.10466114323675758,#DIV/0!,#DIV!0,B,#DIV!0,#DIV!0,#DIV!0,#DIV!0,C,#DIV!0
103,NYC-Brooklyn Community District 18--Canarsie & Flatlands PUMA,0.3562196561584753,-1.2732570557855574,0.11286493573587165,1.020079339910204,-0.025782108230983886,-0.09243378946775221,-0.31912161733815564,-0.03163294843112832,B-,D-,C,B,C,C,C-,C
104,Erie County (West Central)--Buffalo City (East) PUMA,0.3562196561584753,-0.21483319918159743,-0.6304742519199809,-0.09503468961365122,-0.3146586143301353,-0.4013590314311503,1.5915802454779544,0.04163430216570209,B-,C,C-,C,C-,C-,A-,C
105,Genesee & Orleans Counties PUMA,0.3562196561584753,0.8672269911288338,1.3680184960916408,1.020079339910204,0.9847348572229256,-1.3269691719533077,0.7370052473680488,0.5723307737038316,B-,B,A-,B,B,D-,B-,B-
106,"NYC-Staten Island Community District 1--Port Richmond, Stapleton & Mariner's Harbor PUMA",0.3562196561584753,0.8672269911288338,-0.007303020515941165,0.12327831790555321,-0.4348889606226809,0.17304614971048743,#DIV/0!,#DIV/0!,B-,B,C,C,C-,C,#DIV!0,#DIV!0
107,"Steuben (North & West), Schuyler & Chemung (North) Counties PUMA",#DIV/0!,#DIV/0!,#DIV/0!,#DIV/0!,#DIV/0!,#DIV/0!,#DIV/0!,#DIV/0!,#DIV!0,#DIV!0,#DIV!0,#DIV!0,#DIV!0,#DIV!0,#DIV!0,#DIV!0
108,Nassau County (South Central)--Hempstead Town (Southeast) PUMA,-1.5767040344603085,-0.03222808966602057,-0.7085927300189911,0.019105675777676964,0.14776994874504434,-0.33954400642847515,-0.5158218534168476,-0.42943072706684593,D-,C,C-,C,C,C-,C-,C-
109,"NYC-Bronx Community District 9--Castle Hill, Clason Point & Parkchester PUMA",0.20765312683610104,-0.4123132640798812,-0.18194961747807525,0.14019492671631026,0.11183649353004768,-0.5822037260273272,#DIV/0!,#DIV/0!,C,C-,C,C,C,C-,#DIV!0,#DIV!0
110,Suffolk County (East) PUMA,0.3562196561584753,-0.25362348402964247,-0.12919876647293746,0.8608942803439694,-0.6222076543586323,0.11434534047696351,0.9748278781888391,0.18589389290100503,B-,C-,C,B,C-,C,B,C
111,Orange County (Northwest) PUMA,0.3562196561584753,0.8672269911288338,-0.9761936516315755,-1.3078964961060857,-0.16750997005246399,-0.21154662453863562,2.07444765792871,0.0906782232696083,B-,B,D,D-,C,C,A,C
112,Broome County (West Central)--Greater Binghamton City & Greater Johnson City Village PUMA,-0.18953494135228727,0.8672269911288338,-0.36824773632286945,-0.24270227779297376,-0.14371780650878205,-0.7936602263827781,-0.5908803040817858,-0.2087880430446632,C,B,C-,C,C,D,C-,C
113,"NYC-Bronx Community District 11--Pelham Parkway, Morris Park & Laconia PUMA",0.3562196561584753,0.3697148767185503,-0.2682065873208695,-0.21755260084042713,-0.12112178431662457,-0.3120237024400265,#DIV/0!,#DIV/0!,B-,B-,C-,C,C,C-,#DIV!0,#DIV!0
114,Suffolk County (Northwest)--Smithtown Town PUMA,-5.586441516736494,0.8672269911288338,-2.436062294525075,-2.7576539029665295,#DIV/0!,1.5795645814060781,-0.6875257366550682,#DIV/0!,E,B,E,E,#DIV!0,A-,C-,#DIV!0
115,Ulster County (East) PUMA,0.3562196561584753,0.8672269911288338,-0.5779634265010686,1.020079339910204,0.9847348572229256,0.5723499144003507,0.6592515816802242,0.5545569877142779,B-,B,C-,B,B,B-,B-,B-
116,Westchester County (Northeast) PUMA,0.05279610934814684,0.0874609096099844,0.18368450150362192,0.37440979015316095,0.5887094408459163,0.31451657792026844,0.04845972886590188,0.2357195797495715,C,C,C,B-,B-,B-,C,C
117,NYC-Brooklyn Community District 4--Bushwick PUMA,-1.899421311032829,0.17991332679956884,-1.0116267561884194,-1.4999230035953097,-0.24167423184452877,-0.9545034587360165,-0.1322959517043862,-0.794218769471703,E,C,D,D-,C,D,C,D
118,NYC-Manhattan Community District 3--Chinatown & Lower East Side PUMA,-0.35547629269122166,0.2220024269937471,-1.953628375564759,-1.348830732280455,-0.7390700559717637,-1.3269691719533077,#DIV/0!,#DIV/0!,C-,C,E,D-,C-,D-,#DIV!0,#DIV!0
119,Dutchess County (North & East) PUMA,0.3562196561584753,-1.7545294122458686,1.3680184960916408,1.020079339910204,0.9847348572229256,-1.3269691719533077,-1.2525886357358953,-0.08643355293597514,B-,E,A-,B,B,D-,D-,C
120,Nassau County (Central)--Hempstead Town (North Central)--Meadowbrook Corridor PUMA,0.3562196561584753,-0.8879277324991522,-0.3296072130542672,-0.096155407231263,0.0507703681909899,-0.12008949563022925,0.1079468273959074,-0.13126328523850558,B-,D,C-,C,C,C,C,C
121,Broome (Outer West) & Tioga Counties PUMA,#DIV/0!,#DIV/0!,#DIV/0!,#DIV/0!,#DIV/0!,#DIV/0!,1.7017171833211637,#DIV/0!,#DIV!0,#DIV!0,#DIV!0,#DIV!0,#DIV!0,#DIV!0,A-,#DIV!0
122,"Rockland County (South)--Orangetown, Clarkstown (South) & Ramapo (Southeast) Towns PUMA",0.3562196561584753,0.8672269911288338,1.3680184960916408,1.020079339910204,0.9847348572229256,-0.8593437691936838,-0.09988590811868864,0.5195785233142439,B-,B,A-,B,B,D,C,B-
123,"NYC-Brooklyn Community District 17--East Flatbush, Farragut & Rugby PUMA",-0.5000128284438874,-1.4947757473726822,-0.3592671891284659,0.18058306371537425,-0.8855713031901348,-0.9418824762685423,#DIV/0!,#DIV/0!,C-,D-,C-,C,D,D,#DIV!0,#DIV!0
124,Orange County (Northeast)--Greater Newburgh City PUMA,0.3562196561584753,0.5207746048084388,-0.906807524596502,-0.37990415597940924,0.9847348572229256,-0.3805712059252046,-0.1474918625169646,0.006707767024537047,B-,B-,D,C-,B,C-,C,C
125,"NYC-Manhattan Community District 1 & 2--Battery Park City, Greenwich Village & Soho PUMA",0.3562196561584753,0.8672269911288338,1.3680184960916408,1.020079339910204,0.9847348572229256,-0.042313369363523826,#DIV/0!,#DIV/0!,B-,B,A-,B,B,C,#DIV!0,#DIV!0
126,NYC-Queens Community District 6--Forest Hills & Rego Park PUMA,0.10801781719508158,0.5595571087606279,-0.23179786403818695,0.21332556553627227,0.9847348572229256,0.36576365040420744,0.06802156619241295,0.29537467161047726,C,B-,C,C,B,B-,C,B-
127,Onondaga County (North) PUMA,0.3562196561584753,-1.3812674398992715,0.1331859881427591,1.020079339910204,#DIV/0!,1.5795645814060781,-0.27288463538095425,#DIV/0!,B-,D-,C,B,#DIV!0,A-,C-,#DIV!0
128,Nassau County (Northeast)--Oyster Bay Town (North) & Glen Cove City PUMA,0.3562196561584753,-1.1368056089406757,-1.5477467252876553,-2.7576539029665295,-2.391140338478654,0.04829750513058259,0.6654854980946451,-0.9661919880414017,B-,D,D-,E,E,C,B-,D
129,Monroe County (North & West) PUMA,#DIV/0!,#DIV/0!,#DIV/0!,#DIV/0!,#DIV/0!,#DIV/0!,-0.6532834725569306,#DIV/0!,#DIV!0,#DIV!0,#DIV!0,#DIV!0,#DIV!0,#DIV!0,C-,#DIV!0
130,Sullivan & Ulster (West) Counties PUMA,0.3562196561584753,0.5782130041305045,-0.9810708096468571,-1.4689878902095133,-2.391140338478654,-0.3811580397308627,-0.6120144049120232,-0.6999912603841328,B-,B-,D,D-,E,C-,C-,C-
131,Suffolk County (Southwest)--Babylon Town (Southeast) PUMA,-0.45877387612426346,-0.06743181102785449,0.7727589102738661,0.542516835622013,0.09561546411633673,-0.14730021582211442,-1.3662117204326083,-0.08983234477066068,C-,C,B,B-,C,C,D-,C
132,Suffolk County (Northwest)--Huntington Town (North) PUMA,0.3562196561584753,-0.8150257104736957,-0.9260619353957896,-2.1456435058105088,-1.6649090382299438,0.31721385160616367,0.1220104387738507,-0.6794566061959212,B-,D,D,E,D-,B-,C,C-
133,"NYC-Queens Community District 12--Jamaica, Hollis & St. Albans PUMA",-0.6466684698412917,0.3133045233824578,-0.3938020955729961,-0.7265470486845208,0.3356325468667893,-0.8928846744407212,#DIV/0!,#DIV/0!,C-,B-,C-,C-,B-,D,#DIV!0,#DIV!0
134,"NYC-Queens Community District 13--Queens Village, Cambria Heights & Rosedale PUMA",0.3562196561584753,-0.42590202638358227,0.31242116969172545,-0.3513913131394098,-0.3136786795853744,0.9939677440133751,-0.11172408796231832,0.06570178039898443,B-,C-,B-,C-,C-,B,C,C
135,Monroe County (Central)--Rochester City (West) PUMA,0.3562196561584753,0.5571892789780927,-0.7645722501631846,-0.9778914907087183,0.9847348572229256,-0.382590359834854,-0.3552555818393683,-0.08316655574094736,B-,B-,D,D,B,C-,C-,C
136,NYC-Queens Community District 10--Howard Beach & Ozone Park PUMA,-0.2339241331907148,0.6246133700072264,0.2684527805329761,-0.006390753896696378,0.3672159226848859,-0.29586166463762936,-0.7617382958841501,-0.005376110626300327,C,B-,B-,C,B-,C-,D,C
137,Suffolk County (Central)--Islip Town (Northwest) PUMA,0.20527947069371164,0.15650226814572563,0.9493284139509292,0.7369056728513426,0.7929237665580631,0.5815806296754613,0.5428823291063885,0.5664860787116603,C,C,B,B-,B,B-,B-,B-
138,Putnam County PUMA,0.3562196561584753,0.8672269911288338,1.3680184960916408,1.020079339910204,0.9847348572229256,0.146684214018485,#DIV/0!,#DIV/0!,B-,B,A-,B,B,C,#DIV!0,#DIV!0
139,NYC-Queens Community District 2--Sunnyside & Woodside PUMA,0.19361803996463253,-0.08017886248125533,0.1107571068338421,-0.0538007742362242,-0.7540032206128244,-0.4773941148767618,1.3416779130699679,0.04009658395162525,C,C,C,C,D,C-,A-,C
140,Nassau County (Central)--Hempstead Town (East Central) PUMA,0.3562196561584753,0.8672269911288338,1.3680184960916408,1.020079339910204,#DIV/0!,1.5795645814060781,1.3142512731931206,#DIV/0!,B-,B,A-,B,#DIV!0,A-,A-,#DIV!0
141,Suffolk County (Northwest)--Huntington Town (South) PUMA,0.3562196561584753,0.8672269911288338,1.3680184960916408,1.020079339910204,-2.391140338478654,0.14170336066291922,#DIV/0!,#DIV/0!,B-,B,A-,B,E,C,#DIV!0,#DIV!0
142,"NYC-Bronx Community District 4--Concourse, Highbridge & Mount Eden PUMA",0.23917530002267462,-0.09672311251994413,-0.15089067622062127,0.070809867395092,-0.4510261645717159,-1.0478170934342017,-0.13056345751009849,-0.22386219097697355,C,C,C,C,C-,D,C,C
143,Nassau County (Central)--Hempstead Town (Northeast) PUMA,0.3562196561584753,0.3530352406242538,1.3680184960916408,1.020079339910204,0.9847348572229256,0.13921563251909383,0.4535306851858997,0.6678334153874991,B-,B-,A-,B,B,C,B-,B-
144,NYC-Brooklyn Community District 14--Flatbush & Midwood PUMA,0.15587709660027993,-0.41329539268465626,-0.470336045455961,-0.3714849778102974,-0.25969968985289427,-0.9818371004463596,-0.5235412056197757,-0.40918818789566636,C,C-,C-,C-,C-,D,C-,C-
145,"Rockland County (West)--Spring Valley, Suffern Villages & Monsey PUMA",0.3562196561584753,-0.3148965289161869,-0.6894710478033804,-1.5480160868130706,-1.3270369420425572,-0.6935186263706641,#DIV/0!,#DIV/0!,B-,C-,C-,D-,D-,C-,#DIV!0,#DIV!0
146,Capital Region,0.1723977269876706,0.6142800183554352,0.8983628307658423,0.6251428895068718,0.3603292462634286,-0.022873604308461533,0.6537106897896386,0.4716213996229179,C,B-,B,B-,B-,C,B-,B-
147,Central NY,0.9685989770759876,-1.8098091060418502,-1.925042905492056,-0.7324372852834211,-0.43308835201010837,-0.22474884546561186,-1.7728840385432465,-0.8470587936800438,B,E,E,C-,C-,C,E,D
148,Finger Lakes,-0.34753566393508595,0.07906120999319016,-0.9651554623950749,-0.41753296599282264,0.5492901396307512,-0.5219045781833356,0.31500870684336985,-0.1869669448627154,C-,C,D,C-,B-,C-,B-,C
149,Long Island,-0.3130953842775574,0.3307578089491068,1.012839614655171,1.1162289256790727,0.15313561960057603,1.0111359796229955,0.9806298487958091,0.613090344717882,C-,B-,B,B,C,B,B,B-
150,Mid-Hudson,0.0823493350599539,0.34029572011889164,0.5759310700671513,0.378530525890676,0.3071010778834433,-0.5254889593317805,0.3004377892514108,0.20845093699139233,C,B-,B-,B-,B-,C-,B-,C
151,Mohawk Valley,0.9685989770759876,0.04957525864038071,-0.03679955179515773,0.7536003992023428,1.358517389717198,1.3059538680696006,-1.5933299947478428,0.4008737637375012,B,C,C,B,A-,A-,D-,B-
152,New York City,-1.1090369799062392,0.23105895570102722,-0.08597621636747638,-0.4101901647017311,0.0330989784356009,-1.235946933604205,-0.10278045171992091,-0.3828246874518492,D,C,C,C-,C,D,C,C-
153,North Country,0.9685989770759876,-1.765686742856213,0.35980538446889376,0.21986668277321478,-2.4920867566958798,1.6589900335969527,0.17274770387078545,-0.1253949596808941,B,E,B-,C,E,A-,C,C
154,Southern Tier,-1.9302155227338225,1.1188393848129266,-0.3556751288992027,-0.9505534388224255,-0.1957650556443663,-1.1350129072755624,0.8052545567244385,-0.3775897302625735,E,B,C-,D,C,D,B,C-
155,Western NY,0.9685989770759876,0.5528988979418888,-0.22058934563490287,-1.5929100115024684,0.22130915774923066,-0.3238885307857119,-0.2866318897139082,-0.09731610640998345,B,B-,C,D-,C,C-,C-,C
