,puma,BABS_FT_Work_Total,BABS_FT_Work_M,BABS_FT_Work_F,HS_FT_Work_Total,HS_FT_Work_M,HS_FT_Work_F,HSINC_FT_Work_Total,HSINC_FT_Work_M,HSINC_FT_Work_F
0,Total Geo,86.64650600167488,90.60611057454477,82.78460654796093,80.65389429821983,88.31125480076813,70.90898676900166,79.1595512418668,87.1105793566794,65.83235311132108
1,"NYC-Manhattan Community District 9--Hamilton Heights, Manhattanville & West Harlem PUMA",82.01022604951561,85.14399771884801,79.21019108280255,84.47927799548746,93.14357321876119,67.4074074074074,73.83015597920277,100.0,0.0
2,Ulster County (East) PUMA,52.20994475138122,100.0,34.63476070528967,98.82777276825969,100.0,98.3790523690773,21.119592875318066,100.0,0.0
3,Albany County (East Central)--Albany City PUMA,80.2536231884058,73.18255250403877,84.47444551591128,96.33563462559745,94.43099273607749,100.0,76.64670658682635,76.64670658682635,#DIV/0!
4,Chemung (South) & Steuben (East) Counties--Greater Elmira & Greater Corning Cities PUMA,100.0,100.0,100.0,100.0,100.0,#DIV/0!,100.0,#DIV/0!,100.0
5,Ontario & Yates Counties PUMA,32.78688524590164,68.2051282051282,9.215017064846416,70.34883720930233,#DIV/0!,70.34883720930233,#DIV/0!,#DIV/0!,#DIV/0!
6,Suffolk County (North Central)--Brookhaven Town (North) PUMA,88.53974121996303,93.55191256830601,61.07784431137725,54.100367197062425,100.0,51.42487046632125,100.0,#DIV/0!,100.0
7,Westchester County (South Central)--New Rochelle & Mount Vernon Cities PUMA,93.2114374635285,100.0,85.2431289640592,72.86760858189429,93.75,58.214603739982195,100.0,100.0,100.0
8,"Clinton, Franklin, Essex & Hamilton Counties PUMA",100.0,100.0,100.0,100.0,#DIV/0!,100.0,100.0,#DIV/0!,100.0
9,Oneida County (Central)--Greater Utica & Rome Cities PUMA,90.8695652173913,100.0,83.65758754863813,75.13043478260869,90.75630252100841,0.0,79.19463087248322,100.0,0.0
10,"NYC-Bronx Community District 3 & 6--Belmont, Crotona Park East & East Tremont PUMA",69.40816893581551,65.90355577204092,74.0620957309185,86.04960677555958,93.20937752627324,75.3693096171239,67.67252689582787,84.71164309031556,51.79929042067917
11,Livingston & Wyoming Counties PUMA,100.0,100.0,100.0,100.0,#DIV/0!,100.0,10.5,100.0,0.0
12,NYC-Manhattan Community District 3--Chinatown & Lower East Side PUMA,76.88906752411575,86.45383951682484,68.54778028592928,82.22506393861893,93.05936073059361,72.7418065547562,100.0,#DIV/0!,100.0
13,Suffolk County (West Central)--Babylon Town (Northwest) PUMA,80.57874234835838,100.0,66.21490803484996,96.36406844106465,100.0,78.83817427385893,51.07784431137724,61.21951219512195,41.294117647058826
14,Broome County (West Central)--Greater Binghamton City & Greater Johnson City Village PUMA,41.787051899411445,60.16460905349794,7.64525993883792,46.842709529276696,0.0,50.37037037037037,71.29629629629629,100.0,0.0
15,Nassau County (Northwest)--North Hempstead Town (North) PUMA,88.14727308525299,92.7437641723356,81.02409638554217,82.76699029126213,97.53424657534246,71.0239651416122,78.96009673518742,100.0,62.5
16,Monroe County (Central)--Rochester City (East) PUMA,81.77874186550976,76.66666666666667,100.0,63.934426229508205,100.0,59.50920245398773,100.0,#DIV/0!,100.0
17,Westchester County (Northwest) PUMA,82.0754716981132,94.50736126840317,66.54879773691655,66.63195167673402,76.29009762900976,58.79245283018868,82.32421875,70.90032154340837,100.0
18,NYC-Brooklyn Community District 16--Brownsville & Ocean Hill PUMA,82.09219858156028,100.0,64.31095406360424,89.48734587929916,87.93445878848064,92.41573033707866,44.989775051124745,61.28133704735376,0.0
19,Onondaga County (Central)--Syracuse City PUMA,97.64851485148515,95.87404994571118,100.0,69.44971537001898,81.15577889447236,33.33333333333333,38.4083044982699,54.47154471544715,26.506024096385545
20,Westchester County (Northeast) PUMA,85.24681087077094,85.13119533527697,85.40051679586563,67.2055427251732,100.0,23.90139335476956,58.655043586550434,100.0,17.412935323383085
21,Madison & Cortland Counties PUMA,73.125,100.0,63.559322033898304,#DIV/0!,#DIV/0!,#DIV/0!,100.0,#DIV/0!,100.0
22,Erie County (West Central)--Buffalo City (West) PUMA,71.74427782162589,51.946308724832214,100.0,76.37130801687763,91.17221418234442,55.66801619433198,63.86105544422178,26.193724420190996,100.0
23,Monroe County (Central)--Rochester City (West) PUMA,37.06293706293706,37.06293706293706,#DIV/0!,47.136273864384464,65.599173553719,14.700544464609798,100.0,100.0,#DIV/0!
24,Suffolk County (Central)--Islip Town (East) PUMA,94.15156507413509,100.0,88.65814696485623,100.0,100.0,100.0,100.0,#DIV/0!,100.0
25,Nassau County (Central)--Hempstead Town (East Central) PUMA,84.72121650977552,90.10989010989012,70.52631578947368,79.71014492753623,100.0,68.1260945709282,100.0,100.0,#DIV/0!
26,"NYC-Bronx Community District 5--Morris Heights, Fordham South & Mount Hope PUMA",92.32182218956649,97.09379128137384,86.34105960264901,79.70625617850587,86.03351955307262,71.77855552020362,73.26962809917356,74.2509769865393,71.82919056724027
27,St. Lawrence County PUMA,76.65198237885463,100.0,0.0,100.0,#DIV/0!,100.0,#DIV/0!,#DIV/0!,#DIV/0!
28,Columbia & Greene Counties PUMA,90.625,100.0,54.54545454545454,86.20689655172413,100.0,0.0,#DIV/0!,#DIV/0!,#DIV/0!
29,NYC-Brooklyn Community District 2--Brooklyn Heights & Fort Greene PUMA,87.04965920155794,87.03999999999999,87.05625341343529,90.7843137254902,100.0,84.74025974025975,22.61904761904762,33.92857142857143,0.0
30,"NYC-Queens Community District 8--Briarwood, Fresh Meadows & Hillcrest PUMA",74.98305741117242,78.30832196452933,70.61590145576709,76.16120906801007,85.6234096692112,59.802034643937304,78.39272175890827,73.85159010600707,81.80610889774236
31,Monroe County (North & West) PUMA,#DIV/0!,#DIV/0!,#DIV/0!,100.0,100.0,100.0,#DIV/0!,#DIV/0!,#DIV/0!
32,Schenectady County--Schenectady City PUMA,100.0,100.0,100.0,100.0,100.0,100.0,100.0,100.0,#DIV/0!
33,"Rockland County (West)--Spring Valley, Suffern Villages & Monsey PUMA",83.6801752464403,81.75965665236052,85.68232662192393,88.52883992222942,100.0,82.04868154158214,64.02470406587751,62.5,65.64156945917286
34,Niagara County (North & East) PUMA,100.0,100.0,100.0,100.0,#DIV/0!,100.0,100.0,100.0,100.0
35,Suffolk County (Central)--Brookhaven Town (Central) PUMA,62.60069044879172,100.0,19.35483870967742,87.98151001540832,100.0,50.73684210526316,100.0,#DIV/0!,100.0
36,Suffolk County (East) PUMA,82.0040899795501,100.0,72.06349206349206,72.37384645591989,81.32530120481928,62.61797291752155,89.03259182617693,100.0,71.03825136612022
37,Warren & Washington Counties PUMA,61.96868008948546,0.0,100.0,100.0,100.0,100.0,100.0,100.0,#DIV/0!
38,NYC-Queens Community District 6--Forest Hills & Rego Park PUMA,93.47134992633947,94.74097331240189,92.64196897833611,87.07466918714556,92.98434970318402,82.47162673392182,100.0,#DIV/0!,100.0
39,"NYC-Brooklyn Community District 9--Crown Heights South, Prospect Lefferts & Wingate PUMA",83.52996696554979,74.44444444444444,86.63711209626345,91.2027199320017,100.0,82.09342560553632,63.94849785407726,100.0,30.57851239669421
40,Westchester County (Central)--White Plains City PUMA,89.92420864913063,97.1018492961634,81.55183515775917,80.65511919053336,80.96867596735983,80.06889763779527,66.53726708074534,89.95535714285714,54.047619047619044
41,"NYC-Bronx Community District 1 & 2--Hunts Point, Longwood & Melrose PUMA",84.14675193537529,83.99089529590287,84.27102238354507,81.12061827215015,87.12423516892791,74.64869515342701,70.87452471482891,81.78589548452561,38.23975720789075
42,Erie County (North Central) PUMA,97.57738896366084,100.0,95.25899912203687,73.59550561797754,100.0,38.69565217391304,100.0,100.0,100.0
43,Chautauqua County PUMA,100.0,100.0,100.0,66.96035242290749,66.96035242290749,#DIV/0!,100.0,100.0,#DIV/0!
44,Dutchess County (Southwest) PUMA,79.92733878292462,100.0,62.125107112253644,84.86080700656866,90.4835390946502,76.13727055067837,54.31400282885431,100.0,36.039603960396036
45,Westchester County (Southeast) PUMA,85.56894243641231,100.0,61.2508986340762,88.6056971514243,100.0,64.09448818897637,73.0232558139535,84.10078192875761,37.005649717514125
46,Rockland County (North)--New City & Congers PUMA,85.88570266422614,79.82306907111261,94.8938321536906,81.87919463087249,78.62728062554301,84.44902162718847,91.45962732919256,100.0,48.113207547169814
47,NYC-Staten Island Community District 2--New Springville & South Beach PUMA,78.38709677419354,94.7871416159861,56.53935185185185,67.1941570298235,62.432915921288014,69.64944649446494,10.263157894736842,100.0,0.0
48,Suffolk County (Southwest)--Islip Town (South) PUMA,92.66055045871559,100.0,80.85106382978722,62.40266963292548,62.40266963292548,#DIV/0!,70.7165109034268,100.0,0.0
49,Erie County (West Central)--Buffalo City (East) PUMA,52.18631178707225,47.8502080443828,61.631419939577036,73.51247600767753,68.24953445065177,85.07157464212679,#DIV/0!,#DIV/0!,#DIV/0!
50,Wayne & Seneca Counties PUMA,38.613861386138616,100.0,0.0,100.0,#DIV/0!,100.0,#DIV/0!,#DIV/0!,#DIV/0!
51,Monroe County (South) PUMA,96.74826452320059,93.75876577840113,100.0,72.98091042584434,100.0,24.897959183673468,100.0,100.0,100.0
52,Tompkins County PUMA,69.13875598086125,83.30341113105925,57.81922525107605,86.60030627871363,100.0,81.71368861024033,#DIV/0!,#DIV/0!,#DIV/0!
53,Suffolk County (South Central)--Brookhaven Town (South) PUMA,92.78252611585945,89.94708994708994,100.0,90.9502262443439,100.0,86.2621637092158,100.0,100.0,100.0
54,"Otsego, Schoharie, Oneida (South) & Herkimer (South) Counties PUMA",80.97560975609757,59.79381443298969,100.0,100.0,100.0,100.0,0.0,#DIV/0!,0.0
55,NYC-Manhattan Community District 8--Upper East Side PUMA,84.96417883377165,90.14052061736926,81.60335028417589,96.78688524590164,92.51908396946565,100.0,#DIV/0!,#DIV/0!,#DIV/0!
56,"NYC-Manhattan Community District 1 & 2--Battery Park City, Greenwich Village & Soho PUMA",84.28220584951998,100.0,79.85117344018317,100.0,100.0,#DIV/0!,#DIV/0!,#DIV/0!,#DIV/0!
57,"NYC-Manhattan Community District 12--Washington Heights, Inwood & Marble Hill PUMA",92.59803921568628,90.88937093275487,94.00715563506262,75.03219989696032,86.07070707070707,55.61478322672353,74.04697728147863,72.93172690763052,100.0
58,NYC-Brooklyn Community District 18--Canarsie & Flatlands PUMA,92.24587315377933,89.21087828800714,95.12918254976704,83.21540880503144,86.19934282584884,80.47738693467336,73.80254154447702,89.12732474964234,40.74074074074074
59,"NYC-Bronx Community District 12--Wakefield, Williamsbridge & Woodlawn PUMA",84.12952869509458,87.23608445297505,82.57101588830044,65.50112191473448,91.14114114114115,40.052160953800296,63.13223644119439,54.48195576251456,72.63427109974424
60,Suffolk County (Central)--Islip Town (Northwest) PUMA,88.7997081357169,84.01727861771057,93.71301775147928,88.71719211057618,88.1555766364006,89.47081287506819,90.76063601203266,97.3744292237443,82.18163869693979
61,"NYC-Queens Community District 14--Far Rockaway, Breezy Point & Broad Channel PUMA",93.38825517532742,100.0,86.34976013955516,74.38292194796531,89.20634920634922,49.09747292418773,65.4727793696275,#DIV/0!,65.4727793696275
62,Saratoga County (South & Central) PUMA,79.5738427626745,100.0,26.063829787234045,100.0,100.0,#DIV/0!,100.0,100.0,#DIV/0!
63,Cattaraugus & Allegany Counties PUMA,86.86131386861314,100.0,0.0,100.0,#DIV/0!,100.0,#DIV/0!,#DIV/0!,#DIV/0!
64,Genesee & Orleans Counties PUMA,#DIV/0!,#DIV/0!,#DIV/0!,100.0,100.0,#DIV/0!,#DIV/0!,#DIV/0!,#DIV/0!
65,Cayuga & Onondaga (South) Counties PUMA,100.0,100.0,100.0,78.48101265822784,100.0,60.15625,100.0,100.0,#DIV/0!
66,Sullivan & Ulster (West) Counties PUMA,100.0,100.0,100.0,64.02753872633392,69.60132890365448,58.03571428571429,78.86435331230284,78.86435331230284,#DIV/0!
67,"NYC-Bronx Community District 7--Bedford Park, Fordham North & Norwood PUMA",88.71711418497424,92.98331697742886,83.4445118253487,81.25,87.58228605625375,61.97632058287796,52.44716351501668,45.123537061118334,57.92031098153547
68,Suffolk County (Central)--Brookhaven Town (West Central) PUMA,94.47513812154696,100.0,87.59048603929679,95.31329597554763,100.0,85.32695374800639,100.0,100.0,100.0
69,NYC-Queens Community District 1--Astoria & Long Island City PUMA,90.0947586615339,100.0,79.13287585776668,81.36040944361895,85.54973821989529,77.6002506265664,70.34534534534535,72.88557213930348,66.47727272727273
70,Jefferson & Lewis Counties PUMA,82.78388278388277,58.22222222222222,100.0,45.760233918128655,83.18042813455658,11.484593837535014,0.0,#DIV/0!,0.0
71,Nassau County (West Central)--Hempstead Town (Northwest) PUMA,86.9322278298486,88.23529411764706,85.92852584556478,87.3713550600343,100.0,64.43236714975845,82.66666666666667,89.09382518043304,62.779156327543426
72,Nassau County (Central)--Hempstead Town (North Central)--Meadowbrook Corridor PUMA,95.98230740877257,91.28,100.0,86.26234489744239,96.86828369665335,78.81921999569059,94.4954128440367,100.0,66.54275092936803
73,Orange County (Northeast)--Greater Newburgh City PUMA,94.73015873015873,100.0,91.76587301587301,88.54127402940067,96.93763919821826,70.94515752625438,100.0,100.0,#DIV/0!
74,"NYC-Bronx Community District 11--Pelham Parkway, Morris Park & Laconia PUMA",93.93019726858877,100.0,90.64874342489772,58.50942318675043,58.79145842798727,58.03228285933897,77.92823290453622,77.62512266928361,78.60262008733623
75,"NYC-Queens Community District 12--Jamaica, Hollis & St. Albans PUMA",90.44117647058823,100.0,75.20231213872832,80.25766871165644,89.55901426718547,68.04767309875142,74.71517824329291,80.6226516371444,61.88811188811189
76,Erie County (Central) PUMA,66.57608695652173,39.10891089108911,100.0,49.21602787456446,73.66362451108213,0.0,#DIV/0!,#DIV/0!,#DIV/0!
77,"NYC-Staten Island Community District 1--Port Richmond, Stapleton & Mariner's Harbor PUMA",87.35066760365426,89.03036238981392,86.08094768015795,84.9530777795451,86.87392055267703,81.46821844225605,94.22275163787968,100.0,84.74842767295597
78,"NYC-Brooklyn Community District 15--Sheepshead Bay, Gerritsen Beach & Homecrest PUMA",91.06371490280777,100.0,85.65857885615252,74.21645445641528,65.63116370808679,82.68482490272373,77.93103448275862,75.62568008705114,100.0
79,"NYC-Bronx Community District 8--Riverdale, Fieldston & Kingsbridge PUMA",74.46110590440487,81.20624663435649,69.26586478639568,71.00394928289336,94.18822647169104,42.16417910447761,83.2012678288431,84.26791277258567,82.09677419354838
80,NYC-Brooklyn Community District 5--East New York & Starrett City PUMA,87.25972284309343,86.99271592091571,87.46081504702194,89.75197384161416,95.65703337058918,83.8591459528362,93.33989501312337,91.46198830409357,95.73991031390135
81,Onondaga County (Central)--Syracuse City (Outer) PUMA,97.58149316508938,100.0,95.95070422535211,43.06569343065693,100.0,36.0655737704918,100.0,100.0,#DIV/0!
82,"NYC-Manhattan Community District 6--Murray Hill, Gramercy & Stuyvesant Town PUMA",95.24280242184604,91.26191556967771,100.0,100.0,100.0,100.0,0.0,#DIV/0!,0.0
83,"Chenango, Delaware & Broome (East) Counties PUMA",100.0,100.0,100.0,0.0,0.0,0.0,68.46846846846847,68.46846846846847,#DIV/0!
84,Orange County (Northwest) PUMA,94.73314606741573,100.0,89.80978260869566,68.23193140057167,87.1304347826087,51.50115473441108,100.0,#DIV/0!,100.0
85,NYC-Brooklyn Community District 7--Sunset Park & Windsor Terrace PUMA,92.49487704918032,95.93663911845731,90.4567699836868,74.23220973782772,81.06704438149197,66.5606783253842,73.47157668930997,89.28823114869627,57.18432510885341
86,Nassau County (Northeast)--Oyster Bay Town (North) & Glen Cove City PUMA,97.64674060048688,100.0,95.60161779575328,74.79861910241658,100.0,43.41085271317829,100.0,100.0,#DIV/0!
87,Dutchess County (North & East) PUMA,56.455399061032864,57.60517799352751,55.80110497237569,91.37749737118823,100.0,71.72413793103448,91.19565217391305,100.0,0.0
88,Putnam County PUMA,95.59023066485753,100.0,91.89526184538653,100.0,100.0,100.0,100.0,100.0,100.0
89,Albany County (Outside Albany City) PUMA,99.27227101631117,100.0,98.52266938359654,100.0,100.0,100.0,100.0,100.0,100.0
90,"NYC-Bronx Community District 10--Co-op City, Pelham Bay & Schuylerville PUMA",92.75751072961373,100.0,46.6403162055336,76.70623145400593,100.0,68.30417227456257,100.0,100.0,100.0
91,NYC-Queens Community District 4--Elmhurst & South Corona PUMA,67.9972402917406,80.41317179248215,46.44012944983819,88.8037928519329,89.90705303444506,87.4230190228548,93.79722368652259,100.0,74.06318883174137
92,"NYC-Brooklyn Community District 12--Borough Park, Kensington & Ocean Parkway PUMA",85.77215189873417,85.17628205128204,86.79504814305365,66.81383370125093,65.45559400230681,69.20731707317073,75.07598784194529,74.04980340760157,78.57142857142857
93,Nassau County (Southeast)--Oyster Bay Town (South) PUMA,92.51559251559252,100.0,79.3103448275862,100.0,100.0,#DIV/0!,#DIV/0!,#DIV/0!,#DIV/0!
94,Suffolk County (Northwest)--Huntington Town (South) PUMA,88.24338260570643,100.0,75.98314606741573,100.0,100.0,100.0,100.0,100.0,#DIV/0!
95,Oswego County PUMA,#DIV/0!,#DIV/0!,#DIV/0!,#DIV/0!,#DIV/0!,#DIV/0!,#DIV/0!,#DIV/0!,#DIV/0!
96,Rensselaer County--Troy City PUMA,89.65724594107036,95.3241232731137,82.27146814404432,100.0,100.0,#DIV/0!,100.0,#DIV/0!,100.0
97,Saratoga County (Outer) PUMA,85.6492027334852,100.0,0.0,45.3416149068323,#DIV/0!,45.3416149068323,#DIV/0!,#DIV/0!,#DIV/0!
98,Herkimer (North & Central) & Oneida (Outer) Counties PUMA,#DIV/0!,#DIV/0!,#DIV/0!,#DIV/0!,#DIV/0!,#DIV/0!,100.0,#DIV/0!,100.0
99,Monroe County (East) PUMA,100.0,100.0,100.0,45.90747330960854,100.0,0.0,0.0,#DIV/0!,0.0
100,"NYC-Queens Community District 13--Queens Village, Cambria Heights & Rosedale PUMA",83.61210480518226,85.63369687852577,81.4726368159204,83.66571699905033,84.41346850108616,82.84059129045146,87.76844070961718,88.3693045563549,85.65400843881856
101,Erie County (South) PUMA,100.0,100.0,#DIV/0!,#DIV/0!,#DIV/0!,#DIV/0!,#DIV/0!,#DIV/0!,#DIV/0!
102,Monroe County (Central)--Greece & Gates Towns PUMA,100.0,100.0,100.0,100.0,100.0,100.0,100.0,100.0,#DIV/0!
103,NYC-Manhattan Community District 7--Upper West Side & West Side PUMA,91.93567742709709,92.45450510430537,91.32479749150771,85.2796052631579,83.78623188405797,100.0,78.93738140417457,100.0,0.0
104,NYC-Manhattan Community District 11--East Harlem PUMA,92.12303075768942,100.0,87.61061946902655,83.99768919699596,66.38349514563106,100.0,88.65010073875084,100.0,54.44743935309974
105,"NYC-Queens Community District 7--Flushing, Murray Hill & Whitestone PUMA",78.92407218249915,80.06,78.0823947836396,79.59409354062316,90.7293550331525,66.54422153150608,71.90889370932754,97.23876556578234,46.49646931015752
106,NYC-Brooklyn Community District 1--Greenpoint & Williamsburg PUMA,81.95368034854391,83.85321100917432,80.05502063273727,90.10708822029578,96.55455291222313,79.51482479784366,70.83333333333334,64.39024390243902,76.09561752988047
107,Onondaga County (North) PUMA,92.33278955954323,100.0,76.26262626262627,86.08964451313756,100.0,76.80412371134021,77.9385171790235,100.0,60.26058631921825
108,NYC-Brooklyn Community District 14--Flatbush & Midwood PUMA,96.65150888797024,100.0,94.94066208619613,81.75431553592935,93.54838709677419,50.184501845018445,100.0,100.0,100.0
109,"Rockland County (South)--Orangetown, Clarkstown (South) & Ramapo (Southeast) Towns PUMA",88.75,72.95918367346938,94.65648854961832,62.50781738586617,80.45580110497238,47.65714285714286,100.0,100.0,#DIV/0!
110,NYC-Brooklyn Community District 13--Brighton Beach & Coney Island PUMA,86.6622864651774,92.82868525896414,74.7104247104247,81.12220637184974,88.76080691642652,73.6346516007533,82.10227272727273,100.0,56.25
111,"NYC-Bronx Community District 4--Concourse, Highbridge & Mount Eden PUMA",93.33668594417904,81.39044943820225,100.0,66.0423539427477,76.38922591603979,57.960576194086435,68.90715667311412,70.74766355140187,66.93386773547094
112,Erie County (Northeast) PUMA,100.0,100.0,100.0,100.0,100.0,#DIV/0!,#DIV/0!,#DIV/0!,#DIV/0!
113,NYC-Brooklyn Community District 8--Crown Heights North & Prospect Heights PUMA,93.62637362637362,95.05169867060562,89.48497854077253,55.59302979201799,68.86792452830188,40.24242424242424,70.47387606318347,64.05325443786982,100.0
114,NYC-Queens Community District 3--Jackson Heights & North Corona PUMA,79.578500245058,76.17924528301887,81.37965508622844,85.49317325800376,92.36218944099379,74.9102870813397,85.61261512698856,90.54132151801194,72.65822784810126
115,Fulton & Montgomery Counties PUMA,100.0,100.0,#DIV/0!,#DIV/0!,#DIV/0!,#DIV/0!,#DIV/0!,#DIV/0!,#DIV/0!
116,Niagara County (Southwest)--Greater Niagara Falls & North Tonawanda Area PUMA,100.0,100.0,#DIV/0!,100.0,100.0,100.0,100.0,#DIV/0!,100.0
117,"Steuben (North & West), Schuyler & Chemung (North) Counties PUMA",85.3146853146853,100.0,69.11764705882352,0.0,#DIV/0!,0.0,100.0,100.0,100.0
118,NYC-Brooklyn Community District 4--Bushwick PUMA,65.63912864775997,66.45279560036663,64.97764530551416,84.95593359294938,100.0,71.51726814124952,79.17737789203085,100.0,53.38129496402878
119,"NYC-Manhattan Community District 4 & 5--Chelsea, Clinton & Midtown Business District PUMA",90.15682349015682,94.91386382280558,86.89538807649045,41.6371158392435,45.587076438140265,29.78723404255319,100.0,100.0,100.0
120,"NYC-Brooklyn Community District 6--Park Slope, Carroll Gardens & Red Hook PUMA",89.42598187311178,94.55231930960086,84.10744264129826,94.03630077787382,100.0,86.06060606060606,100.0,#DIV/0!,100.0
121,NYC-Brooklyn Community District 3--Bedford-Stuyvesant PUMA,95.79375848032564,100.0,90.91796875,77.28531855955679,100.0,48.26498422712934,100.0,100.0,100.0
122,NYC-Queens Community District 10--Howard Beach & Ozone Park PUMA,81.8354550636519,81.15064345193036,82.52575352918733,72.50641911909935,85.33933258342708,58.2220367278798,77.9495990836197,82.0294345468629,66.37362637362637
123,Suffolk County (Northwest)--Huntington Town (North) PUMA,46.770833333333336,65.02835538752363,24.361948955916475,83.7809373354397,85.16275548826646,80.62283737024222,40.131578947368425,100.0,0.0
124,Orange County (Southeast) PUMA,91.7684887459807,100.0,83.22411533420708,80.79161816065192,100.0,64.13043478260869,100.0,100.0,100.0
125,Nassau County (East Central)--Oyster Bay Town (Central) PUMA,90.42709867452136,97.23160027008778,85.16196447230931,90.53273427471117,97.30579254602605,73.56580427446569,100.0,100.0,100.0
126,Suffolk County (Northwest)--Smithtown Town PUMA,74.43308136949756,78.55887521968366,70.20702070207021,62.03605514316013,65.9047619047619,57.17703349282297,0.0,#DIV/0!,0.0
127,"NYC-Brooklyn Community District 17--East Flatbush, Farragut & Rugby PUMA",96.93558474046279,94.23529411764706,100.0,88.14432989690721,100.0,77.09332349686463,100.0,100.0,100.0
128,"NYC-Bronx Community District 9--Castle Hill, Clason Point & Parkchester PUMA",92.5851027974385,96.13809245172615,87.75834658187598,78.01260300533204,80.62109646079112,74.70885519666007,78.890756302521,74.23728813559322,89.45054945054946
129,NYC-Queens Community District 9--Richmond Hill & Woodhaven PUMA,87.5341574495771,99.17780061664953,75.58660690746112,87.30257430667827,85.96130094689173,89.34967012252592,64.70829909613805,66.83621566632758,55.769230769230774
130,Westchester County (Southwest)--Yonkers City PUMA,87.82115448782115,91.89511323003575,82.63836239575436,76.63663011616545,86.651144741948,63.914222331772244,82.7419812659665,94.65361445783132,46.251441753171854
131,Broome (Outer West) & Tioga Counties PUMA,49.28909952606635,#DIV/0!,49.28909952606635,100.0,100.0,#DIV/0!,100.0,100.0,#DIV/0!
132,NYC-Brooklyn Community District 10--Bay Ridge & Dyker Heights PUMA,91.5615141955836,93.89989572471325,89.18345705196182,72.79549718574108,75.26193247962748,69.93243243243244,83.91337973704563,93.24116743471582,74.45482866043614
133,"NYC-Queens Community District 5--Ridgewood, Glendale & Middle Village PUMA",91.43312101910827,95.64954682779457,86.73400673400673,78.37801427994073,91.48296593186373,63.13028271640921,82.22730739893211,100.0,55.3639846743295
134,NYC-Manhattan Community District 10--Central Harlem PUMA,86.5523465703971,79.05500705218617,92.13011542497377,81.47858400156464,100.0,60.176619007569386,67.06565107000363,82.33517866129844,27.66233766233766
135,"NYC-Queens Community District 11--Bayside, Douglaston & Little Neck PUMA",84.19254658385094,96.4599609375,75.16175413371676,89.3004855241863,95.05830094392005,78.71362940275651,92.3154701718908,100.0,87.89808917197452
136,Erie County (Northwest) PUMA,34.810126582278485,57.89473684210527,0.0,100.0,100.0,100.0,100.0,100.0,#DIV/0!
137,NYC-Queens Community District 2--Sunnyside & Woodside PUMA,92.40578067441201,94.30821550026847,90.28,86.3072825787492,92.13194129217733,77.31308411214954,88.17619783616692,100.0,70.65217391304348
138,Suffolk County (Southwest)--Babylon Town (Southeast) PUMA,100.0,100.0,100.0,81.61904761904762,84.31734317343174,78.74015748031496,100.0,100.0,#DIV/0!
139,"NYC-Staten Island Community District 3--Tottenville, Great Kills & Annadale PUMA",85.20041109969168,84.45692883895131,86.10478359908885,87.36,100.0,66.23931623931624,63.624678663239074,100.0,0.0
140,Nassau County (West Central)--Hempstead Town (West Central) PUMA,84.56641053787047,100.0,73.90497401633259,86.12971111536254,92.79742765273312,76.33443552196505,100.0,100.0,#DIV/0!
141,Nassau County (Central)--Hempstead Town (Northeast) PUMA,94.19674451521585,97.77657266811279,91.44050104384134,100.0,100.0,100.0,100.0,100.0,100.0
142,Nassau County (Southwest)--Hempstead Town (Southwest) & Long Beach City PUMA,100.0,100.0,100.0,77.66013763896241,100.0,63.683304647160064,100.0,100.0,100.0
143,NYC-Brooklyn Community District 11--Bensonhurst & Bath Beach PUMA,87.62714225999721,88.29137130285993,86.74659753726507,75.6000880863246,84.63361283266497,61.81868743047831,65.08411214953271,69.37557392102846,46.27766599597585
144,Nassau County (South Central)--Hempstead Town (Southeast) PUMA,96.09224855861626,100.0,94.38822447102115,90.18503620273532,84.51776649746193,100.0,78.67036011080333,100.0,0.0
145,Nassau County (West Central)--North Hempstead Town (South) PUMA,89.08902997194744,94.03634502175582,82.34473133286811,73.77128953771289,76.75324675324676,69.94444444444444,78.59290438965725,79.77430555555556,75.92954990215264
146,Capital Region,90.39985426723746,93.60377040902205,86.62167526796348,94.64463468046984,97.53483386923901,91.00719424460432,89.45945945945945,88.03680981595092,100.0
147,Central NY,95.70290267501423,97.97008547008546,93.11814859926918,72.64189465087792,88.48810437452033,54.62478184991274,71.64461247637051,88.91089108910892,55.87703435804702
148,Finger Lakes,86.70528817587642,87.13375796178345,86.10616316351977,68.93395993074449,84.67556373676945,50.64171122994653,72.91993720565148,100.0,56.21827411167513
149,Long Island,88.85217177461499,94.30131272236535,83.37851993345247,85.23992375479985,91.62566375992594,76.87595712098009,87.08605195124954,95.26078234704113,71.59320422953547
150,Mid-Hudson,87.0248989146627,93.3355179617417,80.20108960446473,77.68106931924153,88.55912071204587,66.05982674607472,77.38392701493405,90.38635951387629,54.1969917515769
151,Mohawk Valley,91.31968948482711,95.09433962264151,86.49517684887459,80.64952638700947,91.23505976095618,58.22784810126582,84.54301075268818,100.0,70.51282051282051
152,New York City,86.29398430935014,89.80070081614963,83.04883105935458,80.45506985885184,87.58520706822036,71.06429276517254,77.3507321313156,84.53863559427727,65.34765404183153
153,North Country,84.52631578947368,81.53241650294696,87.98185941043084,56.09467455621302,83.18042813455658,38.996138996138995,82.78688524590164,#DIV/0!,82.78688524590164
154,Southern Tier,61.71483162168617,72.20616570327553,51.397441970630034,71.64468580294803,87.71695594125501,65.06287588846365,88.81069669247009,95.83333333333334,78.65748709122204
155,Western NY,81.50373735893302,76.53393438517405,88.51590106007066,72.12992346462572,79.76758045292014,59.320339830084954,74.33586337760912,44.908350305498985,100.0
