,puma,Unemployment_BABS_score,FT_Work_BABS_score,Poverty_BABS_score,Working_Poor_BABS_score,Rent_Burden_BABS_score,Home_Ownership_BABS_score,Income_level_BABS_score,Overall_BABS_score,Unemployment_HS_score,FT_Work_HS_score,Poverty_HS_score,Working_Poor_HS_score,Rent_Burden_HS_score,Home_Ownership_HS_score,Income_level_HS_score,Overall_HS_score,Unemployment_BABS_grade,FT_Work_BABS_grade,Poverty_BABS_grade,Working_Poor_BABS_grade,Rent_Burden_BABS_grade,Home_Ownership_BABS_grade,Income_level_BABS_grade,Overall_BABS_grade,Unemployment_HS_grade,FT_Work_HS_grade,Poverty_HS_grade,Working_Poor_HS_grade,Income_level_HS_grade,Rent_Burden_HS_grade,Home_Ownership_HS_grade,Overall_HS_grade
0,Total Geo,0.09570572551071858,0.010708261646317224,0.08243709656779577,0.09124181095379158,0.1954392366668351,-0.2921475045385538,-0.10830802413360922,0.010725228953327887,0.10710861323434237,-0.050412413154618384,0.05934885972317336,-0.0700120633906765,0.14144557511322148,-0.3378517620334097,0.17415767004739688,0.003397782791347067,C,C,C,C,C,C-,C,C,C,C,C,C,C,C,C-,C
1,NYC-Manhattan Community District 7--Upper West Side & West Side PUMA,-0.21655341230348985,0.8678756848303794,0.17149406507048448,0.25925000550103905,0.327733324917462,-0.21477009977051026,-0.3764348157713415,0.11694210749628905,#DIV/0!,-0.5996408157219922,0.25390880498782165,0.5134200745840555,0.29762897011175465,-0.7315995394687499,0.08531650890779412,#DIV/0!,C,B,C,B-,B-,C,C-,C,#DIV!0,C-,B-,B-,C,B-,C-,#DIV!0
2,Nassau County (West Central)--Hempstead Town (Northwest) PUMA,0.036055482117372015,-0.5294621774468993,0.10372264325209227,0.2557239171551441,#DIV/0!,0.054349592424816656,-0.7437046345522835,#DIV/0!,0.038933328909029785,0.6848057224754205,0.5673184354939882,-0.2553610629163426,0.42141982018684604,-0.18672997898101518,-0.08216906213959925,0.16974531471833249,C,C-,C,B-,#DIV!0,C,C-,#DIV!0,C,B-,B-,C-,C,B-,C,C
3,NYC-Brooklyn Community District 2--Brooklyn Heights & Fort Greene PUMA,0.10485677773888485,-0.2996295499545754,-0.4172936954894128,-0.054349816855825774,0.4357702913004452,-0.27164725908514686,0.4527616447684345,-0.007075943939599459,0.3027213772117548,0.19794482125008467,0.195555354853612,-0.7515866839257392,0.1513813139686385,-0.4990374991557579,-0.48833284726771214,-0.12733630900930276,C,C-,C-,C,B-,C-,B-,C,B-,C,C,D,C-,C,C-,C
4,Madison & Cortland Counties PUMA,0.25485535004142784,1.1725221859140091,0.7883145197389452,0.25925000550103905,#DIV/0!,0.4265530066661626,0.5441459343659942,#DIV/0!,0.3027213772117548,1.1460655116825047,0.6710759889138269,0.5134200745840555,#DIV/0!,-0.2540235805536924,0.36868097854025367,#DIV/0!,B-,B,B,B-,#DIV!0,B-,B-,#DIV!0,B-,B,B-,B-,B-,#DIV!0,C-,#DIV!0
5,Ontario & Yates Counties PUMA,0.25485535004142784,-2.7481625262802836,0.7883145197389452,0.25925000550103905,0.626178095739527,0.138850241977071,0.08974056773290415,-0.08442482079276703,-0.6093576112542429,-3.102237895495524,-0.2437388052640391,#DIV/0!,0.9088518536502581,-0.12961786609586892,-1.9641966935259403,#DIV/0!,B-,E,B,B-,B-,C,C,C,C-,E,C,#DIV!0,E,B,C,#DIV!0
6,Monroe County (Central)--Greece & Gates Towns PUMA,0.25485535004142784,-4.701813455064086,-0.6739817009954667,#DIV/0!,0.626178095739527,-2.053548778288657,-1.3861604238520693,#DIV/0!,0.3027213772117548,1.119213448285438,-0.2752633093626909,-2.036408295322757,-1.7055639160730753,0.008208219755205857,-0.34331313046046114,-0.4186293722809409,B-,E,C-,#DIV!0,B-,E,D-,#DIV!0,B-,B,C-,E,C-,D-,C,C-
7,Nassau County (East Central)--Oyster Bay Town (Central) PUMA,0.25485535004142784,-0.5516701566809107,0.4749914241587883,0.25925000550103905,0.626178095739527,0.20913051573543992,-0.1984653849000357,0.15346712137075366,0.0944417753148087,0.13864531767879087,0.6710759889138269,#DIV/0!,-0.1994853215654484,-0.19587975177048178,0.6307672751257576,#DIV/0!,B-,C-,B-,B-,B-,C,C,C,C,C,B-,#DIV!0,B-,C,C,#DIV!0
8,"Clinton, Franklin, Essex & Hamilton Counties PUMA",0.25485535004142784,-2.756595095814509,0.7883145197389452,0.25925000550103905,#DIV/0!,0.8085420018350548,-0.16868748105363104,#DIV/0!,0.025468282055128345,-2.3445225541011854,-0.45690212995470353,0.5134200745840555,-1.057036021670584,0.16024775443653977,-1.1634069722555542,-0.6175330809866147,B-,E,B,B-,#DIV!0,B,C,#DIV!0,C,E,C-,B-,D,D,C,C-
9,NYC-Manhattan Community District 8--Upper East Side PUMA,0.12175894907670805,-0.03655713014930469,0.3486947381865135,0.2317954483989055,0.13101971308851307,-0.3465318726206648,-0.5243370637797825,-0.010593888257015975,#DIV/0!,-0.24827266167876594,-0.15745296288051508,0.5134200745840555,#DIV/0!,-0.29625607781200786,-0.33928643978209355,#DIV/0!,C,C,B-,C,C,C-,C-,C,#DIV!0,C,C,B-,C-,#DIV!0,C-,#DIV!0
10,Suffolk County (Southwest)--Islip Town (South) PUMA,0.25485535004142784,-0.26213895015741234,#DIV/0!,#DIV/0!,#DIV/0!,-0.7883240480119325,-0.3440081174468472,#DIV/0!,0.3027213772117548,0.45021651870645846,0.6710759889138269,#DIV/0!,#DIV/0!,0.03814817434624932,-1.7621662580356512,#DIV/0!,B-,C-,#DIV!0,#DIV!0,#DIV!0,D,C-,#DIV!0,B-,B-,B-,#DIV!0,E,#DIV!0,C,#DIV!0
11,Erie County (Northwest) PUMA,0.25485535004142784,1.109103640795126,0.7461482267491999,#DIV/0!,0.626178095739527,-1.4295011221042413,-0.1521206535427889,#DIV/0!,#DIV/0!,#DIV/0!,0.6710759889138269,#DIV/0!,0.9088518536502581,-0.2559326896611104,-1.9641966935259403,#DIV/0!,B-,B,B-,#DIV!0,B-,D-,C,#DIV!0,#DIV!0,#DIV!0,B-,#DIV!0,E,B,C-,#DIV!0
12,"NYC-Queens Community District 8--Briarwood, Fresh Meadows & Hillcrest PUMA",0.12339243873077613,0.2534586777608529,0.2436047439634658,0.17736600441653577,0.5156347677156796,0.04892745037770181,0.2817563674763448,0.23487720720590813,-1.797829369672224,-0.08883750807986829,0.21253172328534414,#DIV/0!,0.33515681539956266,-0.08109887763831901,-0.3496718120175051,#DIV/0!,C,B-,C,C,B-,C,B-,C,E,C,C,#DIV!0,C-,B-,C,#DIV!0
13,NYC-Brooklyn Community District 5--East New York & Starrett City PUMA,0.109587922574418,0.7285067308430144,-0.10610294613041511,#DIV/0!,-0.09057314509651959,-1.2311488336606065,0.9212677528276246,#DIV/0!,0.1663676223239038,-0.08993952960701072,0.3354229775289665,0.2102428959516441,0.31285939796021817,0.7098001132201247,0.716136529503523,0.3372700009830528,C,B-,C,#DIV!0,C,D,B,#DIV!0,C,C,B-,C,B-,B-,B-,B-
14,Rockland County (North)--New City & Congers PUMA,0.09722714355566046,0.3584850032393688,0.7883145197389452,#DIV/0!,0.626178095739527,-0.2298780424058178,-0.1274886764805807,#DIV/0!,0.2323867116748479,0.7176109469295036,-0.062371452738129905,-0.08332199952768178,0.7226814930370805,-0.38445659752857875,0.49559407572974623,0.23401759679668396,C,B-,B,#DIV!0,B-,C,C,#DIV!0,C,B-,C,C,B-,B-,C-,C
15,"Otsego, Schoharie, Oneida (South) & Herkimer (South) Counties PUMA",0.25485535004142784,0.6495403870337292,-0.4021587962755659,-0.46703757987639094,-1.2441058371714282,-0.7657846026771487,-0.4259627584852572,-0.3429505482015192,0.3027213772117548,1.2199869439884747,0.36407816965796186,-7.7743306647467065,#DIV/0!,0.13927342723025338,-0.4345499390358923,#DIV/0!,B-,B-,C-,C-,D,D,C-,C-,B-,B,B-,E,C-,#DIV!0,C,#DIV!0
16,NYC-Brooklyn Community District 7--Sunset Park & Windsor Terrace PUMA,-0.08519427254904914,-0.03682562054718781,-1.3271682778004703,-0.369395907229286,-1.5246416266125158,-0.8657722338684758,-0.5095576878209621,-0.6740793752039924,0.23334300568252545,-0.3282807561558092,0.16598348630359755,0.28955013118302775,0.4137564524947039,-0.3895412870797116,-0.41596646733479276,-0.004450776415208405,C,C,D-,C-,D-,D,C-,C-,C,C-,C,B-,C-,B-,C-,C
17,NYC-Brooklyn Community District 11--Bensonhurst & Bath Beach PUMA,0.06376627105485914,0.3450708473398773,-0.15794322449253811,-0.09387801813423291,-0.12850909599815943,-0.022693940914906122,-0.058189498240543196,-0.007482379912234759,-0.713283599297499,-0.36800011858669507,-0.17835175701308656,-0.3331910468817161,-0.352654917350431,0.20506291831738646,0.14722091431429893,-0.22759965807110608,C,B-,C,C,C,C,C,C,C-,C-,C,C-,C,C-,C,C
18,Tompkins County PUMA,0.25485535004142784,-0.47976319076686813,0.46461565103456715,0.25925000550103905,0.626178095739527,-0.7673327138909155,-0.22192944877616005,0.01941053555465961,0.3027213772117548,-0.45955930131292066,0.6710759889138269,0.5134200745840555,-1.3107058138622498,-0.05152640694475952,-0.3698953780914,-0.10063849421452753,B-,C-,B-,B-,B-,D,C,C,B-,C-,B-,B-,C-,D-,C,C
19,Dutchess County (Southwest) PUMA,0.10976348007023336,0.5896122256884653,-1.053872446004905,#DIV/0!,-3.259010605545496,0.23633679112666792,0.0965738587983419,#DIV/0!,-1.7844714571445297,0.5560301508303268,0.29984700981725404,-0.49658052663251195,0.7088667410577079,-0.2572841001121253,-0.2942920810774046,-0.1811263233230404,C,B-,D,#DIV!0,E,C,C,#DIV!0,E,B-,B-,C-,C-,B-,C-,C
20,NYC-Queens Community District 9--Richmond Hill & Woodhaven PUMA,-0.06196130261890632,0.048603543962825346,0.3540331886767405,0.17670851825901276,0.1417494750134982,0.7010061585171435,-0.3283843766502702,0.14739360073714908,0.19183187117325934,-0.17688475082777347,0.14966724327059244,-0.30445150612829663,0.1479325759206871,0.04175414413540471,0.47989597071584966,0.07567793546567472,C,C,B-,C,C,B-,C-,C,C,C,C,C-,B-,C,C,C
21,Westchester County (Northwest) PUMA,-0.22457171430080303,0.4226790608512826,0.7883145197389452,0.25925000550103905,0.626178095739527,-0.7511459226664581,-0.29690526678113366,0.11768553972605703,0.3027213772117548,-1.720866720010873,-0.4553069746126646,-0.8595184817674894,0.2899895388025342,-0.3709041802850116,-0.3265394212630611,-0.4486321231321158,C,B-,B,B-,B-,D,C-,C,B-,D-,C-,D,C-,B-,C-,C-
22,Albany County (Outside Albany City) PUMA,0.25485535004142784,0.389033669656157,0.6069955629740137,0.25925000550103905,0.626178095739527,0.3234422084689923,-0.19100005866670114,0.3241078333877794,0.21208298891055205,-0.243127522288359,-0.47265004970289864,0.5134200745840555,0.9088518536502581,-0.47582591714855405,0.2994005765116826,0.10602171493096237,B-,B-,B-,B-,B-,B-,C,B-,C,C,C-,B-,B-,B,C-,C
23,Monroe County (South) PUMA,0.11834684190288156,0.511555415816836,0.16855552656864808,0.25925000550103905,0.626178095739527,-0.08105450672889652,0.11258406529818443,0.24505934915688848,0.3027213772117548,-0.6969058530657786,0.6710759889138269,0.5134200745840555,0.9088518536502581,-0.08531026450973644,-1.2427195375107807,0.053019091324799934,C,B-,C,B-,B-,C,C,C,B-,C-,B-,B-,D,B,C,C
24,Jefferson & Lewis Counties PUMA,0.25485535004142784,-1.298772529317564,0.15853526080828934,0.25925000550103905,-0.16678264455716973,-1.3362029044358512,-0.39703670610873054,-0.360879166866937,0.3027213772117548,-2.8909315887159948,0.26348520909429735,0.5134200745840555,-1.4944775894420683,-0.4086383027652002,-1.4114230638689944,-0.7322634119860215,B-,D-,C,B-,C,D-,C-,C-,B-,E,B-,B-,D-,D-,C-,C-
25,"Chenango, Delaware & Broome (East) Counties PUMA",0.25485535004142784,-0.0076005769903318915,0.23296962599367677,0.25925000550103905,-0.7883366113072042,-1.4767722444649738,0.11787454959556382,-0.20110855737582892,0.3027213772117548,0.4532198933360001,0.48468827332752135,0.5134200745840555,0.9088518536502581,0.12290913316858078,0.3131213130566899,0.44270455976212286,B-,C,C,B-,D,D-,C,C,B-,B-,B-,B-,B-,B,C,B-
26,Erie County (Central) PUMA,-0.46520696677163,1.0492171314751482,0.6531500994757944,#DIV/0!,0.626178095739527,-0.24708069101453087,-0.6043318636899215,#DIV/0!,0.3027213772117548,0.3948500823507023,0.2924347729605868,0.5134200745840555,#DIV/0!,0.23723784919325838,-0.46731196110395673,#DIV/0!,C-,B,B-,#DIV!0,B-,C,C-,#DIV!0,B-,B-,B-,B-,C-,#DIV!0,C,#DIV!0
27,St. Lawrence County PUMA,#DIV/0!,#DIV/0!,0.7883145197389452,#DIV/0!,#DIV/0!,0.40039851052243386,-1.3861604238520693,#DIV/0!,0.3027213772117548,-1.7426682248707948,-0.40548999799050867,0.5134200745840555,-1.969661912472611,-0.30909238317096327,0.33892443989078314,-0.46740666097404066,#DIV!0,#DIV!0,B,#DIV!0,#DIV!0,B-,D-,#DIV!0,B-,D-,C-,B-,B-,E,C-,C-
28,"NYC-Manhattan Community District 9--Hamilton Heights, Manhattanville & West Harlem PUMA",0.16763280782708845,1.192719510214897,0.10550590537783966,0.14083195839179594,0.3122368723731431,-0.5233851490561301,-0.30992952644417754,0.1550874826692081,0.3027213772117548,-0.31069637138967116,0.37434402844788073,0.29196793179344716,0.46751913080887825,1.0333625265239947,0.18418815130283464,0.3347723963855884,C,B,C,C,B-,C-,C-,C,B-,C-,B-,B-,C,B-,B,B-
29,Suffolk County (North Central)--Brookhaven Town (North) PUMA,0.25485535004142784,-0.9951519805183664,0.7883145197389452,#DIV/0!,#DIV/0!,-0.530123016154021,0.5484384548679956,#DIV/0!,-0.41724607566874033,0.8518146438246719,-0.042417088597191385,#DIV/0!,#DIV/0!,-0.05825587981436102,0.411192153775091,#DIV/0!,B-,D,B,#DIV!0,#DIV!0,C-,B-,#DIV!0,C-,B,C,#DIV!0,B-,#DIV!0,C,#DIV!0
30,NYC-Brooklyn Community District 1--Greenpoint & Williamsburg PUMA,0.13769381354413338,-1.235182754527903,0.26115646921033825,0.1408283130773687,0.398849574945347,0.48855753317290607,0.25830646541395846,0.06431563069087841,0.15605627522168558,0.6311170809197265,0.3796003470511543,0.5134200745840555,0.0607879879918442,0.22167666210394352,1.709857479392686,0.5246451296092994,C,D,B-,C,B-,B-,B-,C,C,B-,B-,B-,A-,C,C,B-
31,Cayuga & Onondaga (South) Counties PUMA,0.25485535004142784,0.9832755287120218,0.7883145197389452,0.25925000550103905,#DIV/0!,-0.22566483656575226,-0.4209649968050799,#DIV/0!,#DIV/0!,#DIV/0!,#DIV/0!,#DIV/0!,#DIV/0!,#DIV/0!,-1.9641966935259403,#DIV/0!,B-,B,B,B-,#DIV!0,C,C-,#DIV!0,#DIV!0,#DIV!0,#DIV!0,#DIV!0,E,#DIV!0,#DIV!0,#DIV!0
32,Nassau County (Southeast)--Oyster Bay Town (South) PUMA,-0.9999823421798931,-0.5876484202966885,0.7883145197389452,0.25925000550103905,#DIV/0!,0.30112696871094274,0.10939543675617687,#DIV/0!,-0.05497436350943053,0.8058493393117736,0.6710759889138269,0.5134200745840555,#DIV/0!,-0.617587617872362,-0.3559031424605046,#DIV/0!,D,C-,B,B-,#DIV!0,B-,C,#DIV!0,C,B,B-,B-,C-,#DIV!0,C-,#DIV!0
33,Fulton & Montgomery Counties PUMA,0.25485535004142784,0.7106336601031377,-2.59270530844886,-9.338012595532565,-1.8752441352622076,-2.053548778288657,-1.148714084601346,-2.2918194131412952,0.3027213772117548,0.22885748827624702,0.26868039654821685,0.5134200745840555,0.9088518536502581,-0.27912123981749853,1.3179581654492305,0.4659097308431806,B-,B-,E,E,E,E,D,E,B-,C,B-,B-,A-,B,C-,B-
34,Onondaga County (Central)--Syracuse City (Outer) PUMA,0.25485535004142784,0.4250869805324247,0.7883145197389452,#DIV/0!,0.626178095739527,-0.18951465266215295,-0.035049711286454954,#DIV/0!,-0.664018393707377,-0.4241711679301919,0.06572723450986065,-0.7468731087436624,0.9088518536502581,0.0158669794754113,-0.36041095913976506,-0.17214679455506662,B-,B-,B,#DIV!0,B-,C,C,#DIV!0,C-,C-,C,C-,C-,B,C,C
35,NYC-Staten Island Community District 2--New Springville & South Beach PUMA,0.05012675881790668,-0.01100816797657361,0.2385484645167523,0.14025986319884595,-0.8646175361887096,0.5464585038082538,0.2907330817150735,0.055785852555935565,0.3027213772117548,0.33900743957183976,-0.5413464948189392,0.5134200745840555,-0.8579594466563706,0.029840302994059636,-0.16435542891424795,-0.054096025146835425,C,C,C,C,D,B-,B-,C,B-,B-,C-,B-,C,D,C,C
36,Niagara County (Southwest)--Greater Niagara Falls & North Tonawanda Area PUMA,#DIV/0!,#DIV/0!,0.7883145197389452,#DIV/0!,#DIV/0!,0.7140245971210012,-1.3861604238520693,#DIV/0!,0.3027213772117548,-0.37024319407017225,0.11765573059112519,-0.6483686091267651,0.9088518536502581,-0.09461962180433038,-0.8650274707481921,-0.09271856204233167,#DIV!0,#DIV!0,B,#DIV!0,#DIV!0,B-,D-,#DIV!0,B-,C-,C,C-,D,B,C,C
37,Suffolk County (Central)--Brookhaven Town (Central) PUMA,0.25485535004142784,-0.6857403456668564,0.09778360073200353,0.25925000550103905,#DIV/0!,-0.3022724635006776,-0.07069455353468018,#DIV/0!,-1.4999752286236159,-1.1224498753102645,-0.8382386602559007,0.5134200745840555,-1.0568019500662134,-0.06524974573416209,0.06361398017746853,-0.5722402007469476,B-,C-,C,B-,#DIV!0,C-,C,#DIV!0,D-,D,D,B-,C,D,C,C-
38,"NYC-Bronx Community District 7--Bedford Park, Fordham North & Norwood PUMA",0.25485535004142784,1.684897949634451,0.7883145197389452,#DIV/0!,0.626178095739527,4.055708804209656,0.30695184192274283,#DIV/0!,0.25532160641235635,-0.31285327405553637,0.24691707422663595,-0.1506033544615719,0.31483858727305003,-0.9206338948373292,-0.14101683768592782,-0.101147156161189,B-,A-,B,#DIV!0,B-,A,B-,#DIV!0,B-,C-,C,C,C,B-,D,C
39,NYC-Queens Community District 4--Elmhurst & South Corona PUMA,0.20742859675836864,-0.7252279767520048,0.634764664351423,0.2479423351912224,0.25488140255058844,0.10315424618904767,0.35232464955142906,0.15360970254858206,#DIV/0!,-0.3104702889872514,0.2801284636271789,0.3408349561389138,0.5437379333660226,-0.1165995672391077,0.24308672547707522,#DIV/0!,C,C-,B-,C,B-,C,B-,C,#DIV!0,C-,B-,B-,C,B-,C,#DIV!0
40,"NYC-Brooklyn Community District 6--Park Slope, Carroll Gardens & Red Hook PUMA",0.01945712446165769,0.023881601533161777,0.09353574112275802,0.04155799566729703,0.20683019777409983,-0.2329624691513558,-0.36168437319026686,-0.029912025968949752,0.3027213772117548,0.34472154615341477,0.6710759889138269,0.5134200745840555,0.9088518536502581,-0.9206338948373292,1.398458598799806,0.45980222063939813,C,C,C,C,C,C,C-,C,B-,B-,B-,B-,A-,B,D,B-
41,Suffolk County (Central)--Islip Town (East) PUMA,-0.06789487260228744,0.38560445163832757,-1.4916423415328026,#DIV/0!,0.17713017492667738,-1.1839436430287542,-0.06817287463561336,#DIV/0!,0.3027213772117548,-0.24290591161146702,-10.28837032142972,0.5134200745840555,-0.7580671157293605,-0.7933638491867055,0.11728422519486212,-1.592754502995226,C,B-,D-,#DIV!0,C,D,C,#DIV!0,B-,C,E,B-,C,D,D,D-
42,"NYC-Brooklyn Community District 9--Crown Heights South, Prospect Lefferts & Wingate PUMA",0.25485535004142784,-0.15742705744326174,0.7883145197389452,0.25925000550103905,0.5701552730709065,-0.9813215713514719,-0.07255856345038075,0.09446685087245774,0.3027213772117548,-0.09750737355088693,0.28877469132412087,0.22385818063800444,0.4573742293976967,0.24322648918420317,-0.3911675405388922,0.14675429338085727,B-,C,B,B-,B-,D,C,C,B-,C,B-,C,C-,B-,C,C
43,"NYC-Queens Community District 7--Flushing, Murray Hill & Whitestone PUMA",0.1589766953504081,0.6027158626362521,0.3932875379439945,#DIV/0!,0.08570736304202436,0.36928401679636147,0.017478153663253764,#DIV/0!,0.17150711267647514,-0.09450064721287962,-0.08647744129435339,-0.040473749685619884,-0.30307370864092964,-0.280525327532454,0.4395294956176593,-0.02771632372458602,C,B-,B-,#DIV!0,C,B-,C,#DIV!0,C,C,C,C,B-,C-,C-,C
44,NYC-Queens Community District 3--Jackson Heights & North Corona PUMA,0.25485535004142784,-0.1429063792617965,-1.5955900778394156,#DIV/0!,0.1746403441858041,0.1904983264353442,-0.19691232737326456,#DIV/0!,0.11519575384566624,0.014654260231609633,-0.03381067493002237,-0.5683043138264018,0.018980739856554282,-0.19658316921811447,-0.14711440302581996,-0.11385454386664692,B-,C,D-,#DIV!0,C,C,C,#DIV!0,C,C,C,C-,C,C,C,C
45,Saratoga County (Outer) PUMA,0.25485535004142784,0.8182565232038126,0.28329499760239113,0.25925000550103905,#DIV/0!,0.460555921953931,0.512311384784941,#DIV/0!,0.3027213772117548,1.322133432011861,0.6710759889138269,0.5134200745840555,0.9088518536502581,-0.15192162461702688,-0.050533326285673065,0.5022496822098652,B-,B,B-,B-,#DIV!0,B-,B-,#DIV!0,B-,A-,B-,B-,C,B,C,B-
46,"NYC-Bronx Community District 12--Wakefield, Williamsbridge & Woodlawn PUMA",0.13689955864314335,-0.7266068084829372,0.29548008515473734,0.25925000550103905,-1.0212678304865896,-0.16177435669012444,-0.38744899804208077,-0.2293526206289732,0.3027213772117548,0.4248895645292502,-0.021152665982302143,-0.05348319423123397,0.4320808137160637,-0.3458209558430497,-0.11113599180421448,0.08972842108518121,C,C-,B-,B-,D,C,C-,C,B-,B-,C,C,C,B-,C-,C
47,"NYC-Brooklyn Community District 15--Sheepshead Bay, Gerritsen Beach & Homecrest PUMA",0.23582040028520765,0.7974752295948203,-0.17580834835705098,0.1323052342184319,0.2878535331331965,0.033168251343141456,0.2708602842165671,0.22595351206204486,0.09621815601959753,0.3659462148135349,0.06928630559098048,0.15127763346437345,-0.09978184273655687,-0.18250863352358904,-0.2106562426624914,0.02711165585226416,C,B,C,C,B-,C,B-,C,C,B-,C,C,C,C,C,C
48,Wayne & Seneca Counties PUMA,#DIV/0!,-1.5894379494960373,0.7883145197389452,0.25925000550103905,#DIV/0!,0.5391096775059161,9.86374201529464,#DIV/0!,0.3027213772117548,0.7616342129990129,-0.02662223754536997,0.5134200745840555,0.9088518536502581,-0.05948968679476046,0.9955375310369254,0.48515044644883953,#DIV!0,D-,B,B-,#DIV!0,B-,A,#DIV!0,B-,B,C,B-,B,B,C,B-
49,Schenectady County--Schenectady City PUMA,-0.3144674688789972,-1.587638901875364,-0.8051081196474706,0.25925000550103905,-0.6919910985030542,-0.02245744055152251,0.013666248164465565,-0.4498209679701292,0.3027213772117548,0.751542669108014,0.20921454055576075,0.5134200745840555,-0.39624598122849236,0.14222646521230473,0.21781489329097692,0.24867057696205344,C-,D-,D,B-,C-,C,C,C-,B-,B,C,B-,C,C-,C,C
50,NYC-Brooklyn Community District 10--Bay Ridge & Dyker Heights PUMA,#DIV/0!,-0.35835220944304474,-0.8920076472106008,0.07808212227116669,-0.89548321993191,0.5499585581171871,0.21760353345789835,#DIV/0!,0.19676762411618573,-0.06366848757483551,-0.6723214456106058,#DIV/0!,-1.9041706324361953,-0.27999645035525483,-0.4346475367367981,#DIV/0!,#DIV!0,C-,D,C,D,B-,C,#DIV!0,C,C,C-,#DIV!0,C-,E,C-,#DIV!0
51,Nassau County (Northwest)--North Hempstead Town (North) PUMA,-0.0497476697722213,-0.3196679915156229,-0.06858615368860471,-0.32701837883844154,0.09407468860291013,-0.2354958827563992,-0.1268075957999149,-0.1476069976811849,-0.3049230076328613,-1.3213889593401307,-0.20301221563480867,0.5134200745840555,-3.560042555277154,0.1262009076395455,-0.2897070113701183,-0.7199218238616388,C,C-,C,C-,C,C,C,C,C-,D-,C,B-,C-,E,C,C-
52,Suffolk County (West Central)--Babylon Town (Northwest) PUMA,0.19219626104154497,-0.8119208236236564,0.5496816083721239,0.19758529256282195,-0.34476204736639193,0.27557597476537304,-0.3436038908331565,-0.04074966072590585,0.08799427263958236,0.5473532549773082,-0.027495205231139692,0.5134200745840555,-3.6529479407418415,-0.05497273601862054,0.1530630619842176,-0.34765503111520546,C,D,B-,C,C-,B-,C-,C,C,B-,C,B-,C,E,C,C-
53,"NYC-Manhattan Community District 4 & 5--Chelsea, Clinton & Midtown Business District PUMA",0.19349972045439995,-0.486140716327495,-0.5925759283696419,0.25925000550103905,0.24280891097345772,-0.8150678303711626,0.07464955175750747,-0.16051089805455648,0.1362165366912619,-0.4441029668307048,0.523872423237021,0.5134200745840555,0.8036527381194908,0.42582304725438785,3.16674062379818,0.7322317824076704,C,C-,C-,B-,C,D,C,C,C,C-,B-,B-,A,B,B-,B-
54,Columbia & Greene Counties PUMA,0.25485535004142784,-4.701813455064086,0.22715499452293042,#DIV/0!,#DIV/0!,0.5340138621347783,-1.3861604238520693,#DIV/0!,0.3027213772117548,-1.998871747270352,0.1436935621047562,0.5134200745840555,0.9088518536502581,-0.06740277453228878,-0.3406157091374267,-0.07688619476989186,B-,E,C,#DIV!0,#DIV!0,B-,D-,#DIV!0,B-,E,C,B-,C-,B,C,C
55,Rensselaer County--Troy City PUMA,0.25485535004142784,-1.0081088134416731,-2.000898880377187,-0.3868503579249019,#DIV/0!,-0.6707858423073589,-0.03383789612396407,#DIV/0!,0.3027213772117548,0.6211878972426248,0.6710759889138269,0.5134200745840555,0.9088518536502581,-0.4092896703799129,0.7653781489461647,0.48190652430982467,B-,D,E,C-,#DIV!0,C-,C,#DIV!0,B-,B-,B-,B-,B,B,C-,B-
56,Erie County (West Central)--Buffalo City (West) PUMA,-0.09981691219597433,-0.6148958204537662,-0.025971369137416874,-0.44771371221359374,0.371252341697769,-0.8775168982870188,-0.23132113596471218,-0.2751405009363876,-0.563549430554587,-0.9762168440282356,0.14459989113150715,0.5134200745840555,0.9088518536502581,0.6752043866175634,1.0355614555203128,0.24826734098869638,C,C-,C,C-,B-,D,C,C-,C-,D,C,B-,B,B,B-,C
57,Erie County (South) PUMA,0.25485535004142784,0.9421472482252392,-0.5688282964941475,0.25925000550103905,#DIV/0!,-0.5835066194769195,-0.17913814400372075,#DIV/0!,0.3027213772117548,-0.3129351568134565,-1.5366692180694115,0.5134200745840555,#DIV/0!,0.10197359621473086,-0.5014510786565098,#DIV/0!,B-,B,C-,B-,#DIV!0,C-,C,#DIV!0,B-,C-,D-,B-,C-,#DIV!0,C,#DIV!0
58,Oneida County (Central)--Greater Utica & Rome Cities PUMA,0.25485535004142784,-0.8242848030605415,0.6737075062979666,0.25925000550103905,0.47396788812846546,-0.39471417202579223,-0.5119005467800497,-0.009874110271069223,0.3027213772117548,-1.4493292013457102,-0.24016977607883017,-0.013008086399669114,0.43738791416603434,-0.11526419305344124,-0.317825894579066,-0.19935540858270392,B-,D,B-,B-,B-,C-,C-,C,B-,D-,C,C,C-,B-,C,C
59,"NYC-Manhattan Community District 12--Washington Heights, Inwood & Marble Hill PUMA",0.25485535004142784,-0.7908141930740077,0.19760535551904207,0.049546245795328875,0.40176711378985513,0.6472504143586291,-0.39310561714945974,0.052443524182973655,-0.21144810854655044,0.5146595060144054,-0.1413635743650798,0.05184207789120793,-0.3694161302966905,-0.6965576286784958,0.07035311195245107,-0.11170439228982175,B-,D,C,C,B-,B-,C-,C,C,B-,C,C,C,C-,C-,C
60,NYC-Brooklyn Community District 13--Brighton Beach & Coney Island PUMA,0.1897724914856325,-0.4907991861186441,0.2234986565068143,#DIV/0!,-1.7604222121446162,0.8073249242521818,0.08675751568558962,#DIV/0!,0.1279189626769198,-0.6654485331855534,0.15659923926853642,-0.250179689977572,0.610514932184677,0.017512688225630745,0.08479624173768018,0.011673405847188385,C,C-,C,#DIV!0,E,B,C,#DIV!0,C,C-,C,C-,C,B-,C,C
61,NYC-Manhattan Community District 10--Central Harlem PUMA,0.15662102424698265,-0.2112679251102326,0.5653459178517719,0.0780076421643545,0.34426762005476824,0.9335978625071534,-0.18205520139875153,0.24064527718800668,0.3027213772117548,-1.5691943071369272,-0.14717584507018325,-0.3558242084683576,-0.01117903692448473,-0.6456679035444317,-0.590457963607192,-0.4309682696485459,C,C,B-,C,B-,B,C,C,B-,D-,C,C-,C-,C,C-,C-
62,Nassau County (West Central)--North Hempstead Town (South) PUMA,0.17666307735635042,0.05913156157599996,0.5512206987038599,#DIV/0!,0.626178095739527,0.15799980236639577,0.4212052801792942,#DIV/0!,#DIV/0!,-0.6359125800964938,0.21735769973015226,-0.05777525964560877,-0.7459442089910334,0.020039640762102382,0.3834162665405517,#DIV/0!,C,C,B-,#DIV!0,B-,C,B-,#DIV!0,#DIV!0,C-,C,C,B-,C-,C,#DIV!0
63,NYC-Brooklyn Community District 16--Brownsville & Ocean Hill PUMA,#DIV/0!,0.6367505335347498,-0.7527434369213233,#DIV/0!,-1.9413240047727098,0.13492239548966944,-0.5067503346573189,#DIV/0!,0.3027213772117548,0.5611821436946197,0.09124473852508076,-0.5572252115417414,0.753936007342686,-0.5811350240452215,-0.6383463025080066,-0.00966032447440403,#DIV!0,B-,D,#DIV!0,E,C,C-,#DIV!0,B-,B-,C,C-,C-,B,C-,C
64,Albany County (East Central)--Albany City PUMA,-0.2490449026052001,-0.5092551860041274,-0.5026490883970192,-0.5783317227995817,0.11355614973031063,-0.1269174139789067,-0.39740137836503087,-0.3214347917742222,0.3027213772117548,0.21890958289965115,0.5694154432729689,0.5134200745840555,0.9088518536502581,-0.5767730276053707,0.6517266947947503,0.3697531426868668,C,C-,C-,C-,C,C,C-,C-,B-,C,B-,B-,B-,B,C-,B-
65,Nassau County (West Central)--Hempstead Town (West Central) PUMA,0.25485535004142784,0.7973118311469884,0.30186387778904306,#DIV/0!,#DIV/0!,0.34066484292618954,0.10635380987567619,#DIV/0!,0.3027213772117548,-0.5452717379125801,-1.0379942662549928,0.003983516124004942,-1.941509704094992,-0.0421732664939177,-0.10808592468618612,-0.4811900008724156,B-,B,B-,#DIV!0,#DIV!0,B-,C,#DIV!0,B-,C-,D,C,C,E,C,C-
66,Chemung (South) & Steuben (East) Counties--Greater Elmira & Greater Corning Cities PUMA,-0.7969758411233964,-1.3770471073645274,0.7883145197389452,0.25925000550103905,0.626178095739527,0.156602349018542,-0.30599799830332014,-0.09281085382759865,0.3027213772117548,0.9652355207943363,0.046017142096993785,0.5134200745840555,0.2732136989375896,-0.9206338948373292,-1.342551547882656,-0.023225375585036456,D,D-,B,B-,B-,C,C-,C,B-,B,C,B-,D-,B-,D,C
67,"NYC-Bronx Community District 3 & 6--Belmont, Crotona Park East & East Tremont PUMA",#DIV/0!,0.8736302703603579,0.5862371775900398,0.17493521266031162,0.45786029269724854,1.7365609709102718,-0.25773542455454473,#DIV/0!,0.279118255323529,-0.24539880558394125,0.31796457391388155,0.2849324635831226,-0.001934803999829944,1.7786622619468107,0.3407479704984223,0.393441702240285,#DIV!0,B,B-,C,B-,A-,C-,#DIV!0,B-,C,B-,B-,B-,C,A,B-
68,"NYC-Bronx Community District 5--Morris Heights, Fordham South & Mount Hope PUMA",#DIV/0!,-0.015411494448543393,-0.024226255526341875,#DIV/0!,0.4705702698984901,#DIV/0!,-0.3512198956362971,#DIV/0!,0.3027213772117548,-0.3394673494953315,0.33413457021849896,0.08448407494506824,0.48303778977412226,2.908293373065852,0.10420734596392464,0.5539158830976986,#DIV!0,C,C,#DIV!0,B-,#DIV!0,C-,#DIV!0,B-,C-,B-,C,C,B-,A,B-
69,"NYC-Bronx Community District 8--Riverdale, Fieldston & Kingsbridge PUMA",0.25485535004142784,0.04548192709709376,0.11155596650939047,#DIV/0!,-0.3035829459132526,-1.1353781865968413,-0.5079522058482562,#DIV/0!,0.200729008193203,-0.6728700361847606,0.11578228478187662,0.33427542657801235,-0.09875497281694681,-0.2646929253216197,0.14661841152636443,-0.0341304004634101,B-,C,C,#DIV!0,C-,D,C-,#DIV!0,C,C-,C,B-,C,C,C-,C
70,Erie County (Northeast) PUMA,#DIV/0!,-0.6360606437123351,0.7883145197389452,0.25925000550103905,0.626178095739527,-0.7456540003209126,-0.01844876901152145,#DIV/0!,0.3027213772117548,1.1757169183307106,0.6710759889138269,0.5134200745840555,0.9088518536502581,-0.38612910064833866,1.0926793073892633,0.6111909170616473,#DIV!0,C-,B,B-,B-,C-,C,#DIV!0,B-,B,B-,B-,B,B,C-,B-
71,NYC-Manhattan Community District 11--East Harlem PUMA,#DIV/0!,-0.019220853416170566,0.347209301077408,0.13497998798987393,0.5623203912784156,0.9688047184597551,-0.08233379704435835,#DIV/0!,0.14014219645708634,-1.3058827898052807,0.45623953427719754,0.5134200745840555,0.6090843256466918,9.963974945103075,0.4008348191157549,1.5396875864826545,#DIV!0,C,B-,C,B-,B,C,#DIV!0,C,D-,B-,B-,B-,B-,A,A-
72,Orange County (Southeast) PUMA,-0.43828265571420283,0.6593188283069648,-6.87256749647839,-1.1490169863679962,#DIV/0!,0.7471054037617103,0.388875328327804,#DIV/0!,-0.8118133900808947,0.27379640322226934,-0.16035776320257242,0.5134200745840555,0.1456632912415247,-0.2348366616344042,0.37428567523294914,0.014308232766132476,C-,B-,E,D,#DIV!0,B-,B-,#DIV!0,D,B-,C,B-,B-,C,C,C
73,Westchester County (Southeast) PUMA,0.03136706483543173,-0.16977072609319924,0.30231490258761967,-1.901208232903192,0.5841040352197223,-0.5015661548213282,0.5632252500133855,-0.1559334087373657,#DIV/0!,3.6853322932609505,0.2991260542787071,#DIV/0!,0.3340952022012004,-0.21448691077205892,-0.6835055631445436,#DIV/0!,C,C,B-,E,B-,C-,B-,C,#DIV!0,A,B-,#DIV!0,C-,B-,C,#DIV!0
74,NYC-Queens Community District 1--Astoria & Long Island City PUMA,-0.09485220671960352,-0.055154527654904154,-0.21657228876516935,-0.038977688672109066,-0.18694517105365405,2.510966913776768,-0.15312080525663233,0.25219203223638503,0.1549825092424689,-0.07431160077502302,0.22055549893419715,0.3571810019280513,-1.8412242179161706,-0.21792338875197595,0.5025176106736187,-0.12831751238069053,C,C,C,C,C,A,C,B-,C,C,C,B-,B-,E,C,C
75,Livingston & Wyoming Counties PUMA,0.25485535004142784,0.35806562917526963,0.7883145197389452,#DIV/0!,#DIV/0!,0.39984300282384244,0.11520829245765422,#DIV/0!,0.3027213772117548,1.1524383851905593,0.6710759889138269,0.5134200745840555,#DIV/0!,0.21499750825905994,-0.5465105884566193,#DIV/0!,B-,B-,B,#DIV!0,#DIV!0,B-,C,#DIV!0,B-,B,B-,B-,C-,#DIV!0,C,#DIV!0
76,Suffolk County (Central)--Brookhaven Town (West Central) PUMA,0.25485535004142784,0.9207367757068304,-1.5850770521056794,#DIV/0!,#DIV/0!,0.18187675273961165,0.672282616757791,#DIV/0!,0.3027213772117548,-0.9951334484679398,-0.8570322019760233,0.5134200745840555,#DIV/0!,0.061104395406294774,1.1082560009778937,#DIV/0!,B-,B,D-,#DIV!0,#DIV!0,C,B-,#DIV!0,B-,D,D,B-,B,#DIV!0,C,#DIV!0
77,Westchester County (Southwest)--Yonkers City PUMA,0.16128704445894726,0.07783042094792585,0.4862624243533928,0.1685050344894066,0.10983751132451547,0.155985085576962,-0.02878843066838112,0.16155987006896697,0.1232473242837833,-0.3003945171146822,-0.005179104052736668,-0.4878124076994235,0.3092798732849919,-0.32545470957380285,-0.3410220448057507,-0.14676222652537443,C,C,B-,C,C,C,C,C,C,C-,C,C-,C-,B-,C-,C
78,Erie County (North Central) PUMA,0.25485535004142784,-1.0273888281911263,-0.4666576504686211,0.25925000550103905,0.14874443764720277,-0.8954455586324617,-0.2071802532435908,-0.2762603567637329,0.3027213772117548,0.9516167749328012,0.6710759889138269,0.5134200745840555,0.9088518536502581,-0.4025755168730169,-0.23757852927941758,0.38679028902003737,B-,D,C-,B-,C,D,C,C-,B-,B,B-,B-,C,B,C-,B-
79,Saratoga County (South & Central) PUMA,-0.16316923390186136,1.0605785528747065,0.7883145197389452,0.25925000550103905,0.626178095739527,-0.28602043438377456,0.11686706000869428,0.34314265222532514,0.3027213772117548,1.2578322591169597,0.6710759889138269,0.5134200745840555,0.9088518536502581,-0.5378085902087177,-0.2893565488519362,0.40381948777374305,C,B,B,B-,B-,C-,C,B-,B-,A-,B-,B-,C-,B,C-,B-
80,Suffolk County (South Central)--Brookhaven Town (South) PUMA,#DIV/0!,0.6924187261484647,0.7883145197389452,#DIV/0!,0.626178095739527,0.24168520483244785,0.022120677105351715,#DIV/0!,0.3027213772117548,-0.2625741838686716,-0.13877266865773824,0.5134200745840555,-1.1778620939762119,-0.24877413823499642,-0.27776643190078554,-0.1842297235489419,#DIV!0,B-,B,#DIV!0,B-,C,C,#DIV!0,B-,C-,C,B-,C-,D,C,C
81,"NYC-Staten Island Community District 3--Tottenville, Great Kills & Annadale PUMA",-0.4303124907953082,0.5491194736302115,-1.3656884053373937,-0.026128613326924795,-0.44535823570892985,0.17505240062362631,-0.2755364134241351,-0.2598360406198363,0.3027213772117548,0.6307821871408708,0.39552491264254,0.5134200745840555,#DIV/0!,0.05114223513644331,0.7294473628078784,#DIV/0!,C-,B-,D-,C,C-,C,C-,C-,B-,B-,B-,B-,B-,#DIV!0,C,#DIV!0
82,Herkimer (North & Central) & Oneida (Outer) Counties PUMA,0.25485535004142784,0.6650128802742682,-0.11100231709265031,0.25925000550103905,#DIV/0!,-0.3120364040300678,-0.597537180812009,#DIV/0!,0.3027213772117548,1.044031985786818,0.6710759889138269,0.5134200745840555,#DIV/0!,0.1446821607297916,0.5256906135713474,#DIV/0!,B-,B-,C,B-,#DIV!0,C-,C-,#DIV!0,B-,B,B-,B-,B-,#DIV!0,C,#DIV!0
83,Niagara County (North & East) PUMA,#DIV/0!,#DIV/0!,0.7883145197389452,#DIV/0!,#DIV/0!,0.27464214682428245,-1.3861604238520693,#DIV/0!,0.3027213772117548,1.4034861557352214,0.6710759889138269,0.5134200745840555,#DIV/0!,0.1501236965142092,1.1336678918271466,#DIV/0!,#DIV!0,#DIV!0,B,#DIV!0,#DIV!0,B-,D-,#DIV!0,B-,A-,B-,B-,B,#DIV!0,C,#DIV!0
84,Monroe County (Central)--Rochester City (East) PUMA,0.25485535004142784,0.6135381935823739,0.15894386228164023,0.25925000550103905,0.626178095739527,-0.5224927466823837,0.012856558673744403,0.2004470455910526,0.3027213772117548,1.188704711806477,0.3248106379767016,-0.11847033938090118,0.29145045303954914,-0.00425005925032555,-0.5370346966702423,0.20684744067614483,B-,B-,C,B-,B-,C-,C,C,B-,B,B-,C,C-,B-,C,C
85,Warren & Washington Counties PUMA,0.25485535004142784,1.5554222437835112,-2.8551408242746903,0.25925000550103905,-2.232666255694367,-1.33103734869813,-0.3820250792283433,-0.6759059869385075,0.3027213772117548,1.3190625012076438,0.5170254625263675,0.25898869891815757,0.9088518536502581,0.12955730385087924,0.6280667673543254,0.5806105663884839,B-,A-,E,B-,E,D-,C-,C-,B-,A-,B-,B-,B-,B,C,B-
86,Nassau County (Southwest)--Hempstead Town (Southwest) & Long Beach City PUMA,0.10528096915258206,0.6508108079409265,0.530761002167372,0.2079200047878172,0.14718131356182598,-0.013901928819418359,0.5176354557553461,0.30652680350663586,0.3027213772117548,1.9429263079462142,-0.09931395827596651,-0.615787794697561,0.9088518536502581,-0.06573409934608271,-0.09654986966712858,0.32530197383164117,C,B-,B-,C,C,C,B-,B-,B-,A,C,C-,C,B,C,B-
87,NYC-Brooklyn Community District 8--Crown Heights North & Prospect Heights PUMA,-0.08768741601082775,-0.9490255411963326,-0.10328735946984152,0.25925000550103905,0.14120962120461966,3.905642684167777,0.38004789935922145,0.5065928419365222,0.20156039795946173,-0.48525702267121096,0.3782801123033395,0.27292573173226586,0.4357513102567047,0.30117468870613745,0.6476063191469413,0.25029164820480565,C,D,C,B-,C,A,B-,B-,C,C-,B-,B-,B-,B-,B-,B-
88,Onondaga County (Central)--Syracuse City PUMA,#DIV/0!,0.9769093689782561,-0.6707651918620811,0.1565453473623073,-2.9717549930701597,-1.4484660805212146,0.08196353902545304,#DIV/0!,-0.36925217595903387,-0.4260330619886647,-0.2248651380176827,0.5134200745840555,0.3135575360779429,-0.24325322352994339,0.7595737173750435,0.04616396122024534,#DIV!0,B,C-,C,E,D-,C,#DIV!0,C-,C-,C,B-,B,B-,C,C
89,Westchester County (Central)--White Plains City PUMA,0.18165164136665812,-0.022097492314446392,-0.21887640041186335,0.22020083467306012,0.44134907034299115,-0.27026676200840705,0.13380577719128203,0.0665380955484678,0.3027213772117548,-1.307134953717724,0.3151869326756731,-1.7335548652298034,-1.980047313217722,-0.19206658546198402,0.15319948097897468,-0.6345279895372615,C,C,C,C,B-,C-,C,C,B-,D-,B-,D-,C,E,C,C-
90,NYC-Brooklyn Community District 3--Bedford-Stuyvesant PUMA,0.17069546400392777,-0.4828472429029787,0.34858442013136726,0.25925000550103905,0.011939564871213358,1.0319480049057124,-0.07684634261536154,0.18038912484213135,0.3027213772117548,-0.8075378338673194,0.15502817483828998,-0.062243964619516756,0.14088646409146463,0.10675598800205503,-0.8451852421471461,-0.1442250052129168,C,C-,B-,B-,C,B,C,C,B-,D,C,C,D,C,C,C
91,"NYC-Bronx Community District 1 & 2--Hunts Point, Longwood & Melrose PUMA",#DIV/0!,-0.15763034778669685,-0.15265053209328044,0.10587304084199625,-0.1506240264809008,5.17007530400515,-0.17571339923598228,#DIV/0!,0.3027213772117548,0.20245508398904136,0.14234213570373247,0.2861469738171946,-0.22690785556028314,3.1777586743448683,0.8422520727993652,0.6752526374722391,#DIV!0,C,C,C,C,A,C,#DIV!0,B-,C,C,B-,B,C,A,B-
92,Cattaraugus & Allegany Counties PUMA,0.25485535004142784,0.7033626742163116,-0.8675270333001731,0.25925000550103905,0.626178095739527,-0.16533301697535316,0.6052966363294279,0.20229753022174385,-3.4147496305763347,#DIV/0!,-1.117549122176652,#DIV/0!,#DIV/0!,0.1972846752316198,-1.9641966935259403,#DIV/0!,B-,B-,D,B-,B-,C,B-,C,E,#DIV!0,D,#DIV!0,E,#DIV!0,C,#DIV!0
93,Oswego County PUMA,-10.350780196679018,0.9893649062463716,-1.8589154908044438,0.25925000550103905,#DIV/0!,0.47020032881025653,0.7193817215290181,#DIV/0!,0.3027213772117548,1.181290119273455,-0.39439893594745634,0.5134200745840555,-2.4943610905360423,-0.25063201824362147,-0.805512788454789,-0.278210466016092,E,B,E,B-,#DIV!0,B-,B-,#DIV!0,B-,B,C-,B-,D,E,C-,C-
94,"NYC-Queens Community District 5--Ridgewood, Glendale & Middle Village PUMA",0.10711346059102908,-0.7885203684961839,-0.5882147984872437,0.25925000550103905,-0.8741132145473729,0.3085280761621261,-0.21606341731850898,-0.25600289379930213,0.20821843999526735,-0.13308139397693405,0.03126813076568192,-0.19484092397882924,-0.7968709582848491,-0.0836035063069863,-0.032097341701596886,-0.1430010790697495,C,D,C-,B-,D,B-,C,C-,C,C,C,C,C,D,C,C
95,Monroe County (East) PUMA,#DIV/0!,1.284855860326086,0.7883145197389452,0.25925000550103905,#DIV/0!,-0.14103864033814617,0.34320222292828184,#DIV/0!,0.3027213772117548,-1.7550675746439608,-0.5518159264802479,0.5134200745840555,-1.224140228295277,-0.2575744760933873,1.0516132204301794,-0.27440621904098333,#DIV!0,A-,B,B-,#DIV!0,C,B-,#DIV!0,B-,E,C-,B-,B,D,C-,C-
96,Westchester County (South Central)--New Rochelle & Mount Vernon Cities PUMA,0.23645634417716324,0.5066821017981202,0.7883145197389452,0.25925000550103905,0.626178095739527,-0.05229531534426965,-0.3129132993438376,0.29309606460952675,-0.7804964415496388,-1.4148519814824276,0.47734082512769827,0.5134200745840555,0.9088518536502581,-0.22519220477361815,0.012571939413357242,-0.07262227643290219,C,B-,B,B-,B-,C,C-,B-,D,D-,B-,B-,C,B,C,C
97,"NYC-Queens Community District 14--Far Rockaway, Breezy Point & Broad Channel PUMA",0.25485535004142784,1.8919269671649441,0.6330101635668756,0.25925000550103905,0.1418955843219752,-0.9443546988416116,-0.39482069252169216,0.2631089541761368,0.3027213772117548,0.5811480031963501,0.3589294744043049,0.5134200745840555,#DIV/0!,1.9146330740759163,0.01915251695504853,#DIV/0!,B-,A,B-,B-,C,D,C-,B-,B-,B-,B-,B-,C,#DIV!0,A,#DIV!0
98,"NYC-Brooklyn Community District 12--Borough Park, Kensington & Ocean Parkway PUMA",0.13897661982322906,-0.11762245612492268,0.501435774436547,0.17272954766474674,0.39725034746231275,-0.9212779233437783,-0.37480806396655586,-0.029045164864060186,-0.5848725103033425,0.9281426796596811,0.21166779593357346,-2.0687094462013444,0.5869917700238351,-0.1714723440115737,-0.11827350817680898,-0.1737893661537114,C,C,B-,C,B-,D,C-,C,C-,B,C,E,C,B-,C,C
99,"NYC-Bronx Community District 10--Co-op City, Pelham Bay & Schuylerville PUMA",0.06372137507349085,0.7195440732006751,0.7883145197389452,0.25925000550103905,0.626178095739527,0.2906667408615054,-0.40293664427335973,0.33496259512026033,0.3027213772117548,-0.7334161041577792,0.2888374055301261,0.5134200745840555,0.5085478724228173,-0.11704645310782082,0.6905336031001289,0.20765682508332609,C,B-,B,B-,B-,B-,C-,B-,B-,C-,B-,B-,B-,B-,C,C
100,"NYC-Queens Community District 11--Bayside, Douglaston & Little Neck PUMA",-0.5173838594424423,-0.2614348492512307,-0.18384648752281252,#DIV/0!,#DIV/0!,-0.22610761913859842,-0.09520042468585177,#DIV/0!,0.2496763389180888,1.1899345187222041,0.2865398592814611,#DIV/0!,0.7423955180469725,-0.1510684724339861,-0.03493522105972524,#DIV/0!,C-,C-,C,#DIV!0,#DIV!0,C,C,#DIV!0,C,B,B-,#DIV!0,C,B-,C,#DIV!0
101,"NYC-Manhattan Community District 6--Murray Hill, Gramercy & Stuyvesant Town PUMA",0.1638946220725758,-1.0300135074414527,-0.29843211250817686,0.25925000550103905,0.1864584303857425,1.844838205751763,0.459608804230194,0.22651492114166924,#DIV/0!,0.41613083163453585,0.6710759889138269,#DIV/0!,#DIV/0!,-0.9206338948373292,-1.3931918474192497,#DIV/0!,C,D,C-,B-,C,A,B-,C,#DIV!0,B-,B-,#DIV!0,D-,#DIV!0,D,#DIV!0
102,Chautauqua County PUMA,0.25485535004142784,1.0002830926080037,0.7883145197389452,0.25925000550103905,#DIV/0!,0.649541002346186,-0.6143558227471156,#DIV/0!,#DIV/0!,#DIV/0!,-1.2917863052688199,#DIV/0!,-1.0846399711816577,-0.9206338948373292,-1.9641966935259403,#DIV/0!,B-,B,B,B-,#DIV!0,B-,C-,#DIV!0,#DIV!0,#DIV!0,D-,#DIV!0,E,D,D,#DIV!0
103,NYC-Brooklyn Community District 18--Canarsie & Flatlands PUMA,-0.04704882102649226,0.2849185193401801,-1.9392227661860009,#DIV/0!,-3.589754601402766,0.29970256570869186,0.06286745909719932,#DIV/0!,0.1491665548595314,-0.07955517136832004,0.002284607117834707,0.07214175159702126,0.28314325240818017,-0.1279102902302477,1.8247774316339775,0.3034354480025682,C,B-,E,#DIV!0,E,B-,C,#DIV!0,C,C,C,C,A,B-,C,B-
104,Erie County (West Central)--Buffalo City (East) PUMA,0.25485535004142784,0.7018772267361976,-1.0929808190798134,#DIV/0!,0.48593648583299826,-1.670825157724807,0.7845669046980379,#DIV/0!,0.3027213772117548,-3.102237895495524,-0.004731153520462885,#DIV/0!,0.2798818756516543,-0.5779246043159153,-1.9641966935259403,#DIV/0!,B-,B-,D,#DIV!0,B-,D-,B,#DIV!0,B-,E,C,#DIV!0,E,B-,C-,#DIV!0
105,Genesee & Orleans Counties PUMA,0.25485535004142784,0.6804233808594715,0.7883145197389452,0.25925000550103905,0.626178095739527,-2.053548778288657,2.654227835397268,0.4585286298555745,-0.6748616112241912,-0.6219579373750453,-0.030119293860954473,0.5134200745840555,0.9088518536502581,-0.13177689739610654,-0.6974235316021576,-0.10483819188916307,B-,B-,B,B-,B-,E,A,B-,C-,C-,C,B-,C-,B,C,C
106,"NYC-Staten Island Community District 1--Port Richmond, Stapleton & Mariner's Harbor PUMA",0.20785590374791457,-0.15602372670922432,0.6213091312092703,0.18348808710504227,0.4864015847320214,0.5109138713869387,0.07013312521118721,0.2748682823833072,0.20327809647068387,0.03186283932553281,0.18065139074254807,0.0770050447214897,0.4340754082951801,-0.030523731566937905,-0.07236997028213692,0.11771129681519425,C,C,B-,C,B-,B-,C,B-,C,C,C,C,C,B-,C,C
107,"Steuben (North & West), Schuyler & Chemung (North) Counties PUMA",0.25485535004142784,0.5760668595774612,0.7883145197389452,0.25925000550103905,#DIV/0!,0.45088322325353847,-0.8108413280774679,#DIV/0!,0.3027213772117548,1.1579843227829256,0.6710759889138269,0.5134200745840555,0.9088518536502581,-0.41352251943326934,-0.5104663721819394,0.3757235322182303,B-,B-,B,B-,#DIV!0,B-,D,#DIV!0,B-,B,B-,B-,C-,B,C-,B-
108,Nassau County (South Central)--Hempstead Town (Southeast) PUMA,0.25485535004142784,-0.2281937183343432,-0.4966835996139597,#DIV/0!,-5.712037078748701,0.036560993047556514,0.0759768110745365,#DIV/0!,0.3027213772117548,-0.022651564190383566,-0.7299938831237832,0.5134200745840555,-1.1863144943781438,-0.349293044445376,0.1165174591337759,-0.1936562964583001,B-,C,C-,#DIV!0,E,C,C,#DIV!0,B-,C,C-,B-,C,D,C-,C
109,"NYC-Bronx Community District 9--Castle Hill, Clason Point & Parkchester PUMA",0.25485535004142784,0.3556441283217732,0.08578454205430998,0.25925000550103905,-0.12573144867518454,2.4914294629167775,-0.08578352394322522,0.4622069308881311,0.1644144522350591,-0.2689136442738232,0.030295330709869457,-0.28209677115042103,0.265418695744249,0.10548679805466427,-0.12581988805741576,-0.015887860962545453,B-,B-,C,B-,C,A,C,B-,C,C-,C,C-,C,B-,C,C
110,Suffolk County (East) PUMA,-0.8804852475654968,-0.45322775514661,-0.6575921803641471,-1.161878727549187,0.626178095739527,0.4473845406159845,-0.5095704241122775,-0.3698845283403153,0.3027213772117548,-0.8542702782298661,0.14763679731734441,-0.08299930890878672,0.8601168901653017,-0.5334967981207311,-0.17956629728596046,-0.04855108826442051,D,C-,C-,D,B-,B-,C-,C-,B-,D,C,C,C,B,C-,C
111,Orange County (Northwest) PUMA,0.25485535004142784,0.770102210533483,-0.7415784534573798,#DIV/0!,#DIV/0!,-0.7026479857950357,-0.07484538565164457,#DIV/0!,0.3027213772117548,0.7584085869935492,0.47111853093838907,0.5134200745840555,-0.034573847631056434,0.12377197313389762,-0.5520802396894174,0.22611235079159606,B-,B,C-,#DIV!0,#DIV!0,C-,C,#DIV!0,B-,B,B-,B-,C-,C,C,C
112,Broome County (West Central)--Greater Binghamton City & Greater Johnson City Village PUMA,-2.948140457222796,1.1762579550552357,-2.3030412058693575,0.25925000550103905,0.626178095739527,-1.13059196931606,0.08114666009130957,-0.6055629880030146,0.006513915659579332,0.8981205145331577,0.5521852603001728,0.5134200745840555,0.9088518536502581,0.09242260381735916,0.1149293211516826,0.44092050624232354,E,B,E,B-,B-,D,C,C-,C,B,B-,B-,C,B,C,B-
113,"NYC-Bronx Community District 11--Pelham Parkway, Morris Park & Laconia PUMA",0.19120771644085205,0.17117599849178833,0.37967286263318967,0.25925000550103905,0.5440973104958826,0.09621215242665601,0.20778286198676285,0.26419984399659574,0.1967454251034468,0.9711111332006656,0.3311889884199125,-0.17911773981792672,0.29214752792657456,-0.11309179506438592,-0.39315815946668825,0.15797505432879982,C,C,B-,B-,B-,C,C,B-,C,B,B-,C,C-,B-,C,C
114,Suffolk County (Northwest)--Smithtown Town PUMA,0.25485535004142784,-0.8473911844931622,0.2131646009347844,0.25925000550103905,0.626178095739527,-0.8661622035159506,-0.5737197853054425,-0.1334035887282539,0.3027213772117548,1.5294058917852396,0.6710759889138269,0.5134200745840555,#DIV/0!,-0.04054253848994079,0.7668400278888686,#DIV/0!,B-,D,C,B-,B-,D,C-,C,B-,A-,B-,B-,B,#DIV!0,C,#DIV!0
115,Ulster County (East) PUMA,0.25485535004142784,-0.5320824640166001,0.12102351532093591,-0.1426967664570323,0.626178095739527,-0.2318632703018861,0.007907948030443306,0.014760344050973654,0.3027213772117548,1.484079960138246,0.6710759889138269,0.5134200745840555,#DIV/0!,0.34718850633084936,-0.10345126555064996,#DIV/0!,B-,C-,C,C,B-,C,C,C,B-,A-,B-,B-,C,#DIV!0,B-,#DIV!0
116,Westchester County (Northeast) PUMA,0.023199144825124477,-0.019755717688270755,0.7883145197389452,0.25925000550103905,0.626178095739527,0.10551376576100005,-0.16995654434021404,0.23039189564816445,0.3027213772117548,-2.0212955865974074,-0.39616282995706914,#DIV/0!,0.7497258910738485,-0.3635101050686274,-0.18633674419611085,#DIV/0!,C,C,B,B-,B-,C,C,C,B-,E,C-,#DIV!0,C,B-,C-,#DIV!0
117,NYC-Brooklyn Community District 4--Bushwick PUMA,0.25485535004142784,-0.06761860897510308,0.1992656697338403,0.11373066033319963,0.38193108263500236,-1.0306971594492282,0.1943453184010945,0.006544616102890481,-0.3809784339417324,0.06697165414990139,-0.27899900400560484,-0.9725494863972387,0.10707454115740156,-0.6645208652055392,1.3866386999755589,-0.10519469918103619,B-,C,C,C,B-,D,C,C,C-,C,C-,D,A-,C,C-,C
118,NYC-Manhattan Community District 3--Chinatown & Lower East Side PUMA,0.23553306522030082,-0.0938298818708607,0.22131522223098682,-0.4072889846696633,-0.005196865893497324,0.8642073586532741,0.10475460210042863,0.13135635939585272,0.3027213772117548,-0.1877919890426641,0.24695597603875377,-0.19918692174902514,0.17152796659646588,-0.6801744434199989,-0.07886700204893982,-0.06068786234480764,C,C,C,C-,C,B,C,C,B-,C,C,C,C,C,C-,C
119,Dutchess County (North & East) PUMA,0.25485535004142784,0.7392648079045249,0.7883145197389452,0.25925000550103905,0.626178095739527,0.3261199145994773,3.3019922075062977,0.8994249858616055,0.0548250831898904,-0.25202701235780167,0.6710759889138269,0.5134200745840555,#DIV/0!,0.10630697327270792,0.40848750532150746,#DIV/0!,B-,B-,B,B-,B-,B-,A,B,C,C-,B-,B-,B-,#DIV!0,C,#DIV!0
120,Nassau County (Central)--Hempstead Town (North Central)--Meadowbrook Corridor PUMA,-0.0178542378057574,-0.083419075895429,0.7883145197389452,0.25925000550103905,0.5551033242745086,-0.5033253041126283,-0.6508404127043725,0.04960411699947224,0.20179704515705324,-0.005771755816719055,0.15698034359474045,0.14508166811720458,-0.044373152191205766,-0.04860064992810405,-0.21394413318473532,0.027309909392604876,C,C,B,B-,B-,C-,C-,C,C,C,C,C,C,C,C,C
121,Broome (Outer West) & Tioga Counties PUMA,0.25485535004142784,1.2439519380590314,0.7883145197389452,#DIV/0!,#DIV/0!,0.47542130268730254,-0.6302730355224534,#DIV/0!,0.3027213772117548,-0.9722748428081559,0.6710759889138269,0.5134200745840555,#DIV/0!,0.06768690972250653,1.2961208925904513,#DIV/0!,B-,B,B,#DIV!0,#DIV!0,B-,C-,#DIV!0,B-,D,B-,B-,A-,#DIV!0,C,#DIV!0
122,"Rockland County (South)--Orangetown, Clarkstown (South) & Ramapo (Southeast) Towns PUMA",-0.9235156296387892,1.072438289334193,0.263919890021218,#DIV/0!,-0.5626767958055214,0.23120923219468215,-0.15046490688902187,#DIV/0!,0.3027213772117548,0.5304338954478348,-0.6675662585637244,#DIV/0!,0.9088518536502581,-0.08805408364774492,-0.13566123244139913,#DIV/0!,D,B,B-,#DIV!0,C-,C,C,#DIV!0,B-,B-,C-,#DIV!0,C,B,C,#DIV!0
123,"NYC-Brooklyn Community District 17--East Flatbush, Farragut & Rugby PUMA",0.25485535004142784,0.6154065472280708,-0.3551115592379065,0.15425544493783383,0.28205835151702985,0.666999535140492,-0.15791340416079305,0.2086500379237364,0.12370727143682002,0.032330258384561626,-2.91270382518265e-05,-0.22292652728102783,0.11468363057291878,-0.5755054615435354,0.05935721624909742,-0.06691181988848818,B-,B-,C-,C,B-,B-,C,C,C,C,C,C,C,C,C-,C
124,Orange County (Northeast)--Greater Newburgh City PUMA,0.25485535004142784,-1.703328757898308,0.7883145197389452,#DIV/0!,#DIV/0!,0.47675469688969263,-0.22854607549821854,#DIV/0!,0.3027213772117548,-0.2416098785460042,-0.5738452690302619,-3.6137981848100265,-0.3181336269827052,-0.29671060600272653,-0.06624411061803508,-0.6868028998254292,B-,D-,B,#DIV!0,#DIV!0,B-,C,#DIV!0,B-,C,C-,E,C,C-,C-,C-
125,"NYC-Manhattan Community District 1 & 2--Battery Park City, Greenwich Village & Soho PUMA",0.13866737624030911,0.19652682271981506,0.513426243349647,0.25925000550103905,0.22578755600168224,0.04718992678263412,-0.29312575404952557,0.1553888823636573,-0.23160507263618887,0.7933425203906144,-0.2680414750017802,#DIV/0!,-3.448869738268843,-0.39893492933276437,-1.2842345474136925,#DIV/0!,C,C,B-,B-,C,C,C-,C,C,B,C-,#DIV!0,D-,E,C-,#DIV!0
126,NYC-Queens Community District 6--Forest Hills & Rego Park PUMA,#DIV/0!,-0.5234859483794888,-2.835843947232091,-0.3399410960011593,-0.08712743990440829,0.6399731443338569,0.019123716540316277,#DIV/0!,0.2698594650446702,0.8249891213248145,0.14566443701322235,0.32789362208107276,-0.1641788099717551,0.3690389241593246,-0.6452004498106145,0.1611523299772478,#DIV!0,C-,E,C-,C,B-,C,#DIV!0,B-,B,C,B-,C-,C,B-,C
127,Onondaga County (North) PUMA,#DIV/0!,-0.04674346212313823,0.7883145197389452,0.25925000550103905,0.626178095739527,-0.5461545564161048,0.18817390185350552,#DIV/0!,0.3027213772117548,0.961584009450693,0.0893727402590098,0.5134200745840555,0.9088518536502581,-0.25180139972569304,-0.5155732349064344,0.28693934578909197,#DIV!0,C,B,B-,B-,C-,C,#DIV!0,B-,B,C,B-,C-,B,C-,B-
128,Nassau County (Northeast)--Oyster Bay Town (North) & Glen Cove City PUMA,0.25485535004142784,0.47948523696736,0.7462391467594666,#DIV/0!,0.626178095739527,0.20492548812372685,0.1635364094810901,#DIV/0!,0.3027213772117548,0.8993594118059822,-0.9214335208679055,-3.0909108633638747,-0.8075121915017647,-0.43864840535315985,-0.8923965476673464,-0.706974391390902,B-,B-,B-,#DIV!0,B-,C,C,#DIV!0,B-,B,D,E,D,D,C-,C-
129,Monroe County (North & West) PUMA,0.25485535004142784,0.6148906543775227,0.7883145197389452,#DIV/0!,0.626178095739527,0.1380112081242252,-0.07941468015067826,#DIV/0!,0.3027213772117548,0.5238624578095897,0.6710759889138269,0.5134200745840555,#DIV/0!,0.09712386361902886,0.9831453581589774,#DIV/0!,B-,B-,B,#DIV!0,B-,C,C,#DIV!0,B-,B-,B-,B-,B,#DIV!0,C,#DIV!0
130,Sullivan & Ulster (West) Counties PUMA,0.25485535004142784,-0.3753918009378836,0.7883145197389452,0.25925000550103905,0.626178095739527,-0.35440613526743514,0.9791049991351434,0.31112929056439487,0.3027213772117548,-1.337145148395533,-0.7826571248951733,-0.21015336988620795,0.9088518536502581,0.221376610876853,-1.0634995291950773,-0.28007219009044654,B-,C-,B,B-,B-,C-,B,B-,B-,D-,D,C,D,B,C,C-
131,Suffolk County (Southwest)--Babylon Town (Southeast) PUMA,0.25485535004142784,-0.6993580016514742,0.7883145197389452,#DIV/0!,0.626178095739527,-0.46611620123467007,-0.4654612476386579,#DIV/0!,0.3027213772117548,-0.3873170060989765,-0.018691487218577163,-1.0931171233971309,#DIV/0!,0.10355512268879416,-0.9156309505828624,#DIV/0!,B-,C-,B,#DIV!0,B-,C-,C-,#DIV!0,B-,C-,C,D,D,#DIV!0,C,#DIV!0
132,Suffolk County (Northwest)--Huntington Town (North) PUMA,0.25485535004142784,-0.9512910235142817,-0.6371877312460422,#DIV/0!,#DIV/0!,0.4338359788175713,-0.8814007583790926,#DIV/0!,0.3027213772117548,-0.5422098743332844,-0.7924202515180541,-1.244482690576664,0.265266718066932,-0.17915125891531228,-0.18805186126055673,-0.3397611201893121,B-,D,C-,#DIV!0,#DIV!0,B-,D,#DIV!0,B-,C-,D,D,C,B-,C,C-
133,"NYC-Queens Community District 12--Jamaica, Hollis & St. Albans PUMA",0.045878462730866515,-0.2993889283867528,-0.14433364782448335,0.04187487310201278,0.09762349975190479,0.24523981872077358,-0.2999519151562099,-0.04472254815169834,0.19690912069114527,-0.8650495421946213,-0.4422100083952291,-0.6041121232227753,-0.4614456500856843,-0.1225874871074172,0.18208077312983206,-0.30234498816925,C,C-,C,C,C,C,C-,C,C,D,C-,C-,C,C-,C,C-
134,"NYC-Queens Community District 13--Queens Village, Cambria Heights & Rosedale PUMA",0.11225861869052238,-0.37754146899131874,-0.5426279724251966,#DIV/0!,-1.7645389877776854,0.45514686058232257,-0.16335536568697434,#DIV/0!,-0.07584859003826484,-0.12535266674017878,0.08836293029978537,-2.3779967458295603,-2.097510513933093,0.10471041325705634,-0.15459568439596427,-0.6626044081971744,C,C-,C-,#DIV!0,E,B-,C,#DIV!0,C,C,C,E,C,E,C,C-
135,Monroe County (Central)--Rochester City (West) PUMA,#DIV/0!,-1.2027624232193592,0.7883145197389452,0.25925000550103905,0.626178095739527,-0.8839359062537234,0.7229726156977561,#DIV/0!,0.3027213772117548,1.5182347816147708,0.1974370774883488,0.5134200745840555,-0.33081042264642024,-0.11603281856454173,7.300492391517415,1.340780351600769,#DIV!0,D,B,B-,B-,D,B-,#DIV!0,B-,A-,C,B-,A,C-,C,A-
136,NYC-Queens Community District 10--Howard Beach & Ozone Park PUMA,#DIV/0!,0.06277796290221133,-0.13027221290454954,#DIV/0!,0.14488708624207577,0.044498914527337376,0.22254358478859843,#DIV/0!,0.21151518427909424,0.12462703082895596,0.018282131858801676,-0.1037708928974124,0.4888132265268665,-0.37326131905459303,-0.410241607594861,-0.006290892293306871,#DIV!0,C,C,#DIV!0,C,C,C,#DIV!0,C,C,C,C,C-,B-,C-,C
137,Suffolk County (Central)--Islip Town (Northwest) PUMA,#DIV/0!,-0.7419794541632486,0.5857750520552854,#DIV/0!,#DIV/0!,-0.17059154409609378,0.3635368140625341,#DIV/0!,0.3027213772117548,0.10968530275618348,0.17895475033273303,0.04519068756858362,-0.13454707095962187,-0.08945918787393232,0.15817256404218025,0.08153120329684015,#DIV!0,C-,B-,#DIV!0,#DIV!0,C,B-,#DIV!0,B-,C,C,C,C,C,C,C
138,Putnam County PUMA,0.25485535004142784,1.180666963155966,0.7883145197389452,#DIV/0!,0.626178095739527,-0.3000100654736468,-0.48386332267121934,#DIV/0!,#DIV/0!,-0.6805016047472843,0.16084009445844985,0.5134200745840555,0.9088518536502581,-0.04987368556706162,-0.4848190438659846,#DIV/0!,B-,B,B,#DIV!0,B-,C-,C-,#DIV!0,#DIV!0,C-,C,B-,C-,B,C,#DIV!0
139,NYC-Queens Community District 2--Sunnyside & Woodside PUMA,0.05546554962897897,-0.13956581183548286,-0.2201392976553532,#DIV/0!,0.2536494614292099,0.5801708268196837,-0.09306142288101654,#DIV/0!,-2.2920199604235547,-0.39713673610884437,-0.3959966571386421,0.3748440422128396,-0.07235627738968149,1.006860292742087,-0.1343965888570673,-0.27288598356612326,C,C,C,#DIV!0,B-,B-,C,#DIV!0,E,C-,C-,B-,C,C,B,C-
140,Nassau County (Central)--Hempstead Town (East Central) PUMA,0.25485535004142784,1.202168364562783,-1.7634586902766825,#DIV/0!,-0.022975660434595507,0.3326154069748956,0.35594710007038655,#DIV/0!,0.3027213772117548,1.1428533741620366,-2.719535256173332,0.5134200745840555,#DIV/0!,-0.002365951366316928,1.0993007646768262,#DIV/0!,B-,B,E,#DIV!0,C,B-,B-,#DIV!0,B-,B,E,B-,B,#DIV!0,C,#DIV!0
141,Suffolk County (Northwest)--Huntington Town (South) PUMA,0.25485535004142784,1.2410695029886694,0.3861878961991595,0.25925000550103905,#DIV/0!,0.15068870641631305,0.06494147810849864,#DIV/0!,-9.854504192919913,-0.5240952408741076,-0.33199067775206254,0.5134200745840555,0.9088518536502581,-0.15658526918108936,-0.6277521591011272,-1.4389508016562835,B-,B,B-,B-,#DIV!0,C,C,#DIV!0,E,C-,C-,B-,C-,B,C,D-
142,"NYC-Bronx Community District 4--Concourse, Highbridge & Mount Eden PUMA",0.25485535004142784,-1.1557422747069768,-0.4991484240279914,-0.7698965584955819,-0.286683831015696,-2.053548778288657,-0.4952033237252966,-0.7150525486026816,0.11836319972130178,-0.21594521211256568,0.15159058043292753,0.25318461326156266,0.42021257871962164,0.8089293384238357,0.7307407837524623,0.32386798317130655,B-,D,C-,D,C-,E,C-,C-,C,C,C,B-,B-,B-,B,B-
143,Nassau County (Central)--Hempstead Town (Northeast) PUMA,0.16304077316342885,0.5214235075781909,0.7883145197389452,#DIV/0!,#DIV/0!,0.19303628630671432,0.45549526430715137,#DIV/0!,-0.03314181866002546,-0.2938897886120338,0.6710759889138269,0.5134200745840555,-1.2816584175363661,0.06201199945622105,-0.21787894807658154,-0.08286584427584336,C,B-,B,#DIV!0,#DIV!0,C,B-,#DIV!0,C,C-,B-,B-,C,D-,C,C
144,NYC-Brooklyn Community District 14--Flatbush & Midwood PUMA,-0.042336100868465544,-0.21534186196757865,-0.3730384794222561,-0.2739493363791095,-0.08373749192053034,-1.2148621594627653,-0.6333854496389894,-0.40523583995138496,0.1972441592271265,0.598226917193772,0.10822761760161215,0.021155923416023563,-0.18924677904219214,-0.6052957745060029,-0.18826969262687737,-0.008279661248076895,C,C,C-,C-,C,D,C-,C-,C,B-,C,C,C,C,C-,C
145,"Rockland County (West)--Spring Valley, Suffern Villages & Monsey PUMA",#DIV/0!,2.0557065718033307,0.5726103146028633,0.25925000550103905,0.5708204732981252,-0.32143208813942337,0.16728090700000997,#DIV/0!,-0.27061400555974313,0.8450526143286469,-0.04017799430995445,-1.1389341380142113,0.13832347247627688,-0.0038233003275392773,0.7637877650333439,0.04194491623240277,#DIV!0,A,B-,B-,B-,C-,C,#DIV!0,C-,B,C,D,B,C,C,C
146,Capital Region,-0.06252528382513385,-0.2291573668095467,-0.1262453112660885,0.14148081243110444,-0.24547454141797884,-0.10694172140985023,-0.22392547866426235,-0.12182698442310802,0.28107554872856144,0.30402832930304946,0.2911853391180088,0.45792219294850695,0.8218445653873065,-0.3363757194986991,0.22576589946976844,0.2922065936366432,C,C,C,C,C,C,C,C,B-,B-,B-,B-,C,B,C-,B-
147,Central NY,-0.27883404539700407,1.24029258881509,-0.25508648740689777,0.4844725021947508,-2.522808027419004,-0.44158964359709285,0.4437089544794173,-0.18997773690439151,-2.4400202768930326,0.5243554995725251,-1.0298831179125594,0.20526593165748996,0.1976092067583464,-0.7759791588836299,-0.8052670222739443,-0.5891312768535435,C-,B,C-,B-,E,C-,B-,C,E,B-,D,C,D,C,D,C-
148,Finger Lakes,0.6039261773381538,0.5153337150745534,1.8519087917575936,1.0092048822626387,0.8985132048934377,0.6509715518536715,2.392828554968155,1.131812411164029,0.2802688827135281,0.32958836053643836,0.3315749664103133,-0.7584514469727697,-0.28411916904365475,1.3667239075762183,1.5033143363781043,0.3955571196568825,B-,B-,A,B,B,B-,A,B,B-,B-,B-,D,A-,C-,A-,B-
149,Long Island,0.36145110982852213,0.13908956122505836,0.785012213366903,0.2533313286522435,0.3686055322928772,0.7257873047131402,0.02017420663604982,0.3790644652449706,-0.2335118451492975,0.4078236246975906,-0.6663570827595401,-0.7891356418712691,-0.07727175117202995,0.26996916812527316,0.09017766585308776,-0.14261512318231215,B-,C,B,B-,B-,B-,C,B-,C,B-,C-,D,C,C,B-,C
150,Mid-Hudson,-0.1551773283721549,0.9751920293552243,0.44758134371664043,-0.7862594885942991,0.6375913474337586,0.3866410621581283,0.5002622942291759,0.28654732284663914,-0.21453031727847546,0.07115673114597952,-0.34088181629152975,-1.8536247748108559,0.36285875899057396,-0.9183876905792534,-0.10008288229483589,-0.42764171301691384,C,B,B-,D,B-,B-,B-,B-,C,C,C-,E,C,B-,D,C-
151,Mohawk Valley,1.425962418239209,-0.353205649875097,-0.34657269340799385,-1.6881854901141995,-0.07623363225169111,-0.7562366082812958,-1.0793449959420651,-0.41054523594759046,0.967338482908476,-0.7635908849889261,-1.2123142274459004,-0.4647622746973248,0.5527373593603834,0.2869827074180768,1.0022010546835391,0.05265603103404626,A-,C-,C-,D-,C,D,D,C-,B,D,D,C-,B,B-,B-,C
152,New York City,0.11021896166816403,0.1868627719832325,-0.015583215564044827,-0.03295808813709862,0.049026980897959545,1.9140846536114005,-0.03990634937513661,0.3102493878692109,0.38412583653046195,0.31246971893092446,0.5379501316997836,-0.24114677665886594,0.1031617351530676,1.2302440642808845,0.19052294917045182,0.359618237015244,C,C,C,C,C,A,C,B-,B-,B-,B-,C,C,C,B,B-
153,North Country,1.425962418239209,-2.4550426003778636,0.758328585255198,1.0092048822626387,0.0843518812130435,-1.1697330498265381,-1.0998349938755199,-0.20668041101569035,0.7620715772186661,-2.54869060363507,-0.7084101957736446,1.168783986546173,-2.6725564353446565,-0.8355273579868889,-1.625802941180514,-0.9228759957365621,A-,E,B,B,C,D,D,C,B,E,C-,B,D-,E,D,D
154,Southern Tier,-1.1231744703066386,0.021295272603799296,-0.6237948870588632,1.0092048822626387,0.7958588454212507,-0.7922916491726367,-0.4191610298905158,-0.1617232908772808,0.24018373488776193,0.7624228903844379,1.9895294807435744,1.168783986546173,0.5247250814809057,0.94511145828981,0.10492954055653654,0.8193837389841715,D,C,C-,B,B,D,C-,C,C,B,A,B,C,B-,B,B
155,Western NY,-0.8293962651324251,-0.1665290793789954,-1.6322490574872033,-1.4611928694327336,0.4345472570754943,-1.0771652956618638,-0.45054828779338985,-0.7403619425444452,-0.619014265289047,0.0792776105245581,0.07699453200187499,0.5651265089100989,0.35249143061837057,-0.011488339709799764,-1.255564503001184,-0.1160252894207326,D,C,D-,D-,B-,D,C-,C-,C-,C,C,B-,D-,B-,C,C
