,puma,Unemployment_BABS_score,FT_Work_BABS_score,Poverty_BABS_score,Working_Poor_BABS_score,Rent_Burden_BABS_score,Home_ownership_BABS_score,Income_level_BABS_score,Overall_BABS_score,Unemployment_HS_score,FT_Work_HS_score,Poverty_HS_score,Working_Poor_HS_score,Rent_Burden_HS_score,Home_ownership_HS_score,Income_level_HS_score,Overall_HS_score,Unemployment_BABS_grade,FT_Work_BABS_grade,Poverty_BABS_grade,Working_Poor_BABS_grade,Rent_Burden_BABS_grade,Home_ownership_BABS_grade,Income_level_BABS_grade,Overall_BABS_grade,Unemployment_HS_grade,FT_Work_HS_grade,Poverty_HS_grade,Working_Poor_HS_grade,Income_level_HS_grade,Rent_Burden_HS_grade,Home_ownership_HS_grade,Overall_HS_grade
0,Total Geo,0.05665038981933238,-0.08244725803160245,0.029944644440666034,-0.0237765809020107,0.15964739244145795,-0.23628285155406253,-0.06775359652398535,-0.023431122901457813,0.044731923719012856,-0.14607966775273662,0.08294125736987311,-0.20670110773378697,0.21180205092117668,-0.62116669060226,0.2480411079866636,-0.05520444658457963,C,C,C,C,C,C,C,C,C,C,C,C,C,C,C-,C
1,NYC-Manhattan Community District 7--Upper West Side & West Side PUMA,-1.157080534113486,0.4607060226653637,-0.3473451878509493,0.41448111381827,0.21546471681059298,0.04532221913791428,-0.269792175699504,-0.09117768931882833,#DIV/0!,#DIV/0!,0.6399198091164539,#DIV/0!,0.8668973151079481,0.01643713347817086,-1.4681261961686136,#DIV/0!,D,B-,C-,B-,C,C,C-,C,#DIV!0,#DIV!0,B-,#DIV!0,D-,B,C,#DIV!0
2,Nassau County (West Central)--Hempstead Town (Northwest) PUMA,0.017068102259000843,-0.45306785166223185,0.12659001891426414,0.40819389562726355,#DIV/0!,0.07256369799764943,-0.49831531628431375,#DIV/0!,-0.1472152622336952,0.3244831355221078,0.5765330859626703,0.022009767820062212,0.2959113763252092,0.1897438047175207,0.17200189117920006,0.20478111418472497,C,C-,C,B-,#DIV!0,C,C-,#DIV!0,C,B-,B-,C,C,B-,C,C
3,NYC-Brooklyn Community District 2--Brooklyn Heights & Fort Greene PUMA,0.10400578026185917,0.03401292115755063,-0.4217891813078447,-0.7510396122615138,0.37433774094705524,-0.04843434844162735,0.2605136533679646,-0.06405614946807947,#DIV/0!,-0.1764314347433633,0.359298737484989,#DIV/0!,0.33966852360585476,-1.0316067566068072,-0.589141939260908,#DIV/0!,C,C,C-,D,B-,C,B-,C,#DIV!0,C,B-,#DIV!0,C-,B-,D,#DIV!0
4,Madison & Cortland Counties PUMA,#DIV/0!,#DIV/0!,#DIV/0!,#DIV/0!,#DIV/0!,#DIV/0!,-0.9436093031998911,#DIV/0!,#DIV/0!,#DIV/0!,0.6399198091164539,#DIV/0!,#DIV/0!,1.1663332780527462,-1.4681261961686136,#DIV/0!,#DIV!0,#DIV!0,#DIV!0,#DIV!0,#DIV!0,#DIV!0,D,#DIV!0,#DIV!0,#DIV!0,B-,#DIV!0,D-,#DIV!0,B,#DIV!0
5,Ontario & Yates Counties PUMA,0.28601513073241436,-2.6096965594255437,0.6504405715510352,0.41448111381827,#DIV/0!,0.551982645134381,0.19447142381001045,#DIV/0!,0.29020350350596613,-1.9423469655348464,-0.9497449498319642,#DIV/0!,#DIV/0!,0.9328550389799417,-1.4681261961686136,#DIV/0!,B-,E,B-,B-,#DIV!0,B-,C,#DIV!0,B-,E,D,#DIV!0,D-,#DIV!0,B,#DIV!0
6,Monroe County (Central)--Greece & Gates Towns PUMA,0.28601513073241436,-3.344974402396395,-1.8891721250838562,#DIV/0!,0.548298746468652,-1.40733420877083,-0.9436093031998911,#DIV/0!,0.29020350350596613,0.4646296155508488,-1.286166739661496,-4.053406736526311,-1.3708191499756057,0.05425040621829106,-0.6081521506315166,-0.9299230359314034,B-,E,E,#DIV!0,B-,D-,D,#DIV!0,B-,B-,D-,E,C-,D-,C,D
7,Nassau County (East Central)--Oyster Bay Town (Central) PUMA,0.28601513073241436,-0.015851801670832465,0.391079454367193,0.41448111381827,0.548298746468652,0.22166639231168037,-0.07274772930822597,0.2532773295313073,0.015325857382748807,0.02647987877662619,0.6399198091164539,#DIV/0!,0.32221908213243916,-0.22663931531131448,0.7501357642802423,#DIV/0!,B-,C,B-,B-,B-,C,C,B-,C,C,B-,#DIV!0,B,B-,C,#DIV!0
8,"Clinton, Franklin, Essex & Hamilton Counties PUMA",#DIV/0!,#DIV/0!,0.6504405715510352,#DIV/0!,#DIV/0!,0.6122604098772456,-0.9436093031998911,#DIV/0!,-0.13182194013361437,-1.9423469655348464,-0.44102352693778224,#DIV/0!,-0.5910080867006371,0.7724831953374559,-1.4681261961686136,#DIV/0!,#DIV!0,#DIV!0,B-,#DIV!0,#DIV!0,B-,D,#DIV!0,C,E,C-,#DIV!0,D-,C-,B,#DIV!0
9,NYC-Manhattan Community District 8--Upper East Side PUMA,0.28601513073241436,-0.23800354220780764,0.08772098113957762,0.31338109213434917,0.18124564332892076,-0.8392390413839286,-0.3759570354552842,-0.08354811024453691,#DIV/0!,-0.4090888374594201,-0.03414435983682572,#DIV/0!,#DIV/0!,-0.7316690354100982,-0.6962202711601794,#DIV/0!,B-,C,C,B-,C,D,C-,C,#DIV!0,C-,C,#DIV!0,C-,#DIV!0,C-,#DIV!0
10,Suffolk County (Southwest)--Islip Town (South) PUMA,0.28601513073241436,-0.12646307683751215,#DIV/0!,#DIV/0!,#DIV/0!,-0.49601191277468404,-0.17560599458027448,#DIV/0!,0.29020350350596613,0.502349331567013,0.6399198091164539,#DIV/0!,#DIV/0!,0.6956545052331078,-0.9754069372895204,#DIV/0!,B-,C,#DIV!0,#DIV!0,#DIV!0,C-,C,#DIV!0,B-,B-,B-,#DIV!0,D,#DIV!0,B-,#DIV!0
11,Erie County (Northwest) PUMA,0.28601513073241436,0.572278551523651,0.6207456072300578,#DIV/0!,0.548298746468652,-0.9525954737839738,-0.04997512229665997,#DIV/0!,#DIV/0!,#DIV/0!,0.6399198091164539,#DIV/0!,#DIV/0!,1.0864523632919034,-1.4681261961686136,#DIV/0!,B-,B-,B-,#DIV!0,B-,D,C,#DIV!0,#DIV!0,#DIV!0,B-,#DIV!0,D-,#DIV!0,B,#DIV!0
12,"NYC-Queens Community District 8--Briarwood, Fresh Meadows & Hillcrest PUMA",0.09887160097113132,0.22219896647919007,0.13021934667708507,#DIV/0!,0.460370747477963,-0.17370371983122165,0.21234723313583995,#DIV/0!,#DIV/0!,0.24718009456886564,0.03358775152064014,#DIV/0!,0.7301270129348817,-0.10667617303554254,-0.17104945719442516,#DIV/0!,C,C,C,#DIV!0,B-,C,C,#DIV!0,#DIV!0,C,C,#DIV!0,C,B-,C,#DIV!0
13,NYC-Brooklyn Community District 5--East New York & Starrett City PUMA,#DIV/0!,#DIV/0!,#DIV/0!,#DIV/0!,#DIV/0!,#DIV/0!,#DIV/0!,#DIV/0!,#DIV/0!,-0.3867296671247645,0.4774115368264315,0.27222238011440275,0.6527944854737682,4.804027497672586,1.9231361436527195,#DIV/0!,#DIV!0,#DIV!0,#DIV!0,#DIV!0,#DIV!0,#DIV!0,#DIV!0,#DIV!0,#DIV!0,C-,B-,B-,A,B-,A,#DIV!0
14,Rockland County (North)--New City & Congers PUMA,-0.04187574340426235,0.018029431418480485,0.6504405715510352,#DIV/0!,0.548298746468652,0.10611958726244627,-0.05624200962934021,#DIV/0!,0.20333946698224495,0.1303422252664098,-0.03700033195280349,0.08672824118773503,0.6912251909126335,-0.48484734352221465,0.4269855497880722,0.1452532855231539,C,C,B-,#DIV!0,B-,C,C,#DIV!0,C,C,C,C,B-,B-,C-,C
15,"Otsego, Schoharie, Oneida (South) & Herkimer (South) Counties PUMA",0.28601513073241436,0.30602992779665245,-0.33863925697673164,-1.2665855446821688,-1.0562945148864649,-0.6125728410528123,-0.3304116342472693,-0.43035124761662574,0.29020350350596613,0.5260740255822166,-1.6368844240299625,-5.19013304699032,#DIV/0!,0.9565100204524697,-0.14023154970189833,#DIV/0!,B-,B-,C-,D-,D,C-,C-,C-,B-,B-,D-,E,C,#DIV!0,B,#DIV!0
16,NYC-Brooklyn Community District 7--Sunset Park & Windsor Terrace PUMA,-0.0720099554346658,-0.06910936310318722,-4.624937235036744,#DIV/0!,-0.37988962220762973,-0.14630480709386365,-0.2791730835170269,#DIV/0!,#DIV/0!,-0.281219609439873,0.24695387834172117,0.021030867953810026,0.5729493371535229,-1.1067345657451138,-0.8129041435332177,#DIV/0!,C,C,E,#DIV!0,C-,C,C-,#DIV!0,#DIV!0,C-,C,C,D,B-,D,#DIV!0
17,NYC-Brooklyn Community District 11--Bensonhurst & Bath Beach PUMA,0.0774570728732307,0.08892550565624606,0.19522367235861593,#DIV/0!,0.34861124881357247,0.9478979653947802,0.09358989384281455,#DIV/0!,-0.6575070592944893,-0.33997860663805995,0.05356831498233384,-1.3617242480167637,-0.2744040619267088,1.0288335761856489,0.16651421489425206,-0.19781398140196957,C,C,C,#DIV!0,B-,B,C,#DIV!0,C-,C-,C,D-,C,C-,B,C
18,Tompkins County PUMA,0.28601513073241436,-0.45967244093522336,0.5239613148204503,0.41448111381827,0.548298746468652,-0.23754806628631733,-0.029338034065668105,0.1494568235075111,0.29020350350596613,-0.6138104967322275,0.6399198091164539,0.4524357504798548,-1.218474882825262,0.20239018129400535,0.48268344078692077,0.033621043660815905,B-,C-,B-,B-,B-,C,C,C,B-,C-,B-,B-,B-,D,C,C
19,Dutchess County (Southwest) PUMA,0.28601513073241436,0.524492840826488,-0.8363794993349887,#DIV/0!,-1.8302534576413991,0.1303571860604606,0.12009799952386284,#DIV/0!,-2.04542368976627,0.3976861697076236,0.046036764053288985,-1.750957474186006,0.5280220288016801,-0.3009595370385872,-0.30090882258527185,-0.48950065157336314,B-,B-,D,#DIV!0,E,C,C,#DIV!0,E,B-,C,E,C-,B-,C-,C-
20,NYC-Queens Community District 9--Richmond Hill & Woodhaven PUMA,0.13618087988371197,0.36806982071702044,0.03654282689748063,#DIV/0!,-1.5312624906232277,0.054011475124716754,-0.30848466920207473,#DIV/0!,0.20558016039609409,-0.44985094437293055,-0.22814638904849072,#DIV/0!,-0.1394488836373235,0.5296162658259039,0.3583938505429992,#DIV/0!,C,B-,C,#DIV!0,D-,C,C-,#DIV!0,C,C-,C,#DIV!0,B-,C,B-,#DIV!0
21,Westchester County (Northwest) PUMA,0.28601513073241436,0.05486964636384802,0.6504405715510352,0.41448111381827,0.548298746468652,-0.6100985794142697,-0.2162717751977226,0.1611049791888896,0.29020350350596613,-0.9859187279322674,-2.1396007363964062,#DIV/0!,0.1006100530300222,-1.0984404607669866,-0.5354940609872928,#DIV/0!,B-,C,B-,B-,B-,C-,C,C,B-,D,E,#DIV!0,C-,C,D,#DIV!0
22,Albany County (Outside Albany City) PUMA,0.28601513073241436,0.15267751606739555,0.6504405715510352,0.41448111381827,0.548298746468652,0.3022108837066997,-0.153043618164831,0.31444004916851936,0.13954722225158417,-0.40718943895828613,-0.8558728148287001,0.4524357504798548,0.8668973151079481,-1.470485535744685,0.38134298194822563,-0.1276177885348655,B-,C,B-,B-,B-,B-,C,B-,C,C-,D,B-,B-,B,D-,C
23,Monroe County (South) PUMA,0.28601513073241436,0.4172692793575406,-0.11182997130845655,#DIV/0!,0.548298746468652,-0.023929109492915886,0.25344536585856825,#DIV/0!,0.29020350350596613,-0.8586591044589486,0.6399198091164539,0.4524357504798548,0.8668973151079481,0.2006768179883179,-0.7574240008108338,0.1191500129898226,B-,B-,C,#DIV!0,B-,C,B-,#DIV!0,B-,D,B-,B-,D,B,C,C
24,Jefferson & Lewis Counties PUMA,0.28601513073241436,-1.2068895297541489,0.0668426932186596,0.41448111381827,-2.082159387634537,-0.8346463311624521,-0.24884860578010365,-0.5150292737945568,0.29020350350596613,-1.9423469655348464,0.3191276098945954,#DIV/0!,-0.8984805504644863,-0.5947179495764291,-1.4681261961686136,#DIV/0!,B-,D,C,B-,E,D,C,C-,B-,E,B-,#DIV!0,D-,D,C-,#DIV!0
25,"Chenango, Delaware & Broome (East) Counties PUMA",0.28601513073241436,0.863330572484768,0.6504405715510352,0.41448111381827,0.548298746468652,-1.40733420877083,0.12137471549225662,0.21094380596808096,0.29020350350596613,-0.002999818446066794,0.6399198091164539,0.4524357504798548,0.8668973151079481,0.3563484698870224,-0.35832662806663623,0.32063977165493457,B-,B,B-,B-,B-,D-,C,C,B-,C,B-,B-,C-,B,B-,B-
26,Erie County (Central) PUMA,-1.3692805998829194,0.5496059157032227,0.4695911784181383,#DIV/0!,#DIV/0!,-0.7213391046956764,-0.4265966961332809,#DIV/0!,0.29020350350596613,0.363130226230998,0.6399198091164539,0.4524357504798548,#DIV/0!,1.0816760203898506,-0.53495237157271,#DIV/0!,D-,B-,B-,#DIV!0,#DIV!0,C-,C-,#DIV!0,B-,B-,B-,B-,C-,#DIV!0,B,#DIV!0
27,St. Lawrence County PUMA,#DIV/0!,#DIV/0!,0.6504405715510352,#DIV/0!,#DIV/0!,0.37851312122739694,-0.9436093031998911,#DIV/0!,0.29020350350596613,0.5771783417958336,0.27568360559898814,0.4524357504798548,#DIV/0!,1.111287451576896,0.5998419296698068,#DIV/0!,#DIV!0,#DIV!0,B-,#DIV!0,#DIV!0,B-,D,#DIV!0,B-,B-,B-,B-,B-,#DIV!0,B,#DIV!0
28,"NYC-Manhattan Community District 9--Hamilton Heights, Manhattanville & West Harlem PUMA",0.1851105249430016,0.6772107656996323,0.049149261899951564,0.41448111381827,0.24925927672452622,-0.6177159918770454,-0.1606459641128315,0.11383556958507215,0.29020350350596613,-0.6324559262211282,-0.10992466316182377,#DIV/0!,-0.004634931088229003,-0.847045797302258,-0.018905340560430417,#DIV/0!,C,B-,C,B-,C,C-,C,C,B-,C-,C,#DIV!0,C,C,D,#DIV!0
29,Suffolk County (North Central)--Brookhaven Town (North) PUMA,0.28601513073241436,-1.0332140076293028,0.6504405715510352,#DIV/0!,#DIV/0!,-0.2917111268422758,0.10689208897379159,#DIV/0!,-0.29356992080239735,0.3693159908973775,0.3066706649513684,#DIV/0!,#DIV/0!,0.4436735771442482,0.6328627380517895,#DIV/0!,B-,D,B-,#DIV!0,#DIV!0,C-,C,#DIV!0,C-,B-,B-,#DIV!0,B-,#DIV!0,B-,#DIV!0
30,NYC-Brooklyn Community District 1--Greenpoint & Williamsburg PUMA,0.09528380834256536,-1.0849620160227746,0.34489411584977947,0.26732675956172675,0.2708180544049705,0.28269631099900755,0.3963069970420185,0.08176629002532763,#DIV/0!,-0.3808232650714946,0.36641487458932653,0.4524357504798548,0.30044026677481833,0.5225064779227208,0.7844245933934062,#DIV/0!,C,D,B-,B-,B-,B-,B-,C,#DIV!0,C-,B-,B-,B,B-,B-,#DIV!0
31,Cayuga & Onondaga (South) Counties PUMA,0.28601513073241436,0.49726790695028517,0.6504405715510352,0.41448111381827,#DIV/0!,-0.5616146223406799,-0.1842108328095587,#DIV/0!,#DIV/0!,#DIV/0!,#DIV/0!,#DIV/0!,#DIV/0!,#DIV/0!,-1.4681261961686136,#DIV/0!,B-,B-,B-,B-,#DIV!0,C-,C,#DIV!0,#DIV!0,#DIV!0,#DIV!0,#DIV!0,D-,#DIV!0,#DIV!0,#DIV!0
32,Nassau County (Southeast)--Oyster Bay Town (South) PUMA,-1.4713134702796193,-0.6524123001407106,0.6504405715510352,0.41448111381827,#DIV/0!,0.29190979602163986,0.2783960808530845,#DIV/0!,-0.15462563569094803,-0.07187426537912983,0.6399198091164539,0.4524357504798548,#DIV/0!,-1.036146912432355,0.04166877009312393,#DIV/0!,D-,C-,B-,B-,#DIV!0,B-,B-,#DIV!0,C,C,B-,B-,C,#DIV!0,D,#DIV!0
33,Fulton & Montgomery Counties PUMA,#DIV/0!,#DIV/0!,-2.813710127977072,#DIV/0!,#DIV/0!,-1.40733420877083,-0.9436093031998911,#DIV/0!,#DIV/0!,#DIV/0!,#DIV/0!,#DIV/0!,#DIV/0!,#DIV/0!,-1.4681261961686136,#DIV/0!,#DIV!0,#DIV!0,E,#DIV!0,#DIV!0,D-,D,#DIV!0,#DIV!0,#DIV!0,#DIV!0,#DIV!0,D-,#DIV!0,#DIV!0,#DIV!0
34,Onondaga County (Central)--Syracuse City (Outer) PUMA,0.28601513073241436,0.29303591662194917,0.6504405715510352,#DIV/0!,0.548298746468652,0.07399760563468656,0.16036305120560496,#DIV/0!,0.29020350350596613,-0.3944339569670864,0.6399198091164539,0.4524357504798548,0.8668973151079481,0.3904800414494721,0.3583093256801592,0.3719731126246811,B-,B-,B-,#DIV!0,B-,C,C,#DIV!0,B-,C-,B-,B-,B-,B,B-,B-
35,NYC-Staten Island Community District 2--New Springville & South Beach PUMA,0.28601513073241436,-0.17825567796709893,-0.43160530294899707,-0.013064283656946873,-4.4800141881986875,0.3970917610934063,0.15908512530192434,-0.6086782050919979,0.29020350350596613,0.04663609396923039,-0.6896431042360505,0.4524357504798548,-0.856313329980658,0.37029058400268705,0.9132381909496079,0.07526395552723399,B-,C,C-,C,E,B-,C,C-,B-,C,C-,B-,B,D,B-,C
36,Niagara County (Southwest)--Greater Niagara Falls & North Tonawanda Area PUMA,#DIV/0!,#DIV/0!,#DIV/0!,#DIV/0!,#DIV/0!,#DIV/0!,-0.9436093031998911,#DIV/0!,0.29020350350596613,-0.804347016373955,0.6399198091164539,0.4524357504798548,#DIV/0!,1.152208904333748,-0.27470101750923986,#DIV/0!,#DIV!0,#DIV!0,#DIV!0,#DIV!0,#DIV!0,#DIV!0,D,#DIV!0,B-,D,B-,B-,C-,#DIV!0,B,#DIV!0
37,Suffolk County (Central)--Brookhaven Town (Central) PUMA,0.28601513073241436,-0.6477828391033842,-0.05183644876362695,0.41448111381827,#DIV/0!,-0.45169035851445016,-0.19176227254379385,#DIV/0!,-0.8129980546590811,-0.8805378886127158,-0.703837952887248,0.4524357504798548,-0.7999837341287342,0.11237953064713742,0.0423304476774297,-0.3700302716404796,B-,C-,C,B-,#DIV!0,C-,C,#DIV!0,D,D,C-,B-,C,D,C,C-
38,"NYC-Bronx Community District 7--Bedford Park, Fordham North & Norwood PUMA",#DIV/0!,1.2031352616384883,0.6504405715510352,#DIV/0!,#DIV/0!,4.672351265311144,-0.15552699471582554,#DIV/0!,0.2795761967658797,-0.778059851672626,0.46485164034291265,0.3337585499046839,0.5438728931431087,#DIV/0!,1.076925902497701,#DIV/0!,#DIV!0,B,B-,#DIV!0,#DIV!0,A,C,#DIV!0,B-,D,B-,B-,B,B-,#DIV!0,#DIV!0
39,NYC-Queens Community District 4--Elmhurst & South Corona PUMA,0.255074287677452,-0.8838622570921899,0.5129526001492228,0.38707708905415783,0.321288488071405,0.28699321801276817,0.08575443021930249,0.13789683658458834,#DIV/0!,-0.2602766969209442,0.3002695723360753,#DIV/0!,0.5986960240384397,-0.17778090837303379,-0.28281705702303256,#DIV/0!,B-,D,B-,B-,B-,B-,C,C,#DIV!0,C-,B-,#DIV!0,C-,B-,C,#DIV!0
40,"NYC-Brooklyn Community District 6--Park Slope, Carroll Gardens & Red Hook PUMA",0.07228857744133732,-0.4172659053521809,0.5492781562759338,0.41448111381827,0.548298746468652,-0.3412447173851819,-0.1529046992572103,0.09613303885851714,#DIV/0!,#DIV/0!,#DIV/0!,#DIV/0!,#DIV/0!,#DIV/0!,-1.4681261961686136,#DIV/0!,C,C-,B-,B-,B-,C-,C,C,#DIV!0,#DIV!0,#DIV!0,#DIV!0,D-,#DIV!0,#DIV!0,#DIV!0
41,Suffolk County (Central)--Islip Town (East) PUMA,0.28601513073241436,0.09927266721925065,0.6504405715510352,#DIV/0!,0.548298746468652,-0.5967576625094537,0.011320974008346953,#DIV/0!,0.29020350350596613,0.23505704188129328,-8.059327314264998,0.4524357504798548,-1.6570313605505747,-1.7337061323744039,0.42639166491443453,-1.4351395494869181,B-,C,B-,#DIV!0,B-,C-,C,#DIV!0,B-,C,E,B-,B-,D-,D-,D-
42,"NYC-Brooklyn Community District 9--Crown Heights South, Prospect Lefferts & Wingate PUMA",0.28601513073241436,0.006202620139647029,0.6504405715510352,0.41448111381827,0.548298746468652,-1.40733420877083,-0.16062075970939801,0.048211887747112936,#DIV/0!,1.3172220750252597,0.4181730461032197,#DIV/0!,0.6000513930981219,-1.5253143270927334,-0.42849777796183597,#DIV/0!,B-,C,B-,B-,B-,D-,C,C,#DIV!0,A-,B-,#DIV!0,C-,B-,D-,#DIV!0
43,"NYC-Queens Community District 7--Flushing, Murray Hill & Whitestone PUMA",#DIV/0!,0.43719487814106106,0.43620627038552123,#DIV/0!,0.3256534278223286,0.03516680876075174,0.06110440500969112,#DIV/0!,0.22359202117372137,-0.3702678451475656,-0.03350982151074575,#DIV/0!,-0.296102156901362,-0.3692461797499305,0.5240994357545681,#DIV/0!,#DIV!0,B-,B-,#DIV!0,B-,C,C,#DIV!0,C,C-,C,#DIV!0,B-,C-,C-,#DIV!0
44,NYC-Queens Community District 3--Jackson Heights & North Corona PUMA,#DIV/0!,-0.15190129629876187,#DIV/0!,#DIV/0!,0.2112662208914036,-0.07650654382500835,-0.2641852706060466,#DIV/0!,#DIV/0!,1.287764569082162,-0.7625088370549632,#DIV/0!,0.29173567893040186,-0.7223416762132898,-0.5532129391018646,#DIV/0!,#DIV!0,C,#DIV!0,#DIV!0,C,C,C-,#DIV!0,#DIV!0,A-,D,#DIV!0,C-,B-,C-,#DIV!0
45,Saratoga County (Outer) PUMA,0.28601513073241436,0.4080126091537062,0.26118826616818586,0.41448111381827,#DIV/0!,0.4119164148544068,0.316885019804753,#DIV/0!,0.29020350350596613,0.5517575308884607,0.6399198091164539,0.4524357504798548,0.8668973151079481,-0.7900532818489767,0.009001679643341741,0.28859461527043545,B-,B-,B-,B-,#DIV!0,B-,B-,#DIV!0,B-,B-,B-,B-,C,B,D,B-
46,"NYC-Bronx Community District 12--Wakefield, Williamsbridge & Woodlawn PUMA",#DIV/0!,-0.14147903331680056,#DIV/0!,#DIV/0!,#DIV/0!,0.42180172606289634,-0.03711772707778076,#DIV/0!,#DIV/0!,-0.1803177759544447,-1.862291146134268,#DIV/0!,-0.0895968507846319,-0.6184522790889618,-0.393682095544816,#DIV/0!,#DIV!0,C,#DIV!0,#DIV!0,#DIV!0,B-,C,#DIV!0,#DIV!0,C,E,#DIV!0,C-,C,C-,#DIV!0
47,"NYC-Brooklyn Community District 15--Sheepshead Bay, Gerritsen Beach & Homecrest PUMA",0.24502975315879985,0.6063562922625704,0.29062583766837125,0.41448111381827,0.548298746468652,0.14793557534918889,0.2575294154515526,0.3586081048824864,-0.02697814326867726,0.7162273044055407,0.45126401066862587,0.39523489158746644,0.7536197912854682,0.10280231391422676,0.05862691915989087,0.3501138696789345,C,B-,B-,B-,B-,C,B-,B-,C,B-,B-,B-,C,B,C,B-
48,Wayne & Seneca Counties PUMA,#DIV/0!,-1.5551112839085852,0.6504405715510352,0.41448111381827,#DIV/0!,0.46931235996592235,10.351711699544696,#DIV/0!,0.29020350350596613,0.23118634234711402,-0.21608676338219973,0.4524357504798548,0.8668973151079481,-0.05968020728770115,0.2618968426935461,0.26097896906636114,#DIV!0,D-,B-,B-,#DIV!0,B-,A,#DIV!0,B-,C,C,B-,B-,B,C,B-
49,Schenectady County--Schenectady City PUMA,0.28601513073241436,-1.0472815774108146,0.01885329138646652,0.41448111381827,-0.37884978212450915,-0.08897875273360292,0.04129804849890881,-0.107780361118981,0.29020350350596613,0.22179720621146315,0.11684495161897027,0.4524357504798548,-0.4370156259167409,0.6353220466866102,0.5562861544043397,0.2622677124272091,B-,D,C,B-,C-,C,C,C,B-,C,C,B-,B-,C-,B-,B-
50,NYC-Brooklyn Community District 10--Bay Ridge & Dyker Heights PUMA,#DIV/0!,-0.3245387969058837,-0.34852282528167305,-0.5738878222321946,-0.8299220287598814,0.48185266979962993,-0.029381132924034922,#DIV/0!,0.29020350350596613,-0.22772064695948885,-0.09895151779201573,#DIV/0!,-0.4114578021784553,-0.4004780489620729,-0.2318550065240506,#DIV/0!,#DIV!0,C-,C-,C-,D,B-,C,#DIV!0,B-,C,C,#DIV!0,C,C-,C-,#DIV!0
51,Nassau County (Northwest)--North Hempstead Town (North) PUMA,-0.5929922147280602,-0.21972484634781297,-0.022363208559285686,0.41448111381827,0.196873821282998,0.1716585949737668,0.1552397439567396,0.014739000628087941,-0.09625332539134797,-0.5442110597796177,0.13591738137920686,#DIV/0!,-0.9509943420440589,0.3895265023596162,-0.2487215488832973,#DIV/0!,C-,C,C,B-,C,C,C,C,C,C-,C,#DIV!0,C,D,B-,#DIV!0
52,Suffolk County (West Central)--Babylon Town (Northwest) PUMA,0.17884108441151653,-0.1374979523998206,0.6504405715510352,0.41448111381827,0.548298746468652,0.3081796231769078,-0.11748125566532032,0.26360884733732004,-0.4563527131614835,0.1582368171872087,-0.018846459242020604,#DIV/0!,-3.45504209504676,0.18059440012013384,0.7669721842269469,#DIV/0!,C,C,B-,B-,B-,B-,C,B-,C-,C,C,#DIV!0,B,E,C,#DIV!0
53,"NYC-Manhattan Community District 4 & 5--Chelsea, Clinton & Midtown Business District PUMA",0.28601513073241436,-0.5895039567179415,-0.7857191249173174,0.41448111381827,0.15252387947035861,-0.12359007137348993,0.2948478565325515,-0.05013502463645062,0.29020350350596613,-0.7067706705888294,0.5682319265556807,0.4524357504798548,0.8668973151079481,-0.6974795819270652,0.28404261432427386,0.15108012249397557,B-,C-,D,B-,C,C,B-,C,B-,C-,B-,B-,B-,B,C-,C
54,Columbia & Greene Counties PUMA,0.28601513073241436,-3.344974402396395,0.1256188114845591,#DIV/0!,#DIV/0!,0.47578635958336846,-0.9436093031998911,#DIV/0!,0.29020350350596613,-0.8222652135360563,-0.03286510510781424,0.4524357504798548,0.8668973151079481,-0.2325786451925896,-0.07434965658787494,0.06392542123849056,B-,E,C,#DIV!0,#DIV!0,B-,D,#DIV!0,B-,D,C,B-,C,B,C,C
55,Rensselaer County--Troy City PUMA,0.28601513073241436,-0.3808240933095487,-1.9717494708021623,-1.1019499955637453,#DIV/0!,-0.4101923416146196,-0.24258939440842908,#DIV/0!,0.29020350350596613,0.17882419913488168,0.6399198091164539,0.4524357504798548,0.8668973151079481,-1.7337061323744039,0.8689401681308164,0.22335923044307388,B-,C-,E,D,#DIV!0,C-,C,#DIV!0,B-,C,B-,B-,B,B,D-,C
56,Erie County (West Central)--Buffalo City (West) PUMA,-1.2942081848790639,-1.0354674161791504,-0.3345339534978394,-1.6054626034857558,0.126431329866053,-1.1619219005208365,-0.5366317878063825,-0.8345420737861392,-0.8066920127073759,-1.0717095410516038,0.0428079488746819,0.4524357504798548,0.8668973151079481,1.5371149249668121,0.06826868188513188,0.15558900965077846,D-,D,C-,D-,C,D,C-,D,D,D,C,B-,C,B,A-,C
57,Erie County (South) PUMA,0.28601513073241436,0.4768207571972947,-1.0162724871844364,0.41448111381827,#DIV/0!,-0.5652480784725753,-0.08723611226499176,#DIV/0!,#DIV/0!,#DIV/0!,#DIV/0!,#DIV/0!,#DIV/0!,#DIV/0!,-1.4681261961686136,#DIV/0!,B-,B-,D,B-,#DIV!0,C-,C,#DIV!0,#DIV!0,#DIV!0,#DIV!0,#DIV!0,D-,#DIV!0,#DIV!0,#DIV!0
58,Oneida County (Central)--Greater Utica & Rome Cities PUMA,0.28601513073241436,-1.1246530549967348,0.4592198421823687,0.41448111381827,0.35185909349057765,-0.5300016818297405,-0.4886628790451635,-0.09024891937828687,0.29020350350596613,-0.7437028297993279,-0.32681665665521487,0.12026092569871773,0.8668973151079481,-0.698190307030204,-0.09652169209770067,-0.08398139160997364,B-,D,B-,B-,B-,C-,C-,C,B-,C-,C-,C,C,B,C-,C
59,"NYC-Manhattan Community District 12--Washington Heights, Inwood & Marble Hill PUMA",0.28601513073241436,-0.28218191103414847,-0.042767347768490956,-2.7503209811944127,0.35099741166310067,-0.44178059603121267,-0.3264080477317749,-0.45806376305207497,#DIV/0!,0.01351123313663262,0.10003105456948198,#DIV/0!,-0.2532342573023414,-1.473134595784518,0.13702707834079997,#DIV/0!,B-,C-,C,E,B-,C-,C-,C-,#DIV!0,C,C,#DIV!0,C,C-,D-,#DIV!0
60,NYC-Brooklyn Community District 13--Brighton Beach & Coney Island PUMA,-0.03808532793439551,-0.9509080587270214,-0.6686144292905424,#DIV/0!,0.3654448702015826,-0.13447169749535534,-0.09909277395378815,#DIV/0!,#DIV/0!,-0.2957974944787719,0.29594201861592795,0.4524357504798548,0.1396355526652001,-0.6204081294861022,0.5943435685607193,#DIV/0!,C,D,C-,#DIV!0,B-,C,C,#DIV!0,#DIV!0,C-,B-,B-,B-,C,C-,#DIV!0
61,NYC-Manhattan Community District 10--Central Harlem PUMA,#DIV/0!,-0.3544815199152624,-1.3447186040343173,#DIV/0!,-1.2577987255908254,0.24604843226887985,-0.20172352585717648,#DIV/0!,#DIV/0!,-1.2356107342489935,0.4259696068544021,0.30236583154158264,#DIV/0!,#DIV/0!,2.340479755686452,#DIV/0!,#DIV!0,C-,D-,#DIV!0,D-,C,C,#DIV!0,#DIV!0,D,B-,B-,A,#DIV!0,#DIV!0,#DIV!0
62,Nassau County (West Central)--North Hempstead Town (South) PUMA,0.12912410423975246,-0.20049054054481882,0.3861360435958084,#DIV/0!,0.548298746468652,0.24184242659629707,0.3382103018044932,#DIV/0!,#DIV/0!,-0.45353923923531175,0.12318401137314512,0.4524357504798548,-0.5274277908415298,0.6132823704234981,0.35515760563622534,#DIV/0!,C,C,B-,#DIV!0,B-,C,B-,#DIV!0,#DIV!0,C-,C,B-,B-,C-,B-,#DIV!0
63,NYC-Brooklyn Community District 16--Brownsville & Ocean Hill PUMA,#DIV/0!,7.04217679093676,0.5331051753580851,#DIV/0!,0.3871460197090317,0.4751239615868896,-0.35987526290342703,#DIV/0!,#DIV/0!,-0.3228610003724232,0.38813740568268806,0.16452132717552603,0.824734682369608,-0.5218562810577437,-0.5216601841001451,#DIV/0!,#DIV!0,A,B-,#DIV!0,B-,B-,C-,#DIV!0,#DIV!0,C-,B-,C,C-,B,C-,#DIV!0
64,Albany County (East Central)--Albany City PUMA,-0.4459975169962888,-0.6234000141966859,-0.36607467352385886,-1.5108961321116419,0.548298746468652,-0.1528510281451828,-0.24372596629566531,-0.39923522640009595,0.29020350350596613,0.028051428823905145,0.6399198091164539,0.4524357504798548,0.8668973151079481,-1.041112078124783,0.45034445054155464,0.24096288277869995,C-,C-,C-,D-,B-,C,C,C-,B-,C,B-,B-,B-,B,D,C
65,Nassau County (West Central)--Hempstead Town (West Central) PUMA,0.28601513073241436,0.7383314656017123,0.3815957082895712,#DIV/0!,#DIV/0!,0.3626680876361105,0.04734293617702831,#DIV/0!,#DIV/0!,-0.34573917390537506,-0.25957233981400646,0.021167859473907254,-0.6772766226735835,0.3648507951432118,0.2491630009158087,#DIV/0!,B-,B-,B-,#DIV!0,#DIV!0,B-,C,#DIV!0,#DIV!0,C-,C-,C,C,C-,B-,#DIV!0
66,Chemung (South) & Steuben (East) Counties--Greater Elmira & Greater Corning Cities PUMA,-1.806494992732998,0.4585842314708614,0.6504405715510352,0.41448111381827,#DIV/0!,0.47484243080403515,-0.1625646364657871,#DIV/0!,0.29020350350596613,0.34064820240742705,0.18337415242156554,0.4524357504798548,0.29193975855800336,-1.7337061323744039,-0.9343459513698202,-0.1584929594816296,E,B-,B-,B-,#DIV!0,B-,C,#DIV!0,B-,B-,C,B-,D,B-,D-,C
67,"NYC-Bronx Community District 3 & 6--Belmont, Crotona Park East & East Tremont PUMA",#DIV/0!,3.029496666864643,0.563971095964656,#DIV/0!,0.4782396881811349,#DIV/0!,-0.6832191364627365,#DIV/0!,#DIV/0!,#DIV/0!,0.5021994956338623,#DIV/0!,#DIV/0!,#DIV/0!,#DIV/0!,#DIV/0!,#DIV!0,A,B-,#DIV!0,B-,#DIV!0,C-,#DIV!0,#DIV!0,#DIV!0,B-,#DIV!0,#DIV!0,#DIV!0,#DIV!0,#DIV!0
68,"NYC-Bronx Community District 5--Morris Heights, Fordham South & Mount Hope PUMA",#DIV/0!,#DIV/0!,#DIV/0!,#DIV/0!,#DIV/0!,#DIV/0!,#DIV/0!,#DIV/0!,#DIV/0!,#DIV/0!,0.517798411514433,#DIV/0!,#DIV/0!,#DIV/0!,#DIV/0!,#DIV/0!,#DIV!0,#DIV!0,#DIV!0,#DIV!0,#DIV!0,#DIV!0,#DIV!0,#DIV!0,#DIV!0,#DIV!0,B-,#DIV!0,#DIV!0,#DIV!0,#DIV!0,#DIV!0
69,"NYC-Bronx Community District 8--Riverdale, Fieldston & Kingsbridge PUMA",0.28601513073241436,-0.1683062181629688,0.13438021197247582,#DIV/0!,#DIV/0!,-0.8848837925302616,-0.5162195750162292,#DIV/0!,0.1804491211301016,-0.5676240701751336,-0.5476946643991741,#DIV/0!,#DIV/0!,-0.6928724469939892,0.06366093072179226,#DIV/0!,B-,C,C,#DIV!0,#DIV!0,D,C-,#DIV!0,C,C-,C-,#DIV!0,C,#DIV!0,C-,#DIV!0
70,Erie County (Northeast) PUMA,#DIV/0!,0.38746477431716064,0.6504405715510352,0.41448111381827,0.548298746468652,-0.3045034971644025,0.04276360965619074,#DIV/0!,#DIV/0!,#DIV/0!,#DIV/0!,#DIV/0!,#DIV/0!,#DIV/0!,-1.4681261961686136,#DIV/0!,#DIV!0,B-,B-,B-,B-,C-,C,#DIV!0,#DIV!0,#DIV!0,#DIV!0,#DIV!0,D-,#DIV!0,#DIV!0,#DIV!0
71,NYC-Manhattan Community District 11--East Harlem PUMA,#DIV/0!,0.1407554784463499,0.25802458067677103,#DIV/0!,0.4390660387510846,-0.7048524483024149,-0.4376744804001048,#DIV/0!,0.2078590494526339,-0.22075186168258687,0.50372200726382,#DIV/0!,0.6083727314763574,#DIV/0!,0.3868247834570743,#DIV/0!,#DIV!0,C,B-,#DIV!0,B-,C-,C-,#DIV!0,C,C,B-,#DIV!0,B-,B-,#DIV!0,#DIV!0
72,Orange County (Southeast) PUMA,0.28601513073241436,0.20174233991472013,-5.370436486568306,-2.7259003448058525,#DIV/0!,0.6624535823378699,0.49825142389722143,#DIV/0!,0.29020350350596613,0.5441655507139515,0.6399198091164539,0.4524357504798548,0.8668973151079481,-0.15606600677855187,0.19102379376955342,0.40408281655931083,B-,C,E,E,#DIV!0,B-,B-,#DIV!0,B-,B-,B-,B-,C,B,C,B-
73,Westchester County (Southeast) PUMA,0.022010398346826724,-0.14486326035161165,0.3691965394436024,0.41448111381827,0.548298746468652,-0.6170148270984894,-0.3199737195064374,0.038876427302973235,#DIV/0!,1.1485455791797443,0.4067894616855345,#DIV/0!,0.8668973151079481,0.04948381406697197,-0.2793444346533976,#DIV/0!,C,C,B-,B-,B-,C-,C-,C,#DIV!0,B,B-,#DIV!0,C-,B,C,#DIV!0
74,NYC-Queens Community District 1--Astoria & Long Island City PUMA,-0.049859117503224255,-0.12082892803235983,-0.12809040878892727,-0.8048712069131372,-0.22097588843133845,2.0371557780732994,0.015315311544848786,0.1039779342784516,0.014383751811057263,-0.2020073284562896,0.2734929329414808,0.3367262965808898,-0.2849036155308558,-0.8511325652064583,0.0065351444642388675,-0.10098648334227671,C,C,C,D,C,A,C,C,C,C,B-,B-,C,C-,D,C
75,Livingston & Wyoming Counties PUMA,#DIV/0!,#DIV/0!,#DIV/0!,#DIV/0!,#DIV/0!,#DIV/0!,-0.9436093031998911,#DIV/0!,0.29020350350596613,0.41042751670542393,0.6399198091164539,0.4524357504798548,#DIV/0!,1.1380276379539644,-0.2323522340561613,#DIV/0!,#DIV!0,#DIV!0,#DIV!0,#DIV!0,#DIV!0,#DIV!0,D,#DIV!0,B-,B-,B-,B-,C,#DIV!0,B,#DIV!0
76,Suffolk County (Central)--Brookhaven Town (West Central) PUMA,0.28601513073241436,0.43641085225446763,-0.4292892951856372,#DIV/0!,#DIV/0!,0.1391424291870401,0.9080282363085833,#DIV/0!,0.29020350350596613,-0.8463451919606318,-0.8723589771802952,0.4524357504798548,#DIV/0!,0.7392318523037184,1.1000263322825494,#DIV/0!,B-,B-,C-,#DIV!0,#DIV!0,C,B,#DIV!0,B-,D,D,B-,B,#DIV!0,B-,#DIV!0
77,Westchester County (Southwest)--Yonkers City PUMA,0.14544136413295908,-0.15938950737138424,0.4079348328818155,0.127829606527077,0.337055699814512,0.011138822595851468,-0.03021145998792702,0.11997133694184338,#DIV/0!,-0.225372786695702,0.13942368888483475,-0.6009895106146247,0.5336515557867547,-0.9703245091376446,-0.11812375016606393,#DIV/0!,C,C,B-,C,B-,C,C,C,#DIV!0,C,C,C-,C,B-,D,#DIV!0
78,Erie County (North Central) PUMA,0.28601513073241436,-0.498016977115157,-0.8606465262749127,0.41448111381827,-0.03787399612550659,-0.526552545062582,0.0046282564758695355,-0.1739950776502292,#DIV/0!,1.1273335876101565,0.6399198091164539,0.4524357504798548,0.8668973151079481,-1.7337061323744039,0.062036274453396094,#DIV/0!,B-,C-,D,B-,C,C-,C,C,#DIV!0,B,B-,B-,C,B,D-,#DIV!0
79,Saratoga County (South & Central) PUMA,-0.37886419105956837,0.5607252999161886,0.6504405715510352,0.41448111381827,0.548298746468652,-0.3001447667382153,0.14493325983480324,0.2342671476844522,0.29020350350596613,0.5684170463387888,0.6399198091164539,0.4524357504798548,#DIV/0!,1.4279439463447798,-0.023296049910413754,#DIV/0!,C-,B-,B-,B-,B-,C-,C,C,B-,B-,B-,B-,C,#DIV!0,A-,#DIV!0
80,Suffolk County (South Central)--Brookhaven Town (South) PUMA,#DIV/0!,0.5682359966247627,0.6504405715510352,#DIV/0!,0.548298746468652,0.19672725186046439,0.10325804755713675,#DIV/0!,0.29020350350596613,-0.30593688766596505,-0.09289766205421712,0.4524357504798548,-1.1099516593534298,-0.3245335195386587,0.30945563958086514,-0.11160354786365494,#DIV!0,B-,B-,#DIV!0,B-,C,C,#DIV!0,B-,C-,C,B-,B-,D,C-,C
81,"NYC-Staten Island Community District 3--Tottenville, Great Kills & Annadale PUMA",0.28601513073241436,0.25225736485319683,0.6504405715510352,0.41448111381827,#DIV/0!,0.41567752694219406,-0.16734961943722074,#DIV/0!,0.29020350350596613,0.3643352699452431,0.6399198091164539,0.4524357504798548,#DIV/0!,0.6590760070684912,-0.30192545564463963,#DIV/0!,B-,B-,B-,B-,#DIV!0,B-,C,#DIV!0,B-,B-,B-,B-,C-,#DIV!0,B-,#DIV!0
82,Herkimer (North & Central) & Oneida (Outer) Counties PUMA,#DIV/0!,#DIV/0!,-0.7291599108313735,#DIV/0!,#DIV/0!,0.31994727430360115,-0.9436093031998911,#DIV/0!,#DIV/0!,#DIV/0!,0.6399198091164539,#DIV/0!,#DIV/0!,1.0134879262491565,-1.4681261961686136,#DIV/0!,#DIV!0,#DIV!0,C-,#DIV!0,#DIV!0,B-,D,#DIV!0,#DIV!0,#DIV!0,B-,#DIV!0,D-,#DIV!0,B,#DIV!0
83,Niagara County (North & East) PUMA,#DIV/0!,#DIV/0!,0.6504405715510352,#DIV/0!,#DIV/0!,0.25725325107696506,-0.9436093031998911,#DIV/0!,0.29020350350596613,0.6678113704933109,0.6399198091164539,0.4524357504798548,#DIV/0!,1.0396669715362645,1.0626565217143387,#DIV/0!,#DIV!0,#DIV!0,B-,#DIV!0,#DIV!0,B-,D,#DIV!0,B-,B-,B-,B-,B,#DIV!0,B,#DIV!0
84,Monroe County (Central)--Rochester City (East) PUMA,0.28601513073241436,0.20134110445193903,0.1296732896537427,0.41448111381827,0.548298746468652,-0.3606492355112836,0.03911161968538384,0.17975310989987406,0.29020350350596613,1.2176536758487484,0.1460285046915334,-2.0085553677656973,0.04471967565768396,-0.0835874505408399,-0.37641448757901563,-0.10999313516880298,B-,C,C,B-,B-,C-,C,C,B-,B,C,E,C-,C,C,C
85,Warren & Washington Counties PUMA,0.28601513073241436,0.9395278825186106,-2.580849841197556,0.41448111381827,-1.9208441770478721,-1.1981269559069405,0.5544157963891769,-0.5007687215276995,#DIV/0!,#DIV/0!,#DIV/0!,#DIV/0!,#DIV/0!,#DIV/0!,-1.4681261961686136,#DIV/0!,B-,B,E,B-,E,D,B-,C-,#DIV!0,#DIV!0,#DIV!0,#DIV!0,D-,#DIV!0,#DIV!0,#DIV!0
86,Nassau County (Southwest)--Hempstead Town (Southwest) & Long Beach City PUMA,0.28601513073241436,0.3662684157941259,0.13745380042268407,0.080401971890814,-1.2522083387466254,0.1470529965027725,0.7135885472281931,0.06836750340348263,0.29020350350596613,0.9651705245561808,-0.1332587670446672,-0.42335170664140065,0.8668973151079481,-0.03144699712006069,0.2165270598262318,0.25010584745574266,B-,B-,C,C,D-,C,B-,C,B-,B,C,C-,C,B,C,B-
87,NYC-Brooklyn Community District 8--Crown Heights North & Prospect Heights PUMA,#DIV/0!,-0.8491543362232226,-0.22765727971165,0.41448111381827,0.2475127292027405,2.200068490509414,0.2943342732290855,#DIV/0!,0.29020350350596613,1.9643958813131315,0.420004085810095,0.4524357504798548,0.33470835728007514,-0.21678799870576554,0.4989269227050084,0.5348409289126236,#DIV!0,D,C,B-,C,A,B-,#DIV!0,B-,A,B-,B-,B-,B-,C,B-
88,Onondaga County (Central)--Syracuse City PUMA,#DIV/0!,0.8868583444260467,-0.4828941940418297,0.092762882441956,-2.97301866812126,-1.40733420877083,-0.02960267151191045,#DIV/0!,-0.37057703443076767,-0.44666168041471516,-0.04696562103624088,0.4524357504798548,0.5560541726938277,-0.594424762813415,0.8394763337469733,0.05561959403221672,#DIV!0,B,C-,C,E,D-,C,#DIV!0,C-,C-,C,B-,B,B-,C-,C
89,Westchester County (Central)--White Plains City PUMA,-0.024744630756392452,-0.07839099387879525,-0.3979789042215483,-2.4413691772283945,0.14443330697954576,-0.2525062864319088,0.09074961825911648,-0.42282958103976814,0.29020350350596613,-0.8224409082099473,0.31687720841806494,#DIV/0!,-2.791105957117934,-0.13750906477300157,0.16950877866309674,#DIV/0!,C,C,C-,E,C,C-,C,C-,B-,D,B-,#DIV!0,C,E,C,#DIV!0
90,NYC-Brooklyn Community District 3--Bedford-Stuyvesant PUMA,#DIV/0!,-0.2718574209200551,0.24676485738611356,0.41448111381827,-0.3397290067425431,2.6597514242634457,0.3900237307045313,#DIV/0!,0.29020350350596613,0.9437291684405176,0.33822261718112223,0.2675770521033433,0.517207367071522,1.599371269714081,0.5425292609038174,0.64269146270291,#DIV!0,C-,C,B-,C-,A,B-,#DIV!0,B-,B,B-,B-,B-,B-,A-,B-
91,"NYC-Bronx Community District 1 & 2--Hunts Point, Longwood & Melrose PUMA",#DIV/0!,-0.27825644322641185,0.18898532334946125,#DIV/0!,#DIV/0!,-0.4999249341740145,-0.6473120919324623,#DIV/0!,#DIV/0!,7.858743371894131,-0.0880268565228002,#DIV/0!,-0.7107435571176417,#DIV/0!,2.0603941963710795,#DIV/0!,#DIV!0,C-,C,#DIV!0,#DIV!0,C-,C-,#DIV!0,#DIV!0,A,C,#DIV!0,A,C-,#DIV!0,#DIV!0
92,Cattaraugus & Allegany Counties PUMA,0.28601513073241436,0.36245684807980244,0.6504405715510352,0.41448111381827,0.548298746468652,-0.48125817467089327,0.4677701181035771,0.32117205058326537,-3.0861933937027164,#DIV/0!,-0.6674008019059541,#DIV/0!,#DIV/0!,1.0964928865254198,-1.4681261961686136,#DIV/0!,B-,B-,B-,B-,B-,C-,B-,B-,E,#DIV!0,C-,#DIV!0,D-,#DIV!0,B,#DIV!0
93,Oswego County PUMA,0.28601513073241436,0.37205775842019545,0.6504405715510352,0.41448111381827,#DIV/0!,0.43967921048026415,0.5495806378986936,#DIV/0!,0.29020350350596613,0.4777145971836056,0.6399198091164539,0.4524357504798548,#DIV/0!,0.8534377426656305,-0.45812024697742043,#DIV/0!,B-,B-,B-,B-,#DIV!0,B-,B-,#DIV!0,B-,B-,B-,B-,C-,#DIV!0,B,#DIV!0
94,"NYC-Queens Community District 5--Ridgewood, Glendale & Middle Village PUMA",0.2393448970755752,-0.3025105284594336,-0.324068117189914,0.41448111381827,-0.6738523348590465,-0.13669613262886418,-0.19028470170655606,-0.13908368627856701,0.1410659015734943,-0.2306847917431932,-0.14580022098450865,-2.0606688167755687,-1.1664511317533146,-0.45724799497646557,-0.1602502122043541,-0.5828624666948443,C,C-,C-,B-,C-,C,C,C,C,C,C,E,C,D,C-,C-
95,Monroe County (East) PUMA,#DIV/0!,0.7925682073461378,0.6504405715510352,0.41448111381827,#DIV/0!,-0.1193552125315248,0.4722086501417098,#DIV/0!,0.29020350350596613,-1.4480884521567376,-0.7462551813771816,0.4524357504798548,-0.9072930262646887,-0.5960280493635736,0.28978127131873815,-0.3807491691225175,#DIV!0,B,B-,B-,#DIV!0,C,B-,#DIV!0,B-,D-,C-,B-,B-,D,C-,C-
96,Westchester County (South Central)--New Rochelle & Mount Vernon Cities PUMA,0.28601513073241436,0.2275480965497688,0.6504405715510352,0.41448111381827,0.548298746468652,-0.30543848776349114,-0.2344195213425492,0.22670366428772856,#DIV/0!,-1.0235742633176588,0.21579633628757544,0.4524357504798548,0.8668973151079481,-0.6807775611551731,0.4034490994377576,#DIV/0!,B-,C,B-,B-,B-,C-,C,C,#DIV!0,D,C,B-,B-,B,C-,#DIV!0
97,"NYC-Queens Community District 14--Far Rockaway, Breezy Point & Broad Channel PUMA",0.28601513073241436,1.2309148699912282,0.15227735659488106,#DIV/0!,0.1539210033643821,-1.172660871526872,-0.28940897292088996,#DIV/0!,0.29020350350596613,0.01866193043225186,0.6399198091164539,0.4524357504798548,#DIV/0!,1.495224627271913,-0.26968885988225927,#DIV/0!,B-,B,C,#DIV!0,C,D,C-,#DIV!0,B-,C,B-,B-,C-,#DIV!0,A-,#DIV!0
98,"NYC-Brooklyn Community District 12--Borough Park, Kensington & Ocean Parkway PUMA",0.13183248968557687,-0.21335238639324897,0.34695784225316656,0.1658064213105637,0.32224231697526456,-1.0743523391120477,-0.26110356161448195,-0.08313845955645813,-0.6320184316195339,1.058609495361489,0.38597675478223237,-1.545677241461137,0.8287508041632038,-0.5763830737462464,-0.14558636789665938,-0.08947543720237879,C,C,B-,C,B-,D,C-,C,C-,B,B-,D-,C,B,C-,C
99,"NYC-Bronx Community District 10--Co-op City, Pelham Bay & Schuylerville PUMA",#DIV/0!,0.5445668652311176,#DIV/0!,#DIV/0!,#DIV/0!,0.06172098792118682,-0.29015653066481417,#DIV/0!,#DIV/0!,-0.7125634179515703,0.41132889515081117,0.4524357504798548,0.6077537060083045,-0.227108848185187,1.2714043198557523,#DIV/0!,#DIV!0,B-,#DIV!0,#DIV!0,#DIV!0,C,C-,#DIV!0,#DIV!0,C-,B-,B-,A-,B-,C,#DIV!0
100,"NYC-Queens Community District 11--Bayside, Douglaston & Little Neck PUMA",#DIV/0!,-0.3893643351852371,0.28692544256004154,#DIV/0!,#DIV/0!,0.04033505433112265,0.033851201532742785,#DIV/0!,0.23465919892929443,0.18957641119669366,0.4467470388930854,#DIV/0!,0.6738963478601525,-0.1590649296467996,0.3840031805857536,#DIV/0!,#DIV!0,C-,B-,#DIV!0,#DIV!0,C,C,#DIV!0,C,C,B-,#DIV!0,B-,B-,C,#DIV!0
101,"NYC-Manhattan Community District 6--Murray Hill, Gramercy & Stuyvesant Town PUMA",-0.03897761834842561,-0.675709746630852,0.10147374800061235,0.41448111381827,-0.11244972517044519,1.2438049647271905,0.14019604308301212,0.1532598256399089,#DIV/0!,#DIV/0!,0.6399198091164539,#DIV/0!,#DIV/0!,-1.7337061323744039,-1.4681261961686136,#DIV/0!,C,C-,C,B-,C,B,C,C,#DIV!0,#DIV!0,B-,#DIV!0,D-,#DIV!0,D-,#DIV!0
102,Chautauqua County PUMA,0.28601513073241436,0.5518233141943938,0.6504405715510352,0.41448111381827,#DIV/0!,0.5591575193105245,-0.12142747406008735,#DIV/0!,#DIV/0!,#DIV/0!,-0.7134840458714821,#DIV/0!,-0.7896382440590384,-1.7337061323744039,-1.4681261961686136,#DIV/0!,B-,B-,B-,B-,#DIV!0,B-,C,#DIV!0,#DIV!0,#DIV!0,C-,#DIV!0,D-,D,D-,#DIV!0
103,NYC-Brooklyn Community District 18--Canarsie & Flatlands PUMA,#DIV/0!,0.3014313759683329,-0.5249155828142027,#DIV/0!,0.009986464079219364,-0.19269459318862456,-0.057342578313825686,#DIV/0!,-0.7586423091382125,-0.014083132848873692,-0.49736220651617297,#DIV/0!,0.5113680707511671,-0.28041167332606204,0.8849783780906831,#DIV/0!,#DIV!0,B-,C-,#DIV!0,C,C,C,#DIV!0,D,C,C-,#DIV!0,B,B-,C-,#DIV!0
104,Erie County (West Central)--Buffalo City (East) PUMA,0.28601513073241436,0.4718705705583696,-4.439477764806672,#DIV/0!,-3.1924385430803146,-0.1150767846838172,-0.7248550778826568,#DIV/0!,0.29020350350596613,-1.9423469655348464,-0.09406644388899095,#DIV/0!,-0.6245368443504936,-1.7337061323744039,-1.4681261961686136,#DIV/0!,B-,B-,E,#DIV!0,E,C,C-,#DIV!0,B-,E,C,#DIV!0,D-,C-,D-,#DIV!0
105,Genesee & Orleans Counties PUMA,0.28601513073241436,0.33637661161705285,0.6504405715510352,0.41448111381827,0.548298746468652,-1.40733420877083,1.9804081240602924,0.4012408699252695,0.29020350350596613,0.5024989473698513,0.6399198091164539,0.4524357504798548,#DIV/0!,0.8598066268825807,-0.365350906790176,#DIV/0!,B-,B-,B-,B-,B-,D-,A,B-,B-,B-,B-,B-,C-,#DIV!0,B,#DIV!0
106,"NYC-Staten Island Community District 1--Port Richmond, Stapleton & Mariner's Harbor PUMA",0.17837397310599468,-0.10513732413889221,0.12730123558926829,#DIV/0!,#DIV/0!,0.22432782744177626,0.2381496159125794,#DIV/0!,0.2150826056583549,-0.12917915034249247,-0.003953177758676393,-0.16520020083064807,0.6389292446084122,-0.1421853560678079,-0.30763580937986107,0.01512259369818302,C,C,C,#DIV!0,#DIV!0,C,C,#DIV!0,C,C,C,C,C-,B-,C,C
107,"Steuben (North & West), Schuyler & Chemung (North) Counties PUMA",#DIV/0!,#DIV/0!,#DIV/0!,#DIV/0!,#DIV/0!,#DIV/0!,-0.9436093031998911,#DIV/0!,0.29020350350596613,0.4881822490014713,0.6399198091164539,0.4524357504798548,0.8668973151079481,-0.42712749031227504,-0.21128713256829465,0.2998891434758749,#DIV!0,#DIV!0,#DIV!0,#DIV!0,#DIV!0,#DIV!0,D,#DIV!0,B-,B-,B-,B-,C,B,C-,B-
108,Nassau County (South Central)--Hempstead Town (Southeast) PUMA,0.28601513073241436,-0.37102849010154704,-0.24765269849445368,#DIV/0!,-4.0721486111736125,0.06739666663197869,-0.006435846647806348,#DIV/0!,0.29020350350596613,0.06674665068704214,-0.33760355301678246,0.4524357504798548,-2.304768365415361,-0.26621646741298555,0.09050988857575792,-0.28695608465664396,B-,C-,C,#DIV!0,E,C,C,#DIV!0,B-,C,C-,B-,C,E,C-,C-
109,"NYC-Bronx Community District 9--Castle Hill, Clason Point & Parkchester PUMA",#DIV/0!,-0.6419066724793706,#DIV/0!,#DIV/0!,#DIV/0!,7.081875271291134,-0.6026868807466912,#DIV/0!,#DIV/0!,-0.2789113605368221,0.16723965742163624,#DIV/0!,0.10699709305278968,2.327014267408934,-0.46694579343653336,#DIV/0!,#DIV!0,C-,#DIV!0,#DIV!0,#DIV!0,A,C-,#DIV!0,#DIV!0,C-,C,#DIV!0,C-,C,A,#DIV!0
110,Suffolk County (East) PUMA,-1.817536278259384,-1.0745682179935037,-0.9587747906963913,-5.796728779201307,0.548298746468652,0.36227561966750965,-0.1190793041325192,-1.2651590005924207,0.29020350350596613,-0.47081787477064796,0.04706023223664302,-0.17587904252999184,0.8109938283115494,-0.8906185477515852,-0.06761470406446124,-0.0652389435803611,E,D,D,E,B-,B-,C,D-,B-,C-,C,C,C,B,D,C
111,Orange County (Northwest) PUMA,0.28601513073241436,0.5558881090303006,-0.13981174367180563,#DIV/0!,#DIV/0!,-0.7211530414153908,-0.11258903291729214,#DIV/0!,0.29020350350596613,0.1318292333597408,0.2972234766163164,0.4524357504798548,-1.718409547181997,0.48378904863021177,-0.22496678166144016,-0.041127902321621015,B-,B-,C,#DIV!0,#DIV!0,C-,C,#DIV!0,B-,C,B-,B-,C,D-,B-,C
112,Broome County (West Central)--Greater Binghamton City & Greater Johnson City Village PUMA,-8.960660471265147,0.631597992023903,-2.2085095540736868,0.41448111381827,0.548298746468652,-1.0129617956078112,-0.6187101846504859,-1.600923450469472,-0.2781506340048096,0.14439643434915828,0.6399198091164539,0.4524357504798548,0.8668973151079481,0.18842215095774514,0.18743937859517204,0.3144800292287889,E,B-,E,B-,B-,D,C-,D-,C-,C,B-,B-,C,B,C,B-
113,"NYC-Bronx Community District 11--Pelham Parkway, Morris Park & Laconia PUMA",0.22834474461319626,0.5128363887508899,#DIV/0!,#DIV/0!,0.5083648214591603,-0.43826540738690756,0.24678962370846325,#DIV/0!,0.19754646890695474,1.8679760564750418,0.40152673193345895,#DIV/0!,-0.24287148358360047,-0.23592374243270361,-0.053781055736175414,#DIV/0!,C,B-,#DIV!0,#DIV!0,B-,C-,C,#DIV!0,C,A,B-,#DIV!0,C,C,C,#DIV!0
114,Suffolk County (Northwest)--Smithtown Town PUMA,0.28601513073241436,-0.36867783442268853,0.22611364028455322,0.41448111381827,0.548298746468652,-0.6165106078204707,-0.35564348614724306,0.019153814701926754,0.29020350350596613,0.6384068851222143,0.6399198091164539,0.4524357504798548,#DIV/0!,0.5430536083481873,1.291524367774045,#DIV/0!,B-,C-,C,B-,B-,C-,C-,C,B-,B-,B-,B-,A-,#DIV!0,B-,#DIV!0
115,Ulster County (East) PUMA,0.28601513073241436,0.49218608447986867,0.2632497703347007,-0.33148273129026284,0.548298746468652,-0.2372983274272058,0.07890839771493716,0.15712529585901489,0.29020350350596613,0.7548947869208843,0.6399198091164539,0.4524357504798548,#DIV/0!,1.271888782450193,-0.11419275846168624,#DIV/0!,B-,B-,B-,C-,B-,C,C,C,B-,B,B-,B-,C,#DIV!0,A-,#DIV!0
116,Westchester County (Northeast) PUMA,0.28601513073241436,-0.049973729106161546,0.6504405715510352,0.41448111381827,0.548298746468652,0.12855451488933314,0.04755103995260097,0.2893381983294492,0.29020350350596613,-1.2474268149465124,-0.1897283806213598,#DIV/0!,0.7705804836391813,-0.3344340675541688,0.03602689602412669,#DIV/0!,B-,C,B-,B-,B-,C,C,B-,B-,D,C,#DIV!0,C,B,C-,#DIV!0
117,NYC-Brooklyn Community District 4--Bushwick PUMA,0.28601513073241436,0.41706732220399134,0.22609620937100888,0.1293919568457689,0.3835998697372994,-1.40733420877083,0.3461715753842974,0.054429693643421435,#DIV/0!,-0.6108579391233767,-1.6957511047191192,#DIV/0!,0.5413007578254239,-0.37700156396465556,0.9572219972049999,#DIV/0!,B-,B-,C,C,B-,D-,B-,C,#DIV!0,C-,D-,#DIV!0,B,B-,C-,#DIV!0
118,NYC-Manhattan Community District 3--Chinatown & Lower East Side PUMA,0.28601513073241436,0.04922605780198662,0.07191450711742896,#DIV/0!,0.08729031534346339,1.7656686311528604,0.39798848830719047,#DIV/0!,#DIV/0!,-0.5938757102985917,0.3148325184122718,-1.240446755035952,0.40182175353298794,-1.7337061323744039,-0.5906618211779148,#DIV/0!,B-,C,C,#DIV!0,C,A,B-,#DIV!0,#DIV!0,C-,B-,D,C-,B-,D-,#DIV!0
119,Dutchess County (North & East) PUMA,0.28601513073241436,0.681238756523257,0.6504405715510352,0.41448111381827,#DIV/0!,0.4947031877899818,2.9847590138090827,#DIV/0!,0.29020350350596613,-0.26698275672210153,0.6399198091164539,0.4524357504798548,#DIV/0!,0.75845667728039,0.5588769208366186,#DIV/0!,B-,B-,B-,B-,#DIV!0,B-,A,#DIV!0,B-,C-,B-,B-,B-,#DIV!0,B,#DIV!0
120,Nassau County (Central)--Hempstead Town (North Central)--Meadowbrook Corridor PUMA,#DIV/0!,0.05439659797604544,0.6504405715510352,#DIV/0!,0.548298746468652,-0.26235254893391885,-0.5215291321147009,#DIV/0!,#DIV/0!,0.7928022684620031,0.04664761993118397,0.4028521755681929,#DIV/0!,-0.043749227956223484,0.17358553917855926,#DIV/0!,#DIV!0,C,B-,#DIV!0,B-,C-,C-,#DIV!0,#DIV!0,B,C,B-,C,#DIV!0,C,#DIV!0
121,Broome (Outer West) & Tioga Counties PUMA,0.28601513073241436,0.7137099751205499,0.6504405715510352,#DIV/0!,#DIV/0!,0.43215869120778977,-0.38874958373766905,#DIV/0!,0.29020350350596613,0.32944361580667814,0.6399198091164539,0.4524357504798548,#DIV/0!,0.8263736402397475,-1.3084830526833013,#DIV/0!,B-,B-,B-,#DIV!0,#DIV!0,B-,C-,#DIV!0,B-,B-,B-,B-,D-,#DIV!0,B,#DIV!0
122,"Rockland County (South)--Orangetown, Clarkstown (South) & Ramapo (Southeast) Towns PUMA",-1.278537712695036,0.5092578639254999,0.1447860717485813,#DIV/0!,-0.41081420393227164,0.23526005442402823,-0.13151870817337002,#DIV/0!,0.29020350350596613,0.6581883401946748,-3.4951980612439577,#DIV/0!,#DIV/0!,0.7112311101004383,-0.2304814093330077,#DIV/0!,D-,B-,C,#DIV!0,C-,C,C,#DIV!0,B-,B-,E,#DIV!0,C,#DIV!0,B-,#DIV!0
123,"NYC-Brooklyn Community District 17--East Flatbush, Farragut & Rugby PUMA",#DIV/0!,0.4659133769613599,#DIV/0!,#DIV/0!,#DIV/0!,0.20477271930027932,0.4999097799309199,#DIV/0!,#DIV/0!,-0.4405489152037931,0.5241544649469779,0.39463519131685104,#DIV/0!,-0.5265639654793999,1.3771372445812173,#DIV/0!,#DIV!0,B-,#DIV!0,#DIV!0,#DIV!0,C,B-,#DIV!0,#DIV!0,C-,B-,B-,A-,#DIV!0,C-,#DIV!0
124,Orange County (Northeast)--Greater Newburgh City PUMA,0.28601513073241436,-1.1937761411115888,0.6504405715510352,#DIV/0!,#DIV/0!,0.35750977067447054,-0.1025896647144784,#DIV/0!,0.29020350350596613,-0.2113431686286359,-0.998836467395494,-2.579359309511625,-0.748027407214584,-0.7428411986010072,0.20008624972312256,-0.6843025425888938,B-,D,B-,#DIV!0,#DIV!0,B-,C,#DIV!0,B-,C,D,E,C,C-,C-,C-
125,"NYC-Manhattan Community District 1 & 2--Battery Park City, Greenwich Village & Soho PUMA",0.06617363466670734,-0.0004050215398749169,0.49947371269240176,0.41448111381827,0.36513660437845913,-0.016478435304484507,-0.14078587670566842,0.1696565331436872,0.29020350350596613,1.2658192260350183,-0.4102205432017639,#DIV/0!,-2.947973109783204,-1.7337061323744039,-1.1378633517016967,#DIV/0!,C,C,B-,B-,B-,C,C,C,B-,A-,C-,#DIV!0,D,E,D-,#DIV!0
126,NYC-Queens Community District 6--Forest Hills & Rego Park PUMA,#DIV/0!,-0.5034075792472438,-0.32865339427475987,-0.018938970253681523,-0.558022293880868,0.7615213497640793,0.15836861457399926,#DIV/0!,0.10098112493705562,-0.4180288969635993,0.5075792208090754,0.4524357504798548,-2.753558195207776,1.2404456157121388,0.45389499239476444,-0.059464341119783735,#DIV!0,C-,C-,C,C-,B,C,#DIV!0,C,C-,B-,B-,B-,E,B,C
127,Onondaga County (North) PUMA,#DIV/0!,-0.5805440579918448,0.6504405715510352,0.41448111381827,#DIV/0!,-0.324376459686662,-0.20737216662201122,#DIV/0!,0.29020350350596613,0.36189109114248064,0.6399198091164539,0.4524357504798548,0.8668973151079481,-0.9956560228102082,-0.07090253036990397,0.22068413088179878,#DIV!0,C-,B-,B-,#DIV!0,C-,C,#DIV!0,B-,B-,B-,B-,C,B,D,C
128,Nassau County (Northeast)--Oyster Bay Town (North) & Glen Cove City PUMA,0.28601513073241436,0.4009140752570239,0.6073248270164774,#DIV/0!,0.548298746468652,0.18412575527841551,0.169124675917825,#DIV/0!,0.29020350350596613,0.5366701543388903,-3.2559185135572535,#DIV/0!,-2.4884919047227676,-0.7483574982963624,-0.5669110375050238,#DIV/0!,B-,B-,B-,#DIV!0,B-,C,C,#DIV!0,B-,B-,E,#DIV!0,C-,E,C-,#DIV!0
129,Monroe County (North & West) PUMA,0.28601513073241436,0.4562797986085867,0.6504405715510352,#DIV/0!,0.548298746468652,-1.40733420877083,0.03810575384603509,#DIV/0!,0.29020350350596613,-0.645374998674718,0.6399198091164539,0.4524357504798548,#DIV/0!,0.8569462661265703,0.6828832470671448,#DIV/0!,B-,B-,B-,#DIV!0,B-,D-,C,#DIV!0,B-,C-,B-,B-,B-,#DIV!0,B,#DIV!0
130,Sullivan & Ulster (West) Counties PUMA,0.28601513073241436,0.23808909454148275,0.6504405715510352,#DIV/0!,0.548298746468652,-0.6928840494017325,0.8848471394360583,#DIV/0!,0.29020350350596613,-0.15289182649372476,0.014314467107709363,0.0037272436138173774,#DIV/0!,1.3212107677992864,-0.6982050083023758,#DIV/0!,B-,C,B-,#DIV!0,B-,C-,B,#DIV!0,B-,C,C,C,C-,#DIV!0,A-,#DIV!0
131,Suffolk County (Southwest)--Babylon Town (Southeast) PUMA,0.28601513073241436,-0.7645837699237994,0.6504405715510352,#DIV/0!,0.548298746468652,-0.6653389858592623,-0.2874450847105959,#DIV/0!,0.29020350350596613,-0.5335740991566018,-0.1866502744623597,-2.0462106433012246,#DIV/0!,0.9111914956175147,-0.7394683996383405,#DIV/0!,B-,D,B-,#DIV!0,B-,C-,C-,#DIV!0,B-,C-,C,E,C-,#DIV!0,B,#DIV!0
132,Suffolk County (Northwest)--Huntington Town (North) PUMA,0.28601513073241436,-1.1065407808763736,-1.1565782031515295,#DIV/0!,#DIV/0!,0.38715360480673766,-0.6344919671440641,#DIV/0!,0.29020350350596613,-0.39724242716834185,-0.3268948566965794,-0.5520355807648887,0.43068501519186153,-0.006094740097383057,-0.07122395908728098,-0.09037186358809234,B-,D,D,#DIV!0,#DIV!0,B-,C-,#DIV!0,B-,C-,C-,C-,C,B-,C,C
133,"NYC-Queens Community District 12--Jamaica, Hollis & St. Albans PUMA",#DIV/0!,-0.5435449505709326,0.3840687933034268,#DIV/0!,#DIV/0!,0.39594909961708746,-0.33417153760584783,#DIV/0!,#DIV/0!,-0.8174917681731277,0.16259582928997007,#DIV/0!,#DIV/0!,#DIV/0!,0.7125958023634209,#DIV/0!,#DIV!0,C-,B-,#DIV!0,#DIV!0,B-,C-,#DIV!0,#DIV!0,D,C,#DIV!0,B-,#DIV!0,#DIV!0,#DIV!0
134,"NYC-Queens Community District 13--Queens Village, Cambria Heights & Rosedale PUMA",#DIV/0!,-0.4814351863582487,0.08932679546769688,#DIV/0!,#DIV/0!,0.4984924598410663,-0.2521814918888903,#DIV/0!,-0.06282562373861442,0.3701558591538528,0.4876139332392731,#DIV/0!,0.018471461562810612,0.6876497622887112,0.027470175390678555,#DIV/0!,#DIV!0,C-,C,#DIV!0,#DIV!0,B-,C-,#DIV!0,C,B-,B-,#DIV!0,C,C,B-,#DIV!0
135,Monroe County (Central)--Rochester City (West) PUMA,#DIV/0!,-0.9083041882028051,0.6504405715510352,0.41448111381827,0.548298746468652,-0.5480421482656894,0.48607279387278113,#DIV/0!,0.29020350350596613,0.8730028544382102,0.09887025489556854,0.4524357504798548,-1.7113485312665453,-1.109321744182833,7.449710270097558,0.9062217654239685,#DIV!0,D,B-,B-,B-,C-,B-,#DIV!0,B-,B,C,B-,A,D-,D,B
136,NYC-Queens Community District 10--Howard Beach & Ozone Park PUMA,#DIV/0!,-0.41921521693028974,#DIV/0!,#DIV/0!,#DIV/0!,-0.011944558119800497,0.19170850728075256,#DIV/0!,0.2174551790434875,-0.08753247575742353,0.05632319702723268,0.1284053203181883,0.5293015673872552,-0.4674938887698536,-0.2760029763570071,0.014350846127411356,#DIV!0,C-,#DIV!0,#DIV!0,#DIV!0,C,C,#DIV!0,C,C,C,C,C-,B-,C-,C
137,Suffolk County (Central)--Islip Town (Northwest) PUMA,#DIV/0!,-1.1667940930447407,#DIV/0!,#DIV/0!,#DIV/0!,-0.0773198111233359,-0.001300211636101815,#DIV/0!,#DIV/0!,-0.037270902463801076,0.29655421332243986,-0.18280087524132502,#DIV/0!,0.12132570870380222,0.2006677934970077,#DIV/0!,#DIV!0,D,#DIV!0,#DIV!0,#DIV!0,C,C,#DIV!0,#DIV!0,C,B-,C,C,#DIV!0,C,#DIV!0
138,Putnam County PUMA,0.28601513073241436,0.6092665390057689,0.6504405715510352,#DIV/0!,0.548298746468652,0.1522249283288061,-0.5488016781609474,#DIV/0!,#DIV/0!,0.8318554478323499,0.30270435000726936,0.4524357504798548,0.8668973151079481,0.3290889591654131,-0.2062638317718188,#DIV/0!,B-,B-,B-,#DIV!0,B-,C,C-,#DIV!0,#DIV!0,B,B-,B-,C,B,B-,#DIV!0
139,NYC-Queens Community District 2--Sunnyside & Woodside PUMA,0.08555331234910561,-0.38512941424259234,-0.17939327920679188,#DIV/0!,#DIV/0!,0.6203815341191667,-0.06526238345440818,#DIV/0!,-1.1610809582451123,-0.42071440049817554,-0.1268734661776344,0.37129676842889237,0.22601178119843937,2.2021156664685604,-0.33479751924846923,0.10799398170378584,C,C-,C,#DIV!0,#DIV!0,B-,C,#DIV!0,D,C-,C,B-,C-,C,A,C
140,Nassau County (Central)--Hempstead Town (East Central) PUMA,0.28601513073241436,0.6900241153494092,0.6504405715510352,#DIV/0!,#DIV/0!,0.34565594842116454,0.15154450259211835,#DIV/0!,0.29020350350596613,0.4655945079742261,0.6399198091164539,0.4524357504798548,#DIV/0!,0.6482867046990937,1.2818669418605155,#DIV/0!,B-,B-,B-,#DIV!0,#DIV!0,B-,C,#DIV!0,B-,B-,B-,B-,A-,#DIV!0,B-,#DIV!0
141,Suffolk County (Northwest)--Huntington Town (South) PUMA,0.28601513073241436,1.1196037978459905,0.3502364900139596,0.41448111381827,#DIV/0!,0.18424260481869026,0.07657010046842072,#DIV/0!,-8.696667222935197,-0.35449433513923456,-0.10957590594536225,0.4524357504798548,0.8668973151079481,0.22839282154969207,-0.36438914931783983,-1.1396286751714484,B-,B,B-,B-,#DIV!0,C,C,#DIV!0,E,C-,C,B-,C-,B,C,D
142,"NYC-Bronx Community District 4--Concourse, Highbridge & Mount Eden PUMA",#DIV/0!,-0.19255425645987162,-0.21386029588151528,#DIV/0!,0.08282398563639086,-1.40733420877083,-0.3850079906958789,#DIV/0!,#DIV/0!,-0.5782469776412898,-2.6573042563709066,#DIV/0!,#DIV/0!,#DIV/0!,0.6488470307661705,#DIV/0!,#DIV!0,C,C,#DIV!0,C,D-,C-,#DIV!0,#DIV!0,C-,E,#DIV!0,B-,#DIV!0,#DIV!0,#DIV!0
143,Nassau County (Central)--Hempstead Town (Northeast) PUMA,0.28601513073241436,0.2943884093900495,0.6504405715510352,#DIV/0!,#DIV/0!,0.2201587881628049,0.42473319704706175,#DIV/0!,-0.15926833662655748,-0.9481463156922013,0.6399198091164539,0.4524357504798548,#DIV/0!,0.8316645467820026,1.04484990685124,#DIV/0!,B-,B-,B-,#DIV!0,#DIV!0,C,B-,#DIV!0,C,D,B-,B-,B,#DIV!0,B,#DIV!0
144,NYC-Brooklyn Community District 14--Flatbush & Midwood PUMA,-0.21451058686021932,-0.34898931429763685,0.25371592417892064,-0.9799526005241487,0.3104808285380623,-0.9149448897188679,-0.3595541529088452,-0.3219649702275336,0.23542473365697889,0.14861237665067364,0.07044614377396152,-0.40441605164605726,-0.290363416596218,-1.700442921710801,-0.04670186955603776,-0.2839201436325,C,C-,B-,D,B-,D,C-,C-,C,C,C,C-,C,C-,D-,C-
145,"Rockland County (West)--Spring Valley, Suffern Villages & Monsey PUMA",#DIV/0!,1.6941854305438124,0.43430328148575736,0.41448111381827,0.3843733097801264,0.28399758473475867,0.13422648095406775,#DIV/0!,-0.3045590030956645,1.0477271536551218,0.20641227644210774,-2.432409001686607,0.07891330679022658,0.7979262824845795,0.888589379421998,0.04037148485882315,#DIV!0,A-,B-,B-,B-,B-,C,#DIV!0,C-,B,C,E,B,C,B,C
146,Capital Region,0.08525578930262877,-0.2968120415578805,-0.0436250622984374,0.09121611696878112,-0.17323241974163903,-0.08949334526904251,-0.081079681024413,-0.07253866337428606,0.2541651063060602,-0.07243773338345748,0.22439945300333167,0.4524357504798548,0.7658637796075952,-0.9480420126379856,0.15535719417486513,0.11882021965003768,C,C-,C,C,C,C,C,C,B-,C,C,B-,C,B,D,C
147,Central NY,0.8770899280752246,0.9891546478590137,-0.645409682452337,0.21972552344686744,-2.7160681612239657,-0.7130166720707567,-0.030120519289692116,-0.28837784795080657,-1.7176711709098154,0.3759208040723231,-0.43828252580966187,0.8738484172486427,0.461428877374503,-0.5108415743646162,-0.28044088651725185,-0.17657686555798233,B,B,C-,C,E,C-,C,C-,D-,B-,C-,B,C-,B-,C-,C
148,Finger Lakes,0.8770899280752246,0.12154774053186077,1.2855083406557355,1.0357538878582007,0.6655611767706529,0.39294097617398516,2.409377176147412,0.9696827466018674,0.9596760981216407,0.013462138967548066,-0.8239753618793579,-1.445830410558072,-0.896286878960765,0.7447704528279945,1.7095038601780401,0.03733141409957552,B,C,A-,B,B-,B-,A,B,B,C,D,D-,A-,D,B-,C
149,Long Island,0.3298588577825358,0.4495778533392587,1.2109901738840836,0.5572773691650458,0.5156223893958994,0.9986770731115967,0.18907045012443247,0.6072963095432647,-0.1928140132850953,0.5801438299095648,-0.4316875313690911,-0.45885754786063704,-0.046286342944880154,1.3699266609936034,0.9078148011169983,0.24689140808006613,B-,B-,B,B-,B-,B,C,B-,C,B-,C-,C-,B,C,A-,C
150,Mid-Hudson,-0.06678265550059952,1.0003432094446056,0.5285315060801674,-0.9772949388332767,0.5146736057138582,0.4005698800148681,0.4690764447051505,0.26701672166068197,-0.1310349737223361,0.35085276766131807,-0.3780897620888278,-1.5200244581678837,0.23908500722984344,-0.2106315531614972,0.45825675785464587,-0.1702266020563911,C,B,B-,D,B-,B-,B-,B-,C,B-,C-,D-,B-,C,C,C
151,Mohawk Valley,0.8770899280752246,-1.5059350511495448,-0.062000161593346044,-0.9247148911439685,-0.20605004105640132,-0.8379095053423935,-1.0774328793132106,-0.5338503716462343,0.9596760981216407,-0.5096559017752064,-1.3310500394128042,-0.2228391032190595,1.1779637131385887,-0.4381482632076425,-1.2040349295572412,-0.2240126322731035,B,D-,C,D,C,D,D,C-,B,C-,D-,C,D,B,C-,C
152,New York City,-0.3041752260507786,0.31963181827116544,-0.31267112378507605,-0.21883162082441243,0.21693483044785328,1.8146761628112638,-0.023588113508237675,0.21313953248025394,0.4093117310109883,0.6673594214720348,0.4353235443537524,-0.7216905664375611,0.22020134091707189,-0.5915353347106963,0.25573908738492895,0.09638703199864554,C-,B-,C-,C,C,A,C,C,B-,B-,B-,C-,B-,C,C-,C
153,North Country,0.8770899280752246,-2.0409465788091774,0.6135525067920767,1.0357538878582007,0.1264751341566953,-1.1426039906411027,-1.2172019731440364,-0.24969729795887421,0.7023844539178353,-2.567954156022662,0.6046282037542671,0.8738484172486427,-2.3042842870839575,1.2372472385237816,-1.1484188081897202,-0.37179270540740195,B,E,B-,B,C,D,D,C,B-,E,B-,B,D,E,B,C-
154,Southern Tier,-1.6316424708606339,0.47200421304612267,-0.07522432394385484,1.0357538878582007,0.6655611767706529,-0.24499176562500125,-0.410056446232172,-0.026942246998097972,-0.1566170075179908,0.7148954381110147,2.193843329212324,0.8738484172486427,0.32904821869004086,0.46518539163968925,-0.3506113120097502,0.5813703536248529,D-,B-,C,B,B-,C,C-,C,C,B-,A,B,C-,B-,B-,B-
155,Western NY,-1.7454743194613112,0.21306461392733522,-2.1281518155839527,-1.8841793700248823,0.30505556934593836,-1.2272962410547186,-0.3536728723601376,-0.9743792050302469,-1.6656598477774127,-0.321409336407548,-0.48351549008653083,0.8738484172486427,-0.19660144445709127,-0.07379289910993711,-1.160676915390809,-0.4325439308543837,D-,C,E,E,B-,D,C-,D,D-,C-,C-,B,D,C,C,C-
