,puma,Total_geo,Total_geo_m,Total_geo_f,Total_Owner_mf_t,Total_Owner_m,Total_Owner_f,Total_NotOwner_mf_t,Total_NotOwner_m,Total_NotOwner_f,Total_BABS,Total_BABS_m,Total_BABS_f,BABS_Owner_mf_t,BABS_Owner_m,BABS_Owner_f,BABS_NotOwner_mf_t,BABS_NotOwner_m,BABS_NotOwner_f,Total_HS,Total_HS_m,Total_HS_f,HS_Owner_mf_t,HS_Owner_m,HS_Owner_f,HS_NotOwner_mf_t,HS_NotOwner_m,HS_NotOwner_f,Total_HSINC,Total_HSINC_m,Total_HSINC_f,HSINC_Owner_mf_t,HSINC_Owner_m,HSINC_Owner_f,HSINC_NotOwner_mf_t,HSINC_NotOwner_m,HSINC_NotOwner_f
0,Total Geo,5271441.0,2608177.0,2663264.0,3759029.0,1854728.0,1904301.0,1512412.0,753449.0,758963.0,2339969.0,1086583.0,1253386.0,1638997.0,748857.0,890140.0,700972.0,337726.0,363246.0,2691047.0,1381124.0,1309923.0,1984309.0,1022627.0,961682.0,706738.0,358497.0,348241.0,240425.0,140470.0,99955.0,135723.0,83244.0,52479.0,104702.0,57226.0,47476.0
1,NYC-Manhattan Community District 7--Upper West Side & West Side PUMA,65346.0,29593.0,35753.0,24091.0,8421.0,15670.0,41255.0,21172.0,20083.0,58681.0,25744.0,32937.0,22251.0,7730.0,14521.0,36430.0,18014.0,18416.0,6487.0,3671.0,2816.0,1840.0,691.0,1149.0,4647.0,2980.0,1667.0,178.0,178.0,0.0,0.0,0.0,0.0,178.0,178.0,0.0
2,Nassau County (West Central)--Hempstead Town (Northwest) PUMA,35189.0,17381.0,17808.0,31883.0,16040.0,15843.0,3306.0,1341.0,1965.0,19182.0,9071.0,10111.0,17157.0,8197.0,8960.0,2025.0,874.0,1151.0,14180.0,7327.0,6853.0,13139.0,6860.0,6279.0,1041.0,467.0,574.0,1827.0,983.0,844.0,1587.0,983.0,604.0,240.0,0.0,240.0
3,NYC-Brooklyn Community District 2--Brooklyn Heights & Fort Greene PUMA,36537.0,18465.0,18072.0,11498.0,5682.0,5816.0,25039.0,12783.0,12256.0,32506.0,15592.0,16914.0,10417.0,5080.0,5337.0,22089.0,10512.0,11577.0,3762.0,2736.0,1026.0,1021.0,602.0,419.0,2741.0,2134.0,607.0,269.0,137.0,132.0,60.0,0.0,60.0,209.0,137.0,72.0
4,Madison & Cortland Counties PUMA,55268.0,27501.0,27767.0,41941.0,20206.0,21735.0,13327.0,7295.0,6032.0,14899.0,7112.0,7787.0,13064.0,6116.0,6948.0,1835.0,996.0,839.0,37437.0,18544.0,18893.0,26741.0,12885.0,13856.0,10696.0,5659.0,5037.0,2932.0,1845.0,1087.0,2136.0,1205.0,931.0,796.0,640.0,156.0
5,Ontario & Yates Counties PUMA,61803.0,30365.0,31438.0,50792.0,25641.0,25151.0,11011.0,4724.0,6287.0,21771.0,9732.0,12039.0,18035.0,8136.0,9899.0,3736.0,1596.0,2140.0,35483.0,17760.0,17723.0,29096.0,14960.0,14136.0,6387.0,2800.0,3587.0,4549.0,2873.0,1676.0,3661.0,2545.0,1116.0,888.0,328.0,560.0
6,Monroe County (Central)--Greece & Gates Towns PUMA,53269.0,26011.0,27258.0,44353.0,21863.0,22490.0,8916.0,4148.0,4768.0,16872.0,7529.0,9343.0,15199.0,7282.0,7917.0,1673.0,247.0,1426.0,34319.0,17208.0,17111.0,27878.0,13862.0,14016.0,6441.0,3346.0,3095.0,2078.0,1274.0,804.0,1276.0,719.0,557.0,802.0,555.0,247.0
7,Nassau County (East Central)--Oyster Bay Town (Central) PUMA,31354.0,14761.0,16593.0,29493.0,14115.0,15378.0,1861.0,646.0,1215.0,17168.0,7370.0,9798.0,16479.0,7289.0,9190.0,689.0,81.0,608.0,13474.0,7122.0,6352.0,12461.0,6557.0,5904.0,1013.0,565.0,448.0,712.0,269.0,443.0,553.0,269.0,284.0,159.0,0.0,159.0
8,"Clinton, Franklin, Essex & Hamilton Counties PUMA",77051.0,38429.0,38622.0,55823.0,28330.0,27493.0,21228.0,10099.0,11129.0,15047.0,6426.0,8621.0,12210.0,5333.0,6877.0,2837.0,1093.0,1744.0,55630.0,28294.0,27336.0,40046.0,20990.0,19056.0,15584.0,7304.0,8280.0,6374.0,3709.0,2665.0,3567.0,2007.0,1560.0,2807.0,1702.0,1105.0
9,NYC-Manhattan Community District 8--Upper East Side PUMA,75005.0,33772.0,41233.0,29967.0,14055.0,15912.0,45038.0,19717.0,25321.0,64719.0,27917.0,36802.0,26244.0,12717.0,13527.0,38475.0,15200.0,23275.0,10286.0,5855.0,4431.0,3723.0,1338.0,2385.0,6563.0,4517.0,2046.0,0.0,0.0,0.0,0.0,0.0,0.0,0.0,0.0,0.0
10,Suffolk County (Southwest)--Islip Town (South) PUMA,40754.0,20245.0,20509.0,38088.0,19049.0,19039.0,2666.0,1196.0,1470.0,16762.0,7511.0,9251.0,16495.0,7367.0,9128.0,267.0,144.0,123.0,23259.0,12441.0,10818.0,20860.0,11389.0,9471.0,2399.0,1052.0,1347.0,733.0,293.0,440.0,733.0,293.0,440.0,0.0,0.0,0.0
11,Erie County (Northwest) PUMA,47507.0,22347.0,25160.0,38106.0,17952.0,20154.0,9401.0,4395.0,5006.0,18607.0,8418.0,10189.0,15187.0,6402.0,8785.0,3420.0,2016.0,1404.0,27493.0,13093.0,14400.0,21574.0,10714.0,10860.0,5919.0,2379.0,3540.0,1407.0,836.0,571.0,1345.0,836.0,509.0,62.0,0.0,62.0
12,"NYC-Queens Community District 8--Briarwood, Fresh Meadows & Hillcrest PUMA",14636.0,6440.0,8196.0,8457.0,3455.0,5002.0,6179.0,2985.0,3194.0,9330.0,4224.0,5106.0,5273.0,2398.0,2875.0,4057.0,1826.0,2231.0,4860.0,1902.0,2958.0,2738.0,743.0,1995.0,2122.0,1159.0,963.0,446.0,314.0,132.0,446.0,314.0,132.0,0.0,0.0,0.0
13,NYC-Brooklyn Community District 5--East New York & Starrett City PUMA,912.0,557.0,355.0,170.0,124.0,46.0,742.0,433.0,309.0,302.0,302.0,0.0,124.0,124.0,0.0,178.0,178.0,0.0,521.0,166.0,355.0,46.0,0.0,46.0,475.0,166.0,309.0,89.0,89.0,0.0,0.0,0.0,0.0,89.0,89.0,0.0
14,Rockland County (North)--New City & Congers PUMA,27940.0,12850.0,15090.0,24980.0,11268.0,13712.0,2960.0,1582.0,1378.0,14366.0,6804.0,7562.0,13279.0,6227.0,7052.0,1087.0,577.0,510.0,12180.0,5294.0,6886.0,10459.0,4289.0,6170.0,1721.0,1005.0,716.0,1394.0,752.0,642.0,1242.0,752.0,490.0,152.0,0.0,152.0
15,"Otsego, Schoharie, Oneida (South) & Herkimer (South) Counties PUMA",51773.0,25586.0,26187.0,41296.0,20064.0,21232.0,10477.0,5522.0,4955.0,12271.0,4988.0,7283.0,10166.0,3975.0,6191.0,2105.0,1013.0,1092.0,36078.0,18982.0,17096.0,28429.0,14913.0,13516.0,7649.0,4069.0,3580.0,3424.0,1616.0,1808.0,2701.0,1176.0,1525.0,723.0,440.0,283.0
16,NYC-Brooklyn Community District 7--Sunset Park & Windsor Terrace PUMA,16128.0,7754.0,8374.0,6138.0,3117.0,3021.0,9990.0,4637.0,5353.0,11895.0,5345.0,6550.0,4169.0,2077.0,2092.0,7726.0,3268.0,4458.0,3715.0,2161.0,1554.0,1673.0,857.0,816.0,2042.0,1304.0,738.0,518.0,248.0,270.0,296.0,183.0,113.0,222.0,65.0,157.0
17,NYC-Brooklyn Community District 11--Bensonhurst & Bath Beach PUMA,18507.0,8418.0,10089.0,7248.0,3055.0,4193.0,11259.0,5363.0,5896.0,6368.0,2424.0,3944.0,2986.0,1207.0,1779.0,3382.0,1217.0,2165.0,11092.0,5560.0,5532.0,3833.0,1647.0,2186.0,7259.0,3913.0,3346.0,1047.0,434.0,613.0,429.0,201.0,228.0,618.0,233.0,385.0
18,Tompkins County PUMA,35526.0,16517.0,19009.0,25040.0,11177.0,13863.0,10486.0,5340.0,5146.0,19133.0,8918.0,10215.0,13062.0,5486.0,7576.0,6071.0,3432.0,2639.0,15400.0,6840.0,8560.0,11173.0,5069.0,6104.0,4227.0,1771.0,2456.0,993.0,759.0,234.0,805.0,622.0,183.0,188.0,137.0,51.0
19,Dutchess County (Southwest) PUMA,53120.0,26823.0,26297.0,41473.0,21311.0,20162.0,11647.0,5512.0,6135.0,19498.0,8995.0,10503.0,16188.0,7480.0,8708.0,3310.0,1515.0,1795.0,32272.0,17097.0,15175.0,24354.0,13196.0,11158.0,7918.0,3901.0,4017.0,1350.0,731.0,619.0,931.0,635.0,296.0,419.0,96.0,323.0
20,NYC-Queens Community District 9--Richmond Hill & Woodhaven PUMA,8662.0,4420.0,4242.0,4985.0,2707.0,2278.0,3677.0,1713.0,1964.0,3723.0,1730.0,1993.0,2501.0,1167.0,1334.0,1222.0,563.0,659.0,4492.0,2507.0,1985.0,2392.0,1448.0,944.0,2100.0,1059.0,1041.0,447.0,183.0,264.0,92.0,92.0,0.0,355.0,91.0,264.0
21,Westchester County (Northwest) PUMA,38677.0,19885.0,18792.0,31642.0,16441.0,15201.0,7035.0,3444.0,3591.0,23755.0,11254.0,12501.0,20708.0,9993.0,10715.0,3047.0,1261.0,1786.0,13803.0,7982.0,5821.0,10056.0,5969.0,4087.0,3747.0,2013.0,1734.0,1119.0,649.0,470.0,878.0,479.0,399.0,241.0,170.0,71.0
22,Albany County (Outside Albany City) PUMA,85979.0,42143.0,43836.0,64785.0,31364.0,33421.0,21194.0,10779.0,10415.0,34995.0,18055.0,16940.0,27973.0,14849.0,13124.0,7022.0,3206.0,3816.0,48045.0,22138.0,25907.0,35050.0,15046.0,20004.0,12995.0,7092.0,5903.0,2939.0,1950.0,989.0,1762.0,1469.0,293.0,1177.0,481.0,696.0
23,Monroe County (South) PUMA,70881.0,35133.0,35748.0,58004.0,28466.0,29538.0,12877.0,6667.0,6210.0,41132.0,19450.0,21682.0,35280.0,16600.0,18680.0,5852.0,2850.0,3002.0,27320.0,13915.0,13405.0,21133.0,10460.0,10673.0,6187.0,3455.0,2732.0,2429.0,1768.0,661.0,1591.0,1406.0,185.0,838.0,362.0,476.0
24,Jefferson & Lewis Counties PUMA,60866.0,30737.0,30129.0,42854.0,22401.0,20453.0,18012.0,8336.0,9676.0,12815.0,5454.0,7361.0,9256.0,4020.0,5236.0,3559.0,1434.0,2125.0,43219.0,22127.0,21092.0,30844.0,16782.0,14062.0,12375.0,5345.0,7030.0,4832.0,3156.0,1676.0,2754.0,1599.0,1155.0,2078.0,1557.0,521.0
25,"Chenango, Delaware & Broome (East) Counties PUMA",51105.0,25384.0,25721.0,37226.0,18576.0,18650.0,13879.0,6808.0,7071.0,10044.0,3697.0,6347.0,8819.0,3162.0,5657.0,1225.0,535.0,690.0,36557.0,18928.0,17629.0,25414.0,13533.0,11881.0,11143.0,5395.0,5748.0,4504.0,2759.0,1745.0,2993.0,1881.0,1112.0,1511.0,878.0,633.0
26,Erie County (Central) PUMA,68858.0,32877.0,35981.0,53747.0,26082.0,27665.0,15111.0,6795.0,8316.0,18600.0,7637.0,10963.0,15918.0,6817.0,9101.0,2682.0,820.0,1862.0,47821.0,23859.0,23962.0,36382.0,18280.0,18102.0,11439.0,5579.0,5860.0,2437.0,1381.0,1056.0,1447.0,985.0,462.0,990.0,396.0,594.0
27,St. Lawrence County PUMA,48192.0,23985.0,24207.0,37396.0,18567.0,18829.0,10796.0,5418.0,5378.0,11946.0,6174.0,5772.0,9903.0,4696.0,5207.0,2043.0,1478.0,565.0,32543.0,15785.0,16758.0,24981.0,12453.0,12528.0,7562.0,3332.0,4230.0,3703.0,2026.0,1677.0,2512.0,1418.0,1094.0,1191.0,608.0,583.0
28,"NYC-Manhattan Community District 9--Hamilton Heights, Manhattanville & West Harlem PUMA",18391.0,9162.0,9229.0,3184.0,1740.0,1444.0,15207.0,7422.0,7785.0,16129.0,8043.0,8086.0,2940.0,1629.0,1311.0,13189.0,6414.0,6775.0,2262.0,1119.0,1143.0,244.0,111.0,133.0,2018.0,1008.0,1010.0,0.0,0.0,0.0,0.0,0.0,0.0,0.0,0.0,0.0
29,Suffolk County (North Central)--Brookhaven Town (North) PUMA,43479.0,21796.0,21683.0,39266.0,19587.0,19679.0,4213.0,2209.0,2004.0,21051.0,9909.0,11142.0,20452.0,9676.0,10776.0,599.0,233.0,366.0,21279.0,11264.0,10015.0,18304.0,9471.0,8833.0,2975.0,1793.0,1182.0,1149.0,623.0,526.0,510.0,440.0,70.0,639.0,183.0,456.0
30,NYC-Brooklyn Community District 1--Greenpoint & Williamsburg PUMA,49981.0,26900.0,23081.0,9377.0,5470.0,3907.0,40604.0,21430.0,19174.0,29919.0,15813.0,14106.0,4557.0,2788.0,1769.0,25362.0,13025.0,12337.0,17524.0,9743.0,7781.0,4696.0,2558.0,2138.0,12828.0,7185.0,5643.0,2538.0,1344.0,1194.0,124.0,124.0,0.0,2414.0,1220.0,1194.0
31,Cayuga & Onondaga (South) Counties PUMA,53646.0,26720.0,26926.0,41704.0,20866.0,20838.0,11942.0,5854.0,6088.0,16669.0,6875.0,9794.0,14223.0,5753.0,8470.0,2446.0,1122.0,1324.0,33812.0,18095.0,15717.0,25321.0,13911.0,11410.0,8491.0,4184.0,4307.0,3165.0,1750.0,1415.0,2160.0,1202.0,958.0,1005.0,548.0,457.0
32,Nassau County (Southeast)--Oyster Bay Town (South) PUMA,47800.0,24731.0,23069.0,45060.0,23212.0,21848.0,2740.0,1519.0,1221.0,21809.0,9711.0,12098.0,20849.0,9379.0,11470.0,960.0,332.0,628.0,25758.0,14913.0,10845.0,23978.0,13726.0,10252.0,1780.0,1187.0,593.0,233.0,107.0,126.0,233.0,107.0,126.0,0.0,0.0,0.0
33,Fulton & Montgomery Counties PUMA,47036.0,23609.0,23427.0,36009.0,18255.0,17754.0,11027.0,5354.0,5673.0,8410.0,3527.0,4883.0,7146.0,2786.0,4360.0,1264.0,741.0,523.0,33303.0,17613.0,15690.0,25586.0,13854.0,11732.0,7717.0,3759.0,3958.0,5323.0,2469.0,2854.0,3277.0,1615.0,1662.0,2046.0,854.0,1192.0
34,Onondaga County (Central)--Syracuse City (Outer) PUMA,73135.0,34829.0,38306.0,58697.0,28241.0,30456.0,14438.0,6588.0,7850.0,32126.0,15435.0,16691.0,27171.0,12711.0,14460.0,4955.0,2724.0,2231.0,39521.0,18549.0,20972.0,30558.0,15129.0,15429.0,8963.0,3420.0,5543.0,1488.0,845.0,643.0,968.0,401.0,567.0,520.0,444.0,76.0
35,NYC-Staten Island Community District 2--New Springville & South Beach PUMA,36094.0,17512.0,18582.0,26832.0,13663.0,13169.0,9262.0,3849.0,5413.0,13152.0,5458.0,7694.0,10426.0,4441.0,5985.0,2726.0,1017.0,1709.0,20120.0,10576.0,9544.0,15174.0,8397.0,6777.0,4946.0,2179.0,2767.0,2822.0,1478.0,1344.0,1232.0,825.0,407.0,1590.0,653.0,937.0
36,Niagara County (Southwest)--Greater Niagara Falls & North Tonawanda Area PUMA,43959.0,22019.0,21940.0,33568.0,17419.0,16149.0,10391.0,4600.0,5791.0,8158.0,3285.0,4873.0,6749.0,2742.0,4007.0,1409.0,543.0,866.0,33058.0,16964.0,16094.0,25759.0,13898.0,11861.0,7299.0,3066.0,4233.0,2743.0,1770.0,973.0,1060.0,779.0,281.0,1683.0,991.0,692.0
37,Suffolk County (Central)--Brookhaven Town (Central) PUMA,42154.0,21617.0,20537.0,35358.0,17597.0,17761.0,6796.0,4020.0,2776.0,15890.0,7922.0,7968.0,14586.0,7246.0,7340.0,1304.0,676.0,628.0,24477.0,12178.0,12299.0,19868.0,9625.0,10243.0,4609.0,2553.0,2056.0,1787.0,1517.0,270.0,904.0,726.0,178.0,883.0,791.0,92.0
38,"NYC-Bronx Community District 7--Bedford Park, Fordham North & Norwood PUMA",3220.0,1571.0,1649.0,146.0,104.0,42.0,3074.0,1467.0,1607.0,1046.0,701.0,345.0,146.0,104.0,42.0,900.0,597.0,303.0,1604.0,677.0,927.0,0.0,0.0,0.0,1604.0,677.0,927.0,570.0,193.0,377.0,0.0,0.0,0.0,570.0,193.0,377.0
39,NYC-Queens Community District 4--Elmhurst & South Corona PUMA,2808.0,1310.0,1498.0,819.0,303.0,516.0,1989.0,1007.0,982.0,876.0,447.0,429.0,377.0,221.0,156.0,499.0,226.0,273.0,1280.0,288.0,992.0,283.0,0.0,283.0,997.0,288.0,709.0,652.0,575.0,77.0,159.0,82.0,77.0,493.0,493.0,0.0
40,"NYC-Brooklyn Community District 6--Park Slope, Carroll Gardens & Red Hook PUMA",47605.0,23251.0,24354.0,18815.0,9480.0,9335.0,28790.0,13771.0,15019.0,42362.0,20359.0,22003.0,17244.0,8857.0,8387.0,25118.0,11502.0,13616.0,4589.0,2704.0,1885.0,1172.0,623.0,549.0,3417.0,2081.0,1336.0,654.0,188.0,466.0,399.0,0.0,399.0,255.0,188.0,67.0
41,Suffolk County (Central)--Islip Town (East) PUMA,44499.0,21568.0,22931.0,37969.0,18512.0,19457.0,6530.0,3056.0,3474.0,18762.0,8125.0,10637.0,16384.0,7132.0,9252.0,2378.0,993.0,1385.0,24947.0,12842.0,12105.0,20795.0,10779.0,10016.0,4152.0,2063.0,2089.0,790.0,601.0,189.0,790.0,601.0,189.0,0.0,0.0,0.0
42,"NYC-Brooklyn Community District 9--Crown Heights South, Prospect Lefferts & Wingate PUMA",9154.0,4383.0,4771.0,2449.0,989.0,1460.0,6705.0,3394.0,3311.0,7085.0,3376.0,3709.0,1795.0,690.0,1105.0,5290.0,2686.0,2604.0,1821.0,846.0,975.0,567.0,299.0,268.0,1254.0,547.0,707.0,248.0,161.0,87.0,87.0,0.0,87.0,161.0,161.0,0.0
43,"NYC-Queens Community District 7--Flushing, Murray Hill & Whitestone PUMA",22363.0,11463.0,10900.0,14908.0,8194.0,6714.0,7455.0,3269.0,4186.0,10680.0,5131.0,5549.0,7740.0,4222.0,3518.0,2940.0,909.0,2031.0,10825.0,5767.0,5058.0,6756.0,3784.0,2972.0,4069.0,1983.0,2086.0,858.0,565.0,293.0,412.0,188.0,224.0,446.0,377.0,69.0
44,NYC-Queens Community District 3--Jackson Heights & North Corona PUMA,7620.0,5170.0,2450.0,4066.0,2581.0,1485.0,3554.0,2589.0,965.0,4569.0,3292.0,1277.0,2441.0,1587.0,854.0,2128.0,1705.0,423.0,2112.0,1366.0,746.0,1453.0,933.0,520.0,659.0,433.0,226.0,939.0,512.0,427.0,172.0,61.0,111.0,767.0,451.0,316.0
45,Saratoga County (Outer) PUMA,58512.0,28681.0,29831.0,48149.0,23990.0,24159.0,10363.0,4691.0,5672.0,20838.0,9191.0,11647.0,18915.0,8601.0,10314.0,1923.0,590.0,1333.0,35829.0,18037.0,17792.0,27858.0,14234.0,13624.0,7971.0,3803.0,4168.0,1845.0,1453.0,392.0,1376.0,1155.0,221.0,469.0,298.0,171.0
46,"NYC-Bronx Community District 12--Wakefield, Williamsbridge & Woodlawn PUMA",3096.0,1170.0,1926.0,1220.0,410.0,810.0,1876.0,760.0,1116.0,1146.0,469.0,677.0,578.0,295.0,283.0,568.0,174.0,394.0,1806.0,701.0,1105.0,642.0,115.0,527.0,1164.0,586.0,578.0,144.0,0.0,144.0,0.0,0.0,0.0,144.0,0.0,144.0
47,"NYC-Brooklyn Community District 15--Sheepshead Bay, Gerritsen Beach & Homecrest PUMA",18629.0,9149.0,9480.0,10780.0,5026.0,5754.0,7849.0,4123.0,3726.0,7958.0,3516.0,4442.0,5000.0,2036.0,2964.0,2958.0,1480.0,1478.0,9873.0,5239.0,4634.0,5635.0,2908.0,2727.0,4238.0,2331.0,1907.0,798.0,394.0,404.0,145.0,82.0,63.0,653.0,312.0,341.0
48,Wayne & Seneca Counties PUMA,58636.0,28736.0,29900.0,44925.0,22267.0,22658.0,13711.0,6469.0,7242.0,12256.0,5346.0,6910.0,10942.0,5010.0,5932.0,1314.0,336.0,978.0,41898.0,21045.0,20853.0,30967.0,15462.0,15505.0,10931.0,5583.0,5348.0,4482.0,2345.0,2137.0,3016.0,1795.0,1221.0,1466.0,550.0,916.0
49,Schenectady County--Schenectady City PUMA,58793.0,28531.0,30262.0,45454.0,22900.0,22554.0,13339.0,5631.0,7708.0,23396.0,10934.0,12462.0,20162.0,9389.0,10773.0,3234.0,1545.0,1689.0,32951.0,15944.0,17007.0,24379.0,12878.0,11501.0,8572.0,3066.0,5506.0,2446.0,1653.0,793.0,913.0,633.0,280.0,1533.0,1020.0,513.0
50,NYC-Brooklyn Community District 10--Bay Ridge & Dyker Heights PUMA,24521.0,12678.0,11843.0,11653.0,5795.0,5858.0,12868.0,6883.0,5985.0,15380.0,7067.0,8313.0,7469.0,3429.0,4040.0,7911.0,3638.0,4273.0,8505.0,5379.0,3126.0,3987.0,2209.0,1778.0,4518.0,3170.0,1348.0,636.0,232.0,404.0,197.0,157.0,40.0,439.0,75.0,364.0
51,Nassau County (Northwest)--North Hempstead Town (North) PUMA,28723.0,14013.0,14710.0,24542.0,12082.0,12460.0,4181.0,1931.0,2250.0,22754.0,10821.0,11933.0,19850.0,9161.0,10689.0,2904.0,1660.0,1244.0,5811.0,3048.0,2763.0,4548.0,2777.0,1771.0,1263.0,271.0,992.0,158.0,144.0,14.0,144.0,144.0,0.0,14.0,0.0,14.0
52,Suffolk County (West Central)--Babylon Town (Northwest) PUMA,24758.0,13392.0,11366.0,21725.0,11809.0,9916.0,3033.0,1583.0,1450.0,10034.0,5254.0,4780.0,8955.0,4694.0,4261.0,1079.0,560.0,519.0,14162.0,7953.0,6209.0,12208.0,6930.0,5278.0,1954.0,1023.0,931.0,562.0,185.0,377.0,562.0,185.0,377.0,0.0,0.0,0.0
53,"NYC-Manhattan Community District 4 & 5--Chelsea, Clinton & Midtown Business District PUMA",58321.0,34658.0,23663.0,15219.0,8019.0,7200.0,43102.0,26639.0,16463.0,52438.0,31031.0,21407.0,13582.0,7326.0,6256.0,38856.0,23705.0,15151.0,5550.0,3431.0,2119.0,1500.0,693.0,807.0,4050.0,2738.0,1312.0,333.0,196.0,137.0,137.0,0.0,137.0,196.0,196.0,0.0
54,Columbia & Greene Counties PUMA,47662.0,23732.0,23930.0,36702.0,18313.0,18389.0,10960.0,5419.0,5541.0,14608.0,6185.0,8423.0,12838.0,5632.0,7206.0,1770.0,553.0,1217.0,30537.0,15951.0,14586.0,22534.0,11811.0,10723.0,8003.0,4140.0,3863.0,2517.0,1596.0,921.0,1330.0,870.0,460.0,1187.0,726.0,461.0
55,Rensselaer County--Troy City PUMA,72023.0,35414.0,36609.0,52569.0,25519.0,27050.0,19454.0,9895.0,9559.0,22704.0,9843.0,12861.0,18114.0,7470.0,10644.0,4590.0,2373.0,2217.0,45638.0,22554.0,23084.0,32449.0,16328.0,16121.0,13189.0,6226.0,6963.0,3681.0,3017.0,664.0,2006.0,1721.0,285.0,1675.0,1296.0,379.0
56,Erie County (West Central)--Buffalo City (West) PUMA,32646.0,16333.0,16313.0,16165.0,7634.0,8531.0,16481.0,8699.0,7782.0,16262.0,8136.0,8126.0,9014.0,4329.0,4685.0,7248.0,3807.0,3441.0,14399.0,6799.0,7600.0,6475.0,3058.0,3417.0,7924.0,3741.0,4183.0,1985.0,1398.0,587.0,676.0,247.0,429.0,1309.0,1151.0,158.0
57,Erie County (South) PUMA,85684.0,43020.0,42664.0,71979.0,35773.0,36206.0,13705.0,7247.0,6458.0,29798.0,13240.0,16558.0,26883.0,11970.0,14913.0,2915.0,1270.0,1645.0,52476.0,27711.0,24765.0,42427.0,22088.0,20339.0,10049.0,5623.0,4426.0,3410.0,2069.0,1341.0,2669.0,1715.0,954.0,741.0,354.0,387.0
58,Oneida County (Central)--Greater Utica & Rome Cities PUMA,57044.0,27752.0,29292.0,38290.0,18221.0,20069.0,18754.0,9531.0,9223.0,17519.0,8430.0,9089.0,13579.0,6248.0,7331.0,3940.0,2182.0,1758.0,35751.0,17468.0,18283.0,23341.0,11247.0,12094.0,12410.0,6221.0,6189.0,3774.0,1854.0,1920.0,1370.0,726.0,644.0,2404.0,1128.0,1276.0
59,"NYC-Manhattan Community District 12--Washington Heights, Inwood & Marble Hill PUMA",28149.0,12989.0,15160.0,6085.0,3526.0,2559.0,22064.0,9463.0,12601.0,22719.0,10253.0,12466.0,5531.0,3284.0,2247.0,17188.0,6969.0,10219.0,4881.0,2344.0,2537.0,554.0,242.0,312.0,4327.0,2102.0,2225.0,549.0,392.0,157.0,0.0,0.0,0.0,549.0,392.0,157.0
60,NYC-Brooklyn Community District 13--Brighton Beach & Coney Island PUMA,8130.0,3784.0,4346.0,4106.0,1932.0,2174.0,4024.0,1852.0,2172.0,2845.0,1081.0,1764.0,1966.0,691.0,1275.0,879.0,390.0,489.0,3571.0,1692.0,1879.0,1596.0,697.0,899.0,1975.0,995.0,980.0,1714.0,1011.0,703.0,544.0,544.0,0.0,1170.0,467.0,703.0
61,NYC-Manhattan Community District 10--Central Harlem PUMA,10888.0,5461.0,5427.0,1754.0,904.0,850.0,9134.0,4557.0,4577.0,9629.0,4697.0,4932.0,1754.0,904.0,850.0,7875.0,3793.0,4082.0,875.0,504.0,371.0,0.0,0.0,0.0,875.0,504.0,371.0,384.0,260.0,124.0,0.0,0.0,0.0,384.0,260.0,124.0
62,Nassau County (West Central)--North Hempstead Town (South) PUMA,26629.0,12867.0,13762.0,22305.0,10948.0,11357.0,4324.0,1919.0,2405.0,16064.0,7439.0,8625.0,14051.0,6850.0,7201.0,2013.0,589.0,1424.0,10192.0,5319.0,4873.0,8012.0,3989.0,4023.0,2180.0,1330.0,850.0,373.0,109.0,264.0,242.0,109.0,133.0,131.0,0.0,131.0
63,NYC-Brooklyn Community District 16--Brownsville & Ocean Hill PUMA,1329.0,706.0,623.0,485.0,392.0,93.0,844.0,314.0,530.0,255.0,81.0,174.0,134.0,81.0,53.0,121.0,0.0,121.0,905.0,516.0,389.0,351.0,311.0,40.0,554.0,205.0,349.0,169.0,109.0,60.0,0.0,0.0,0.0,169.0,109.0,60.0
64,Albany County (East Central)--Albany City PUMA,25718.0,13009.0,12709.0,12922.0,6764.0,6158.0,12796.0,6245.0,6551.0,13399.0,6550.0,6849.0,6659.0,3399.0,3260.0,6740.0,3151.0,3589.0,11071.0,5526.0,5545.0,5993.0,3155.0,2838.0,5078.0,2371.0,2707.0,1248.0,933.0,315.0,270.0,210.0,60.0,978.0,723.0,255.0
65,Nassau County (West Central)--Hempstead Town (West Central) PUMA,22841.0,11746.0,11095.0,18426.0,9181.0,9245.0,4415.0,2565.0,1850.0,11758.0,6213.0,5545.0,10491.0,5444.0,5047.0,1267.0,769.0,498.0,10536.0,5322.0,5214.0,7619.0,3640.0,3979.0,2917.0,1682.0,1235.0,547.0,211.0,336.0,316.0,97.0,219.0,231.0,114.0,117.0
66,Chemung (South) & Steuben (East) Counties--Greater Elmira & Greater Corning Cities PUMA,45047.0,21870.0,23177.0,34122.0,16102.0,18020.0,10925.0,5768.0,5157.0,13309.0,5208.0,8101.0,11132.0,4198.0,6934.0,2177.0,1010.0,1167.0,30026.0,15282.0,14744.0,22187.0,11231.0,10956.0,7839.0,4051.0,3788.0,1712.0,1380.0,332.0,803.0,673.0,130.0,909.0,707.0,202.0
67,"NYC-Bronx Community District 3 & 6--Belmont, Crotona Park East & East Tremont PUMA",696.0,294.0,402.0,91.0,91.0,0.0,605.0,203.0,402.0,339.0,91.0,248.0,91.0,91.0,0.0,248.0,0.0,248.0,182.0,102.0,80.0,0.0,0.0,0.0,182.0,102.0,80.0,175.0,101.0,74.0,0.0,0.0,0.0,175.0,101.0,74.0
68,"NYC-Bronx Community District 5--Morris Heights, Fordham South & Mount Hope PUMA",81.0,81.0,0.0,0.0,0.0,0.0,81.0,81.0,0.0,0.0,0.0,0.0,0.0,0.0,0.0,0.0,0.0,0.0,81.0,81.0,0.0,0.0,0.0,0.0,81.0,81.0,0.0,0.0,0.0,0.0,0.0,0.0,0.0,0.0,0.0,0.0
69,"NYC-Bronx Community District 8--Riverdale, Fieldston & Kingsbridge PUMA",11483.0,5299.0,6184.0,4952.0,1876.0,3076.0,6531.0,3423.0,3108.0,8050.0,4015.0,4035.0,3843.0,1438.0,2405.0,4207.0,2577.0,1630.0,3208.0,1284.0,1924.0,1048.0,438.0,610.0,2160.0,846.0,1314.0,225.0,0.0,225.0,61.0,0.0,61.0,164.0,0.0,164.0
70,Erie County (Northeast) PUMA,52985.0,26442.0,26543.0,47048.0,23241.0,23807.0,5937.0,3201.0,2736.0,22992.0,10319.0,12673.0,21343.0,9533.0,11810.0,1649.0,786.0,863.0,28495.0,14875.0,13620.0,24372.0,12625.0,11747.0,4123.0,2250.0,1873.0,1498.0,1248.0,250.0,1333.0,1083.0,250.0,165.0,165.0,0.0
71,NYC-Manhattan Community District 11--East Harlem PUMA,8506.0,4468.0,4038.0,942.0,551.0,391.0,7564.0,3917.0,3647.0,6828.0,3756.0,3072.0,840.0,449.0,391.0,5988.0,3307.0,2681.0,1678.0,712.0,966.0,102.0,102.0,0.0,1576.0,610.0,966.0,0.0,0.0,0.0,0.0,0.0,0.0,0.0,0.0,0.0
72,Orange County (Southeast) PUMA,40746.0,20976.0,19770.0,30788.0,15408.0,15380.0,9958.0,5568.0,4390.0,15746.0,7521.0,8225.0,12282.0,5880.0,6402.0,3464.0,1641.0,1823.0,22297.0,12171.0,10126.0,17547.0,9015.0,8532.0,4750.0,3156.0,1594.0,2703.0,1284.0,1419.0,959.0,513.0,446.0,1744.0,771.0,973.0
73,Westchester County (Southeast) PUMA,30321.0,15071.0,15250.0,23084.0,11186.0,11898.0,7237.0,3885.0,3352.0,21534.0,10242.0,11292.0,16826.0,7728.0,9098.0,4708.0,2514.0,2194.0,8036.0,4078.0,3958.0,6176.0,3376.0,2800.0,1860.0,702.0,1158.0,751.0,751.0,0.0,82.0,82.0,0.0,669.0,669.0,0.0
74,NYC-Queens Community District 1--Astoria & Long Island City PUMA,38714.0,20976.0,17738.0,7987.0,4109.0,3878.0,30727.0,16867.0,13860.0,27576.0,15238.0,12338.0,3265.0,1961.0,1304.0,24311.0,13277.0,11034.0,10426.0,5332.0,5094.0,4615.0,2041.0,2574.0,5811.0,3291.0,2520.0,712.0,406.0,306.0,107.0,107.0,0.0,605.0,299.0,306.0
75,Livingston & Wyoming Counties PUMA,47199.0,23365.0,23834.0,35614.0,17756.0,17858.0,11585.0,5609.0,5976.0,9678.0,3873.0,5805.0,8764.0,3507.0,5257.0,914.0,366.0,548.0,33553.0,17318.0,16235.0,25018.0,12994.0,12024.0,8535.0,4324.0,4211.0,3968.0,2174.0,1794.0,1832.0,1255.0,577.0,2136.0,919.0,1217.0
76,Suffolk County (Central)--Brookhaven Town (West Central) PUMA,51230.0,25332.0,25898.0,45419.0,22364.0,23055.0,5811.0,2968.0,2843.0,15181.0,6131.0,9050.0,14094.0,5486.0,8608.0,1087.0,645.0,442.0,34630.0,18359.0,16271.0,30123.0,16129.0,13994.0,4507.0,2230.0,2277.0,1419.0,842.0,577.0,1202.0,749.0,453.0,217.0,93.0,124.0
77,Westchester County (Southwest)--Yonkers City PUMA,31578.0,14794.0,16784.0,22391.0,10356.0,12035.0,9187.0,4438.0,4749.0,15294.0,5943.0,9351.0,11694.0,4854.0,6840.0,3600.0,1089.0,2511.0,15291.0,8283.0,7008.0,10543.0,5502.0,5041.0,4748.0,2781.0,1967.0,993.0,568.0,425.0,154.0,0.0,154.0,839.0,568.0,271.0
78,Erie County (North Central) PUMA,45045.0,21215.0,23830.0,37398.0,17476.0,19922.0,7647.0,3739.0,3908.0,28588.0,13619.0,14969.0,23596.0,11265.0,12331.0,4992.0,2354.0,2638.0,16083.0,7528.0,8555.0,13428.0,6143.0,7285.0,2655.0,1385.0,1270.0,374.0,68.0,306.0,374.0,68.0,306.0,0.0,0.0,0.0
79,Saratoga County (South & Central) PUMA,51217.0,25186.0,26031.0,36336.0,16911.0,19425.0,14881.0,8275.0,6606.0,23894.0,10762.0,13132.0,19111.0,8477.0,10634.0,4783.0,2285.0,2498.0,25162.0,13411.0,11751.0,15539.0,7634.0,7905.0,9623.0,5777.0,3846.0,2161.0,1013.0,1148.0,1686.0,800.0,886.0,475.0,213.0,262.0
80,Suffolk County (South Central)--Brookhaven Town (South) PUMA,47323.0,22118.0,25205.0,39184.0,18484.0,20700.0,8139.0,3634.0,4505.0,14600.0,5521.0,9079.0,12736.0,4805.0,7931.0,1864.0,716.0,1148.0,29740.0,14861.0,14879.0,24446.0,12468.0,11978.0,5294.0,2393.0,2901.0,2983.0,1736.0,1247.0,2002.0,1211.0,791.0,981.0,525.0,456.0
81,"NYC-Staten Island Community District 3--Tottenville, Great Kills & Annadale PUMA",63346.0,29039.0,34307.0,55520.0,25168.0,30352.0,7826.0,3871.0,3955.0,22065.0,10386.0,11679.0,19113.0,8792.0,10321.0,2952.0,1594.0,1358.0,40096.0,17906.0,22190.0,35522.0,15798.0,19724.0,4574.0,2108.0,2466.0,1185.0,747.0,438.0,885.0,578.0,307.0,300.0,169.0,131.0
82,Herkimer (North & Central) & Oneida (Outer) Counties PUMA,56741.0,28584.0,28157.0,46200.0,23850.0,22350.0,10541.0,4734.0,5807.0,13305.0,5608.0,7697.0,11891.0,4712.0,7179.0,1414.0,896.0,518.0,38557.0,20125.0,18432.0,31189.0,16919.0,14270.0,7368.0,3206.0,4162.0,4879.0,2851.0,2028.0,3120.0,2219.0,901.0,1759.0,632.0,1127.0
83,Niagara County (North & East) PUMA,52296.0,25571.0,26725.0,41949.0,20345.0,21604.0,10347.0,5226.0,5121.0,13771.0,5689.0,8082.0,13127.0,5305.0,7822.0,644.0,384.0,260.0,35081.0,18295.0,16786.0,27014.0,14141.0,12873.0,8067.0,4154.0,3913.0,3444.0,1587.0,1857.0,1808.0,899.0,909.0,1636.0,688.0,948.0
84,Monroe County (Central)--Rochester City (East) PUMA,26544.0,14157.0,12387.0,12699.0,6277.0,6422.0,13845.0,7880.0,5965.0,11034.0,5220.0,5814.0,6739.0,2934.0,3805.0,4295.0,2286.0,2009.0,14023.0,7834.0,6189.0,5960.0,3343.0,2617.0,8063.0,4491.0,3572.0,1487.0,1103.0,384.0,0.0,0.0,0.0,1487.0,1103.0,384.0
85,Warren & Washington Counties PUMA,61235.0,30462.0,30773.0,46398.0,23460.0,22938.0,14837.0,7002.0,7835.0,14465.0,4889.0,9576.0,11957.0,4261.0,7696.0,2508.0,628.0,1880.0,41401.0,21639.0,19762.0,30265.0,16094.0,14171.0,11136.0,5545.0,5591.0,5369.0,3934.0,1435.0,4176.0,3105.0,1071.0,1193.0,829.0,364.0
86,Nassau County (Southwest)--Hempstead Town (Southwest) & Long Beach City PUMA,34065.0,16451.0,17614.0,28067.0,13420.0,14647.0,5998.0,3031.0,2967.0,21652.0,9870.0,11782.0,17969.0,8336.0,9633.0,3683.0,1534.0,2149.0,11854.0,6317.0,5537.0,9648.0,4929.0,4719.0,2206.0,1388.0,818.0,559.0,264.0,295.0,450.0,155.0,295.0,109.0,109.0,0.0
87,NYC-Brooklyn Community District 8--Crown Heights North & Prospect Heights PUMA,17755.0,8665.0,9090.0,2513.0,1297.0,1216.0,15242.0,7368.0,7874.0,14953.0,6805.0,8148.0,2030.0,1002.0,1028.0,12923.0,5803.0,7120.0,2569.0,1702.0,867.0,400.0,212.0,188.0,2169.0,1490.0,679.0,233.0,158.0,75.0,83.0,83.0,0.0,150.0,75.0,75.0
88,Onondaga County (Central)--Syracuse City PUMA,35381.0,17645.0,17736.0,17546.0,9118.0,8428.0,17835.0,8527.0,9308.0,15215.0,7427.0,7788.0,8619.0,4251.0,4368.0,6596.0,3176.0,3420.0,16565.0,8377.0,8188.0,8532.0,4658.0,3874.0,8033.0,3719.0,4314.0,3601.0,1841.0,1760.0,395.0,209.0,186.0,3206.0,1632.0,1574.0
89,Westchester County (Central)--White Plains City PUMA,42716.0,20241.0,22475.0,33373.0,15496.0,17877.0,9343.0,4745.0,4598.0,34419.0,16107.0,18312.0,28028.0,12806.0,15222.0,6391.0,3301.0,3090.0,8038.0,3980.0,4058.0,5164.0,2614.0,2550.0,2874.0,1366.0,1508.0,259.0,154.0,105.0,181.0,76.0,105.0,78.0,78.0,0.0
90,NYC-Brooklyn Community District 3--Bedford-Stuyvesant PUMA,17024.0,9026.0,7998.0,3703.0,2120.0,1583.0,13321.0,6906.0,6415.0,8857.0,4969.0,3888.0,1941.0,1052.0,889.0,6916.0,3917.0,2999.0,7124.0,3637.0,3487.0,1320.0,860.0,460.0,5804.0,2777.0,3027.0,1043.0,420.0,623.0,442.0,208.0,234.0,601.0,212.0,389.0
91,"NYC-Bronx Community District 1 & 2--Hunts Point, Longwood & Melrose PUMA",1479.0,771.0,708.0,266.0,175.0,91.0,1213.0,596.0,617.0,308.0,139.0,169.0,155.0,64.0,91.0,153.0,75.0,78.0,577.0,130.0,447.0,0.0,0.0,0.0,577.0,130.0,447.0,594.0,502.0,92.0,111.0,111.0,0.0,483.0,391.0,92.0
92,Cattaraugus & Allegany Counties PUMA,56692.0,28240.0,28452.0,43274.0,21822.0,21452.0,13418.0,6418.0,7000.0,10575.0,4596.0,5979.0,8614.0,3755.0,4859.0,1961.0,841.0,1120.0,40254.0,20806.0,19448.0,30474.0,15859.0,14615.0,9780.0,4947.0,4833.0,5863.0,2838.0,3025.0,4186.0,2208.0,1978.0,1677.0,630.0,1047.0
93,Oswego County PUMA,59448.0,29915.0,29533.0,47434.0,23981.0,23453.0,12014.0,5934.0,6080.0,8712.0,4094.0,4618.0,7764.0,3736.0,4028.0,948.0,358.0,590.0,43927.0,21792.0,22135.0,35328.0,17131.0,18197.0,8599.0,4661.0,3938.0,6809.0,4029.0,2780.0,4342.0,3114.0,1228.0,2467.0,915.0,1552.0
94,"NYC-Queens Community District 5--Ridgewood, Glendale & Middle Village PUMA",31013.0,15224.0,15789.0,16364.0,7907.0,8457.0,14649.0,7317.0,7332.0,10577.0,4496.0,6081.0,5488.0,2400.0,3088.0,5089.0,2096.0,2993.0,18859.0,10076.0,8783.0,10284.0,5461.0,4823.0,8575.0,4615.0,3960.0,1577.0,652.0,925.0,592.0,46.0,546.0,985.0,606.0,379.0
95,Monroe County (East) PUMA,55544.0,26761.0,28783.0,49412.0,23579.0,25833.0,6132.0,3182.0,2950.0,26910.0,12524.0,14386.0,24866.0,11669.0,13197.0,2044.0,855.0,1189.0,26753.0,13179.0,13574.0,22989.0,11081.0,11908.0,3764.0,2098.0,1666.0,1881.0,1058.0,823.0,1557.0,829.0,728.0,324.0,229.0,95.0
96,Westchester County (South Central)--New Rochelle & Mount Vernon Cities PUMA,34271.0,16858.0,17413.0,25749.0,12981.0,12768.0,8522.0,3877.0,4645.0,22558.0,10337.0,12221.0,17437.0,8030.0,9407.0,5121.0,2307.0,2814.0,10680.0,5713.0,4967.0,7570.0,4209.0,3361.0,3110.0,1504.0,1606.0,1033.0,808.0,225.0,742.0,742.0,0.0,291.0,66.0,225.0
97,"NYC-Queens Community District 14--Far Rockaway, Breezy Point & Broad Channel PUMA",13947.0,7529.0,6418.0,11082.0,6066.0,5016.0,2865.0,1463.0,1402.0,8025.0,4516.0,3509.0,6896.0,3876.0,3020.0,1129.0,640.0,489.0,5347.0,2672.0,2675.0,3611.0,1849.0,1762.0,1736.0,823.0,913.0,575.0,341.0,234.0,575.0,341.0,234.0,0.0,0.0,0.0
98,"NYC-Brooklyn Community District 12--Borough Park, Kensington & Ocean Parkway PUMA",32541.0,16803.0,15738.0,12918.0,6845.0,6073.0,19623.0,9958.0,9665.0,8548.0,4913.0,3635.0,4068.0,2330.0,1738.0,4480.0,2583.0,1897.0,18835.0,8650.0,10185.0,7316.0,3493.0,3823.0,11519.0,5157.0,6362.0,5158.0,3240.0,1918.0,1534.0,1022.0,512.0,3624.0,2218.0,1406.0
99,"NYC-Bronx Community District 10--Co-op City, Pelham Bay & Schuylerville PUMA",15064.0,7933.0,7131.0,10281.0,5447.0,4834.0,4783.0,2486.0,2297.0,5660.0,2486.0,3174.0,4099.0,2125.0,1974.0,1561.0,361.0,1200.0,8163.0,4883.0,3280.0,5186.0,2758.0,2428.0,2977.0,2125.0,852.0,1241.0,564.0,677.0,996.0,564.0,432.0,245.0,0.0,245.0
100,"NYC-Queens Community District 11--Bayside, Douglaston & Little Neck PUMA",18982.0,9425.0,9557.0,13897.0,7511.0,6386.0,5085.0,1914.0,3171.0,10504.0,5057.0,5447.0,7728.0,4015.0,3713.0,2776.0,1042.0,1734.0,8131.0,4021.0,4110.0,5919.0,3246.0,2673.0,2212.0,775.0,1437.0,347.0,347.0,0.0,250.0,250.0,0.0,97.0,97.0,0.0
101,"NYC-Manhattan Community District 6--Murray Hill, Gramercy & Stuyvesant Town PUMA",52401.0,25304.0,27097.0,14140.0,6348.0,7792.0,38261.0,18956.0,19305.0,49257.0,23071.0,26186.0,13461.0,6348.0,7113.0,35796.0,16723.0,19073.0,3144.0,2233.0,911.0,679.0,0.0,679.0,2465.0,2233.0,232.0,0.0,0.0,0.0,0.0,0.0,0.0,0.0,0.0,0.0
102,Chautauqua County PUMA,58020.0,28561.0,29459.0,43299.0,21827.0,21472.0,14721.0,6734.0,7987.0,13067.0,5709.0,7358.0,11104.0,5076.0,6028.0,1963.0,633.0,1330.0,39441.0,19547.0,19894.0,29177.0,15038.0,14139.0,10264.0,4509.0,5755.0,5512.0,3305.0,2207.0,3018.0,1713.0,1305.0,2494.0,1592.0,902.0
103,NYC-Brooklyn Community District 18--Canarsie & Flatlands PUMA,16384.0,8493.0,7891.0,12101.0,6379.0,5722.0,4283.0,2114.0,2169.0,6568.0,3395.0,3173.0,5107.0,2643.0,2464.0,1461.0,752.0,709.0,9222.0,4774.0,4448.0,6483.0,3455.0,3028.0,2739.0,1319.0,1420.0,594.0,324.0,270.0,511.0,281.0,230.0,83.0,43.0,40.0
104,Erie County (West Central)--Buffalo City (East) PUMA,27503.0,13940.0,13563.0,16106.0,7677.0,8429.0,11397.0,6263.0,5134.0,5793.0,2724.0,3069.0,3491.0,1300.0,2191.0,2302.0,1424.0,878.0,18687.0,9801.0,8886.0,11209.0,5671.0,5538.0,7478.0,4130.0,3348.0,3023.0,1415.0,1608.0,1406.0,706.0,700.0,1617.0,709.0,908.0
105,Genesee & Orleans Counties PUMA,46320.0,23071.0,23249.0,39179.0,19485.0,19694.0,7141.0,3586.0,3555.0,10379.0,4358.0,6021.0,9542.0,4055.0,5487.0,837.0,303.0,534.0,32747.0,16835.0,15912.0,27356.0,14307.0,13049.0,5391.0,2528.0,2863.0,3194.0,1878.0,1316.0,2281.0,1123.0,1158.0,913.0,755.0,158.0
106,"NYC-Staten Island Community District 1--Port Richmond, Stapleton & Mariner's Harbor PUMA",26205.0,12641.0,13564.0,19978.0,9517.0,10461.0,6227.0,3124.0,3103.0,12611.0,4394.0,8217.0,11098.0,3954.0,7144.0,1513.0,440.0,1073.0,12221.0,7305.0,4916.0,8502.0,5438.0,3064.0,3719.0,1867.0,1852.0,1373.0,942.0,431.0,378.0,125.0,253.0,995.0,817.0,178.0
107,"Steuben (North & West), Schuyler & Chemung (North) Counties PUMA",49908.0,24507.0,25401.0,39539.0,19633.0,19906.0,10369.0,4874.0,5495.0,11597.0,4552.0,7045.0,10456.0,4145.0,6311.0,1141.0,407.0,734.0,34472.0,18124.0,16348.0,26478.0,14040.0,12438.0,7994.0,4084.0,3910.0,3839.0,1831.0,2008.0,2605.0,1448.0,1157.0,1234.0,383.0,851.0
108,Nassau County (South Central)--Hempstead Town (Southeast) PUMA,31964.0,15495.0,16469.0,28413.0,13620.0,14793.0,3551.0,1875.0,1676.0,16903.0,7086.0,9817.0,15373.0,6727.0,8646.0,1530.0,359.0,1171.0,14584.0,8271.0,6313.0,12563.0,6755.0,5808.0,2021.0,1516.0,505.0,477.0,138.0,339.0,477.0,138.0,339.0,0.0,0.0,0.0
109,"NYC-Bronx Community District 9--Castle Hill, Clason Point & Parkchester PUMA",2724.0,1359.0,1365.0,424.0,292.0,132.0,2300.0,1067.0,1233.0,564.0,240.0,324.0,77.0,39.0,38.0,487.0,201.0,286.0,1811.0,989.0,822.0,347.0,253.0,94.0,1464.0,736.0,728.0,349.0,130.0,219.0,0.0,0.0,0.0,349.0,130.0,219.0
110,Suffolk County (East) PUMA,46829.0,23308.0,23521.0,39497.0,19371.0,20126.0,7332.0,3937.0,3395.0,19589.0,8655.0,10934.0,17582.0,8087.0,9495.0,2007.0,568.0,1439.0,26408.0,13860.0,12548.0,21454.0,10862.0,10592.0,4954.0,2998.0,1956.0,832.0,793.0,39.0,461.0,422.0,39.0,371.0,371.0,0.0
111,Orange County (Northwest) PUMA,38643.0,19113.0,19530.0,27286.0,13425.0,13861.0,11357.0,5688.0,5669.0,12365.0,5339.0,7026.0,9793.0,4235.0,5558.0,2572.0,1104.0,1468.0,23806.0,12524.0,11282.0,16817.0,8854.0,7963.0,6989.0,3670.0,3319.0,2472.0,1250.0,1222.0,676.0,336.0,340.0,1796.0,914.0,882.0
112,Broome County (West Central)--Greater Binghamton City & Greater Johnson City Village PUMA,43644.0,21391.0,22253.0,27798.0,14099.0,13699.0,15846.0,7292.0,8554.0,13521.0,6666.0,6855.0,10028.0,4917.0,5111.0,3493.0,1749.0,1744.0,26949.0,13111.0,13838.0,16884.0,8687.0,8197.0,10065.0,4424.0,5641.0,3174.0,1614.0,1560.0,886.0,495.0,391.0,2288.0,1119.0,1169.0
113,"NYC-Bronx Community District 11--Pelham Parkway, Morris Park & Laconia PUMA",9012.0,4073.0,4939.0,5358.0,2630.0,2728.0,3654.0,1443.0,2211.0,2815.0,1267.0,1548.0,1844.0,835.0,1009.0,971.0,432.0,539.0,5744.0,2625.0,3119.0,3186.0,1614.0,1572.0,2558.0,1011.0,1547.0,453.0,181.0,272.0,328.0,181.0,147.0,125.0,0.0,125.0
114,Suffolk County (Northwest)--Smithtown Town PUMA,49653.0,24320.0,25333.0,46780.0,22640.0,24140.0,2873.0,1680.0,1193.0,25743.0,11906.0,13837.0,24694.0,11306.0,13388.0,1049.0,600.0,449.0,23637.0,12336.0,11301.0,21813.0,11256.0,10557.0,1824.0,1080.0,744.0,273.0,78.0,195.0,273.0,78.0,195.0,0.0,0.0,0.0
115,Ulster County (East) PUMA,62202.0,30048.0,32154.0,47599.0,22665.0,24934.0,14603.0,7383.0,7220.0,21755.0,9368.0,12387.0,18401.0,7242.0,11159.0,3354.0,2126.0,1228.0,37836.0,18993.0,18843.0,27838.0,14504.0,13334.0,9998.0,4489.0,5509.0,2611.0,1687.0,924.0,1360.0,919.0,441.0,1251.0,768.0,483.0
116,Westchester County (Northeast) PUMA,51432.0,25136.0,26296.0,47755.0,23408.0,24347.0,3677.0,1728.0,1949.0,35363.0,16978.0,18385.0,33005.0,15868.0,17137.0,2358.0,1110.0,1248.0,15665.0,7886.0,7779.0,14478.0,7268.0,7210.0,1187.0,618.0,569.0,404.0,272.0,132.0,272.0,272.0,0.0,132.0,0.0,132.0
117,NYC-Brooklyn Community District 4--Bushwick PUMA,13900.0,9080.0,4820.0,1437.0,1182.0,255.0,12463.0,7898.0,4565.0,9714.0,6008.0,3706.0,819.0,635.0,184.0,8895.0,5373.0,3522.0,4186.0,3072.0,1114.0,618.0,547.0,71.0,3568.0,2525.0,1043.0,0.0,0.0,0.0,0.0,0.0,0.0,0.0,0.0,0.0
118,NYC-Manhattan Community District 3--Chinatown & Lower East Side PUMA,30619.0,17201.0,13418.0,4964.0,2478.0,2486.0,25655.0,14723.0,10932.0,24802.0,14181.0,10621.0,4119.0,1874.0,2245.0,20683.0,12307.0,8376.0,5477.0,3020.0,2457.0,845.0,604.0,241.0,4632.0,2416.0,2216.0,340.0,0.0,340.0,0.0,0.0,0.0,340.0,0.0,340.0
119,Dutchess County (North & East) PUMA,52303.0,26150.0,26153.0,43183.0,21600.0,21583.0,9120.0,4550.0,4570.0,21923.0,10099.0,11824.0,18570.0,8555.0,10015.0,3353.0,1544.0,1809.0,27393.0,14335.0,13058.0,23358.0,12214.0,11144.0,4035.0,2121.0,1914.0,2987.0,1716.0,1271.0,1255.0,831.0,424.0,1732.0,885.0,847.0
120,Nassau County (Central)--Hempstead Town (North Central)--Meadowbrook Corridor PUMA,7588.0,3629.0,3959.0,5339.0,2305.0,3034.0,2249.0,1324.0,925.0,4502.0,1737.0,2765.0,3264.0,1244.0,2020.0,1238.0,493.0,745.0,2901.0,1789.0,1112.0,1972.0,958.0,1014.0,929.0,831.0,98.0,185.0,103.0,82.0,103.0,103.0,0.0,82.0,0.0,82.0
121,Broome (Outer West) & Tioga Counties PUMA,51206.0,25929.0,25277.0,42879.0,21923.0,20956.0,8327.0,4006.0,4321.0,13211.0,6069.0,7142.0,11858.0,5603.0,6255.0,1353.0,466.0,887.0,33981.0,17777.0,16204.0,28407.0,14945.0,13462.0,5574.0,2832.0,2742.0,4014.0,2083.0,1931.0,2614.0,1375.0,1239.0,1400.0,708.0,692.0
122,"Rockland County (South)--Orangetown, Clarkstown (South) & Ramapo (Southeast) Towns PUMA",29257.0,14868.0,14389.0,24125.0,11891.0,12234.0,5132.0,2977.0,2155.0,14885.0,7191.0,7694.0,12182.0,5784.0,6398.0,2703.0,1407.0,1296.0,14071.0,7468.0,6603.0,11642.0,5898.0,5744.0,2429.0,1570.0,859.0,301.0,209.0,92.0,301.0,209.0,92.0,0.0,0.0,0.0
123,"NYC-Brooklyn Community District 17--East Flatbush, Farragut & Rugby PUMA",1698.0,935.0,763.0,652.0,340.0,312.0,1046.0,595.0,451.0,590.0,175.0,415.0,371.0,175.0,196.0,219.0,0.0,219.0,860.0,512.0,348.0,281.0,165.0,116.0,579.0,347.0,232.0,248.0,248.0,0.0,0.0,0.0,0.0,248.0,248.0,0.0
124,Orange County (Northeast)--Greater Newburgh City PUMA,38874.0,18944.0,19930.0,31512.0,15661.0,15851.0,7362.0,3283.0,4079.0,11843.0,5337.0,6506.0,10598.0,4659.0,5939.0,1245.0,678.0,567.0,25447.0,12518.0,12929.0,19710.0,10173.0,9537.0,5737.0,2345.0,3392.0,1584.0,1089.0,495.0,1204.0,829.0,375.0,380.0,260.0,120.0
125,"NYC-Manhattan Community District 1 & 2--Battery Park City, Greenwich Village & Soho PUMA",59465.0,29810.0,29655.0,20216.0,10414.0,9802.0,39249.0,19396.0,19853.0,53196.0,25680.0,27516.0,17761.0,8462.0,9299.0,35435.0,17218.0,18217.0,6151.0,4012.0,2139.0,2455.0,1952.0,503.0,3696.0,2060.0,1636.0,118.0,118.0,0.0,0.0,0.0,0.0,118.0,118.0,0.0
126,NYC-Queens Community District 6--Forest Hills & Rego Park PUMA,18718.0,10141.0,8577.0,8479.0,5230.0,3249.0,10239.0,4911.0,5328.0,13641.0,7285.0,6356.0,6456.0,3988.0,2468.0,7185.0,3297.0,3888.0,4548.0,2696.0,1852.0,1894.0,1147.0,747.0,2654.0,1549.0,1105.0,529.0,160.0,369.0,129.0,95.0,34.0,400.0,65.0,335.0
127,Onondaga County (North) PUMA,58623.0,28575.0,30048.0,48481.0,23907.0,24574.0,10142.0,4668.0,5474.0,23585.0,10861.0,12724.0,21309.0,9732.0,11577.0,2276.0,1129.0,1147.0,33071.0,16335.0,16736.0,26027.0,13452.0,12575.0,7044.0,2883.0,4161.0,1967.0,1379.0,588.0,1145.0,723.0,422.0,822.0,656.0,166.0
128,Nassau County (Northeast)--Oyster Bay Town (North) & Glen Cove City PUMA,38264.0,18579.0,19685.0,33622.0,16289.0,17333.0,4642.0,2290.0,2352.0,26541.0,12601.0,13940.0,24096.0,11429.0,12667.0,2445.0,1172.0,1273.0,10869.0,5489.0,5380.0,8672.0,4371.0,4301.0,2197.0,1118.0,1079.0,854.0,489.0,365.0,854.0,489.0,365.0,0.0,0.0,0.0
129,Monroe County (North & West) PUMA,48401.0,23591.0,24810.0,41965.0,21142.0,20823.0,6436.0,2449.0,3987.0,17993.0,8387.0,9606.0,16749.0,8035.0,8714.0,1244.0,352.0,892.0,28495.0,13899.0,14596.0,24194.0,12211.0,11983.0,4301.0,1688.0,2613.0,1913.0,1305.0,608.0,1022.0,896.0,126.0,891.0,409.0,482.0
130,Sullivan & Ulster (West) Counties PUMA,40223.0,20008.0,20215.0,31325.0,15545.0,15780.0,8898.0,4463.0,4435.0,12851.0,4855.0,7996.0,11105.0,3839.0,7266.0,1746.0,1016.0,730.0,24416.0,13619.0,10797.0,18241.0,10724.0,7517.0,6175.0,2895.0,3280.0,2956.0,1534.0,1422.0,1979.0,982.0,997.0,977.0,552.0,425.0
131,Suffolk County (Southwest)--Babylon Town (Southeast) PUMA,37166.0,17845.0,19321.0,30117.0,14324.0,15793.0,7049.0,3521.0,3528.0,13767.0,5528.0,8239.0,11733.0,4824.0,6909.0,2034.0,704.0,1330.0,21464.0,11079.0,10385.0,17148.0,8797.0,8351.0,4316.0,2282.0,2034.0,1935.0,1238.0,697.0,1236.0,703.0,533.0,699.0,535.0,164.0
132,Suffolk County (Northwest)--Huntington Town (North) PUMA,36928.0,18051.0,18877.0,32852.0,15949.0,16903.0,4076.0,2102.0,1974.0,23307.0,10796.0,12511.0,20897.0,9665.0,11232.0,2410.0,1131.0,1279.0,13127.0,6893.0,6234.0,11461.0,5922.0,5539.0,1666.0,971.0,695.0,494.0,362.0,132.0,494.0,362.0,132.0,0.0,0.0,0.0
133,"NYC-Queens Community District 12--Jamaica, Hollis & St. Albans PUMA",595.0,85.0,510.0,89.0,0.0,89.0,506.0,85.0,421.0,234.0,85.0,149.0,89.0,0.0,89.0,145.0,85.0,60.0,255.0,0.0,255.0,0.0,0.0,0.0,255.0,0.0,255.0,106.0,0.0,106.0,0.0,0.0,0.0,106.0,0.0,106.0
134,"NYC-Queens Community District 13--Queens Village, Cambria Heights & Rosedale PUMA",9503.0,4800.0,4703.0,7228.0,3815.0,3413.0,2275.0,985.0,1290.0,3691.0,1407.0,2284.0,2980.0,1379.0,1601.0,711.0,28.0,683.0,5420.0,3242.0,2178.0,3921.0,2350.0,1571.0,1499.0,892.0,607.0,392.0,151.0,241.0,327.0,86.0,241.0,65.0,65.0,0.0
135,Monroe County (Central)--Rochester City (West) PUMA,17256.0,8743.0,8513.0,9105.0,4796.0,4309.0,8151.0,3947.0,4204.0,5411.0,2975.0,2436.0,3412.0,2029.0,1383.0,1999.0,946.0,1053.0,9515.0,4654.0,4861.0,4835.0,2359.0,2476.0,4680.0,2295.0,2385.0,2330.0,1114.0,1216.0,858.0,408.0,450.0,1472.0,706.0,766.0
136,NYC-Queens Community District 10--Howard Beach & Ozone Park PUMA,15436.0,7872.0,7564.0,13340.0,6807.0,6533.0,2096.0,1065.0,1031.0,5346.0,2079.0,3267.0,4835.0,1765.0,3070.0,511.0,314.0,197.0,9248.0,5221.0,4027.0,7724.0,4531.0,3193.0,1524.0,690.0,834.0,842.0,572.0,270.0,781.0,511.0,270.0,61.0,61.0,0.0
137,Suffolk County (Central)--Islip Town (Northwest) PUMA,14796.0,7172.0,7624.0,13592.0,6378.0,7214.0,1204.0,794.0,410.0,2351.0,846.0,1505.0,2301.0,846.0,1455.0,50.0,0.0,50.0,10588.0,5087.0,5501.0,10094.0,4742.0,5352.0,494.0,345.0,149.0,1857.0,1239.0,618.0,1197.0,790.0,407.0,660.0,449.0,211.0
138,Putnam County PUMA,41846.0,20660.0,21186.0,37859.0,18907.0,18952.0,3987.0,1753.0,2234.0,17573.0,7245.0,10328.0,15977.0,6815.0,9162.0,1596.0,430.0,1166.0,22664.0,12200.0,10464.0,20972.0,11416.0,9556.0,1692.0,784.0,908.0,1609.0,1215.0,394.0,910.0,676.0,234.0,699.0,539.0,160.0
139,NYC-Queens Community District 2--Sunnyside & Woodside PUMA,18264.0,8878.0,9386.0,4816.0,2437.0,2379.0,13448.0,6441.0,7007.0,11220.0,5505.0,5715.0,2736.0,1077.0,1659.0,8484.0,4428.0,4056.0,6338.0,3093.0,3245.0,1964.0,1360.0,604.0,4374.0,1733.0,2641.0,706.0,280.0,426.0,116.0,0.0,116.0,590.0,280.0,310.0
140,Nassau County (Central)--Hempstead Town (East Central) PUMA,44019.0,21917.0,22102.0,39805.0,19799.0,20006.0,4214.0,2118.0,2096.0,26117.0,11755.0,14362.0,24017.0,10818.0,13199.0,2100.0,937.0,1163.0,17629.0,10085.0,7544.0,15640.0,8904.0,6736.0,1989.0,1181.0,808.0,273.0,77.0,196.0,148.0,77.0,71.0,125.0,0.0,125.0
141,Suffolk County (Northwest)--Huntington Town (South) PUMA,41174.0,19455.0,21719.0,38235.0,18572.0,19663.0,2939.0,883.0,2056.0,21466.0,10447.0,11019.0,20585.0,10087.0,10498.0,881.0,360.0,521.0,18684.0,8768.0,9916.0,17000.0,8245.0,8755.0,1684.0,523.0,1161.0,1024.0,240.0,784.0,650.0,240.0,410.0,374.0,0.0,374.0
142,"NYC-Bronx Community District 4--Concourse, Highbridge & Mount Eden PUMA",1527.0,656.0,871.0,201.0,0.0,201.0,1326.0,656.0,670.0,1198.0,564.0,634.0,201.0,0.0,201.0,997.0,564.0,433.0,329.0,92.0,237.0,0.0,0.0,0.0,329.0,92.0,237.0,0.0,0.0,0.0,0.0,0.0,0.0,0.0,0.0,0.0
143,Nassau County (Central)--Hempstead Town (Northeast) PUMA,40656.0,20353.0,20303.0,36775.0,18604.0,18171.0,3881.0,1749.0,2132.0,15783.0,7772.0,8011.0,15702.0,7772.0,7930.0,81.0,0.0,81.0,23580.0,11581.0,11999.0,19940.0,9992.0,9948.0,3640.0,1589.0,2051.0,1293.0,1000.0,293.0,1133.0,840.0,293.0,160.0,160.0,0.0
144,NYC-Brooklyn Community District 14--Flatbush & Midwood PUMA,20959.0,10747.0,10212.0,8674.0,4678.0,3996.0,12285.0,6069.0,6216.0,12404.0,5689.0,6715.0,4657.0,2564.0,2093.0,7747.0,3125.0,4622.0,7847.0,4676.0,3171.0,3847.0,1981.0,1866.0,4000.0,2695.0,1305.0,708.0,382.0,326.0,170.0,133.0,37.0,538.0,249.0,289.0
145,"Rockland County (West)--Spring Valley, Suffern Villages & Monsey PUMA",24557.0,12145.0,12412.0,13751.0,6816.0,6935.0,10806.0,5329.0,5477.0,8372.0,4290.0,4082.0,6380.0,3168.0,3212.0,1992.0,1122.0,870.0,13160.0,6006.0,7154.0,6423.0,2909.0,3514.0,6737.0,3097.0,3640.0,3025.0,1849.0,1176.0,948.0,739.0,209.0,2077.0,1110.0,967.0
146,Capital Region,461139.0,227158.0,233981.0,343315.0,169221.0,174094.0,117824.0,57937.0,59887.0,168299.0,76409.0,91890.0,135729.0,62078.0,73651.0,32570.0,14331.0,18239.0,270634.0,135200.0,135434.0,194067.0,97180.0,96887.0,76567.0,38020.0,38547.0,22206.0,15549.0,6657.0,13519.0,9963.0,3556.0,8687.0,5586.0,3101.0
147,Central NY,335501.0,165185.0,170316.0,255803.0,126319.0,129484.0,79698.0,38866.0,40832.0,111206.0,51804.0,59402.0,92150.0,42299.0,49851.0,19056.0,9505.0,9551.0,204333.0,101692.0,102641.0,152507.0,77166.0,75341.0,51826.0,24526.0,27300.0,19962.0,11689.0,8273.0,11146.0,6854.0,4292.0,8816.0,4835.0,3981.0
148,Finger Lakes,485853.0,239933.0,245920.0,386048.0,191272.0,194776.0,99805.0,48661.0,51144.0,173436.0,79394.0,94042.0,149528.0,69257.0,80271.0,23908.0,10137.0,13771.0,284106.0,143647.0,140459.0,219426.0,111039.0,108387.0,64680.0,32608.0,32072.0,28311.0,16892.0,11419.0,17094.0,10976.0,6118.0,11217.0,5916.0,5301.0
149,Long Island,909835.0,448142.0,461693.0,801812.0,394251.0,407561.0,108023.0,53891.0,54132.0,438736.0,199997.0,238739.0,400792.0,183867.0,216925.0,37944.0,16130.0,21814.0,447770.0,234504.0,213266.0,383766.0,200073.0,183693.0,64004.0,34431.0,29573.0,23329.0,13641.0,9688.0,17254.0,10311.0,6943.0,6075.0,3330.0,2745.0
150,Mid-Hudson,678706.0,334570.0,344136.0,537875.0,264365.0,273510.0,140831.0,70205.0,70626.0,324100.0,147905.0,176195.0,272453.0,123163.0,149290.0,51647.0,24742.0,26905.0,327055.0,170147.0,156908.0,251348.0,132130.0,119218.0,75707.0,38017.0,37690.0,27551.0,16518.0,11033.0,14074.0,9072.0,5002.0,13477.0,7446.0,6031.0
151,Mohawk Valley,212594.0,105531.0,107063.0,161795.0,80390.0,81405.0,50799.0,25141.0,25658.0,51505.0,22553.0,28952.0,42782.0,17721.0,25061.0,8723.0,4832.0,3891.0,143689.0,74188.0,69501.0,108545.0,56933.0,51612.0,35144.0,17255.0,17889.0,17400.0,8790.0,8610.0,10468.0,5736.0,4732.0,6932.0,3054.0,3878.0
152,New York City,1154073.0,578344.0,575729.0,487065.0,240854.0,246211.0,667008.0,337490.0,329518.0,765853.0,371985.0,393868.0,293813.0,140418.0,153395.0,472040.0,231567.0,240473.0,351395.0,186200.0,165195.0,179945.0,92861.0,87084.0,171450.0,93339.0,78111.0,36825.0,20159.0,16666.0,13307.0,7575.0,5732.0,23518.0,12584.0,10934.0
153,North Country,186109.0,93151.0,92958.0,136073.0,69298.0,66775.0,50036.0,23853.0,26183.0,39808.0,18054.0,21754.0,31369.0,14049.0,17320.0,8439.0,4005.0,4434.0,131392.0,66206.0,65186.0,95871.0,50225.0,45646.0,35521.0,15981.0,19540.0,14909.0,8891.0,6018.0,8833.0,5024.0,3809.0,6076.0,3867.0,2209.0
154,Southern Tier,276436.0,135598.0,140838.0,206604.0,101510.0,105094.0,69832.0,34088.0,35744.0,80815.0,35110.0,45705.0,65355.0,27511.0,37844.0,15460.0,7599.0,7861.0,177385.0,90062.0,87323.0,130543.0,67505.0,63038.0,46842.0,22557.0,24285.0,18236.0,10426.0,7810.0,10706.0,6494.0,4212.0,7530.0,3932.0,3598.0
155,Western NY,571195.0,280565.0,290630.0,442639.0,217248.0,225391.0,128556.0,63317.0,65239.0,186211.0,83372.0,102839.0,155026.0,68494.0,86532.0,31185.0,14878.0,16307.0,353288.0,179278.0,174010.0,268291.0,137515.0,130776.0,84997.0,41763.0,43234.0,31696.0,17915.0,13781.0,19322.0,11239.0,8083.0,12374.0,6676.0,5698.0
