,puma,Total_geo,Total_geo_m,Total_geo_f,Total_NRB_mf_t,Total_NRB_m,Total_NRB_f,Total_RB_mf_t,Total_RB_m,Total_RB_f,Total_BABS,Total_BABS_m,Total_BABS_f,BABS_NRB_mf_t,BABS_NRB_m,BABS_NRB_f,BABS_RB_mf_t,BABS_RB_m,BABS_RB_f,Total_HS,Total_HS_m,Total_HS_f,HS_NRB_mf_t,HS_NRB_m,HS_NRB_f,HS_RB_mf_t,HS_RB_m,HS_RB_f,Total_HSINC,Total_HSINC_m,Total_HSINC_f,HSINC_NRB_mf_t,HSINC_NRB_m,HSINC_NRB_f,HSINC_RB_mf_t,HSINC_RB_m,HSINC_RB_f
0,Total Geo,2476732.0,1181515.0,1295217.0,2012302.0,983160.0,1029142.0,464430.0,198355.0,266075.0,980250.0,437522.0,542728.0,886380.0,401361.0,485019.0,93870.0,36161.0,57709.0,1245486.0,617581.0,627905.0,965192.0,494467.0,470725.0,280294.0,123114.0,157180.0,250996.0,126412.0,124584.0,160730.0,87332.0,73398.0,90266.0,39080.0,51186.0
1,"NYC-Manhattan Community District 9--Hamilton Heights, Manhattanville & West Harlem PUMA",33020.0,16816.0,16204.0,29255.0,14919.0,14336.0,3765.0,1897.0,1868.0,17674.0,8639.0,9035.0,15623.0,7849.0,7774.0,2051.0,790.0,1261.0,13012.0,6645.0,6367.0,11941.0,5863.0,6078.0,1071.0,782.0,289.0,2334.0,1532.0,802.0,1691.0,1207.0,484.0,643.0,325.0,318.0
2,Ulster County (East) PUMA,18995.0,9206.0,9789.0,16344.0,7764.0,8580.0,2651.0,1442.0,1209.0,3937.0,1341.0,2596.0,3583.0,1079.0,2504.0,354.0,262.0,92.0,13497.0,6949.0,6548.0,11709.0,6278.0,5431.0,1788.0,671.0,1117.0,1561.0,916.0,645.0,1052.0,407.0,645.0,509.0,509.0,0.0
3,Albany County (East Central)--Albany City PUMA,24014.0,10736.0,13278.0,18844.0,9034.0,9810.0,5170.0,1702.0,3468.0,7135.0,3679.0,3456.0,6040.0,3043.0,2997.0,1095.0,636.0,459.0,14827.0,6214.0,8613.0,11719.0,5280.0,6439.0,3108.0,934.0,2174.0,2052.0,843.0,1209.0,1085.0,711.0,374.0,967.0,132.0,835.0
4,Chemung (South) & Steuben (East) Counties--Greater Elmira & Greater Corning Cities PUMA,12710.0,5854.0,6856.0,9966.0,4714.0,5252.0,2744.0,1140.0,1604.0,1907.0,956.0,951.0,1766.0,815.0,951.0,141.0,141.0,0.0,9901.0,4444.0,5457.0,7503.0,3503.0,4000.0,2398.0,941.0,1457.0,902.0,454.0,448.0,697.0,396.0,301.0,205.0,58.0,147.0
5,Ontario & Yates Counties PUMA,11894.0,6398.0,5496.0,9535.0,5135.0,4400.0,2359.0,1263.0,1096.0,3449.0,1100.0,2349.0,3328.0,1061.0,2267.0,121.0,39.0,82.0,7642.0,4637.0,3005.0,5597.0,3518.0,2079.0,2045.0,1119.0,926.0,803.0,661.0,142.0,610.0,556.0,54.0,193.0,105.0,88.0
6,Suffolk County (North Central)--Brookhaven Town (North) PUMA,2909.0,1297.0,1612.0,1994.0,894.0,1100.0,915.0,403.0,512.0,1363.0,615.0,748.0,1280.0,615.0,665.0,83.0,0.0,83.0,1346.0,482.0,864.0,638.0,203.0,435.0,708.0,279.0,429.0,200.0,200.0,0.0,76.0,76.0,0.0,124.0,124.0,0.0
7,Westchester County (South Central)--New Rochelle & Mount Vernon Cities PUMA,23588.0,10786.0,12802.0,17848.0,9192.0,8656.0,5740.0,1594.0,4146.0,6122.0,1465.0,4657.0,5434.0,1386.0,4048.0,688.0,79.0,609.0,15048.0,8053.0,6995.0,11345.0,6930.0,4415.0,3703.0,1123.0,2580.0,2418.0,1268.0,1150.0,1069.0,876.0,193.0,1349.0,392.0,957.0
8,"Clinton, Franklin, Essex & Hamilton Counties PUMA",15625.0,7025.0,8600.0,11404.0,5430.0,5974.0,4221.0,1595.0,2626.0,2831.0,1236.0,1595.0,2718.0,1157.0,1561.0,113.0,79.0,34.0,10897.0,5088.0,5809.0,8257.0,4091.0,4166.0,2640.0,997.0,1643.0,1897.0,701.0,1196.0,429.0,182.0,247.0,1468.0,519.0,949.0
9,Oneida County (Central)--Greater Utica & Rome Cities PUMA,20482.0,10071.0,10411.0,15824.0,7708.0,8116.0,4658.0,2363.0,2295.0,3659.0,1668.0,1991.0,3378.0,1555.0,1823.0,281.0,113.0,168.0,14196.0,6513.0,7683.0,11432.0,5571.0,5861.0,2764.0,942.0,1822.0,2627.0,1890.0,737.0,1014.0,582.0,432.0,1613.0,1308.0,305.0
10,"NYC-Bronx Community District 3 & 6--Belmont, Crotona Park East & East Tremont PUMA",36094.0,15221.0,20873.0,25908.0,11040.0,14868.0,10186.0,4181.0,6005.0,5075.0,1763.0,3312.0,3931.0,1116.0,2815.0,1144.0,647.0,497.0,22239.0,9204.0,13035.0,17965.0,7385.0,10580.0,4274.0,1819.0,2455.0,8780.0,4254.0,4526.0,4012.0,2539.0,1473.0,4768.0,1715.0,3053.0
11,Livingston & Wyoming Counties PUMA,7447.0,3290.0,4157.0,5938.0,2740.0,3198.0,1509.0,550.0,959.0,910.0,406.0,504.0,857.0,353.0,504.0,53.0,53.0,0.0,5165.0,2454.0,2711.0,4441.0,2181.0,2260.0,724.0,273.0,451.0,1372.0,430.0,942.0,640.0,206.0,434.0,732.0,224.0,508.0
12,NYC-Manhattan Community District 3--Chinatown & Lower East Side PUMA,48299.0,23021.0,25278.0,39556.0,18889.0,20667.0,8743.0,4132.0,4611.0,31861.0,14432.0,17429.0,27195.0,11868.0,15327.0,4666.0,2564.0,2102.0,13355.0,6828.0,6527.0,10158.0,5423.0,4735.0,3197.0,1405.0,1792.0,3083.0,1761.0,1322.0,2203.0,1598.0,605.0,880.0,163.0,717.0
13,Suffolk County (West Central)--Babylon Town (Northwest) PUMA,7425.0,2874.0,4551.0,4052.0,1551.0,2501.0,3373.0,1323.0,2050.0,1443.0,230.0,1213.0,957.0,230.0,727.0,486.0,0.0,486.0,5690.0,2503.0,3187.0,2944.0,1321.0,1623.0,2746.0,1182.0,1564.0,292.0,141.0,151.0,151.0,0.0,151.0,141.0,141.0,0.0
14,Broome County (West Central)--Greater Binghamton City & Greater Johnson City Village PUMA,17564.0,9000.0,8564.0,12890.0,6584.0,6306.0,4674.0,2416.0,2258.0,3068.0,2062.0,1006.0,2705.0,1886.0,819.0,363.0,176.0,187.0,11939.0,6048.0,5891.0,8722.0,4192.0,4530.0,3217.0,1856.0,1361.0,2557.0,890.0,1667.0,1463.0,506.0,957.0,1094.0,384.0,710.0
15,Nassau County (Northwest)--North Hempstead Town (North) PUMA,6706.0,3004.0,3702.0,5815.0,2780.0,3035.0,891.0,224.0,667.0,4698.0,1867.0,2831.0,4202.0,1643.0,2559.0,496.0,224.0,272.0,2008.0,1137.0,871.0,1613.0,1137.0,476.0,395.0,0.0,395.0,0.0,0.0,0.0,0.0,0.0,0.0,0.0,0.0,0.0
16,Monroe County (Central)--Rochester City (East) PUMA,25124.0,11055.0,14069.0,18000.0,9024.0,8976.0,7124.0,2031.0,5093.0,7689.0,4128.0,3561.0,7469.0,3908.0,3561.0,220.0,220.0,0.0,13005.0,6034.0,6971.0,8531.0,4564.0,3967.0,4474.0,1470.0,3004.0,4430.0,893.0,3537.0,2000.0,552.0,1448.0,2430.0,341.0,2089.0
17,Westchester County (Northwest) PUMA,10513.0,4627.0,5886.0,7833.0,3993.0,3840.0,2680.0,634.0,2046.0,5045.0,1768.0,3277.0,3933.0,1768.0,2165.0,1112.0,0.0,1112.0,4718.0,2859.0,1859.0,3686.0,2225.0,1461.0,1032.0,634.0,398.0,750.0,0.0,750.0,214.0,0.0,214.0,536.0,0.0,536.0
18,NYC-Brooklyn Community District 16--Brownsville & Ocean Hill PUMA,25413.0,9335.0,16078.0,16595.0,5553.0,11042.0,8818.0,3782.0,5036.0,4151.0,1009.0,3142.0,3484.0,725.0,2759.0,667.0,284.0,383.0,16942.0,5617.0,11325.0,10703.0,3364.0,7339.0,6239.0,2253.0,3986.0,4320.0,2709.0,1611.0,2408.0,1464.0,944.0,1912.0,1245.0,667.0
19,Onondaga County (Central)--Syracuse City PUMA,27539.0,12965.0,14574.0,20853.0,10253.0,10600.0,6686.0,2712.0,3974.0,4945.0,2497.0,2448.0,4317.0,2026.0,2291.0,628.0,471.0,157.0,18046.0,8542.0,9504.0,13263.0,6544.0,6719.0,4783.0,1998.0,2785.0,4548.0,1926.0,2622.0,3273.0,1683.0,1590.0,1275.0,243.0,1032.0
20,Westchester County (Northeast) PUMA,6112.0,3403.0,2709.0,5521.0,3331.0,2190.0,591.0,72.0,519.0,3468.0,1677.0,1791.0,3204.0,1605.0,1599.0,264.0,72.0,192.0,2644.0,1726.0,918.0,2317.0,1726.0,591.0,327.0,0.0,327.0,0.0,0.0,0.0,0.0,0.0,0.0,0.0,0.0,0.0
21,Madison & Cortland Counties PUMA,13698.0,7409.0,6289.0,11060.0,5841.0,5219.0,2638.0,1568.0,1070.0,1982.0,724.0,1258.0,1812.0,628.0,1184.0,170.0,96.0,74.0,9863.0,5118.0,4745.0,8022.0,4273.0,3749.0,1841.0,845.0,996.0,1853.0,1567.0,286.0,1226.0,940.0,286.0,627.0,627.0,0.0
22,Erie County (West Central)--Buffalo City (West) PUMA,25373.0,11267.0,14106.0,21262.0,9567.0,11695.0,4111.0,1700.0,2411.0,10970.0,4439.0,6531.0,10054.0,4157.0,5897.0,916.0,282.0,634.0,12592.0,6161.0,6431.0,10088.0,4821.0,5267.0,2504.0,1340.0,1164.0,1811.0,667.0,1144.0,1120.0,589.0,531.0,691.0,78.0,613.0
23,Monroe County (Central)--Rochester City (West) PUMA,20960.0,9548.0,11412.0,15405.0,6532.0,8873.0,5555.0,3016.0,2539.0,3178.0,1729.0,1449.0,2823.0,1513.0,1310.0,355.0,216.0,139.0,13546.0,5408.0,8138.0,9844.0,3584.0,6260.0,3702.0,1824.0,1878.0,4236.0,2411.0,1825.0,2738.0,1435.0,1303.0,1498.0,976.0,522.0
24,Suffolk County (Central)--Islip Town (East) PUMA,12308.0,6260.0,6048.0,8762.0,4205.0,4557.0,3546.0,2055.0,1491.0,3510.0,1357.0,2153.0,2995.0,1230.0,1765.0,515.0,127.0,388.0,7917.0,4721.0,3196.0,5525.0,2912.0,2613.0,2392.0,1809.0,583.0,881.0,182.0,699.0,242.0,63.0,179.0,639.0,119.0,520.0
25,Nassau County (Central)--Hempstead Town (East Central) PUMA,1933.0,938.0,995.0,1669.0,938.0,731.0,264.0,0.0,264.0,921.0,317.0,604.0,789.0,317.0,472.0,132.0,0.0,132.0,1012.0,621.0,391.0,880.0,621.0,259.0,132.0,0.0,132.0,0.0,0.0,0.0,0.0,0.0,0.0,0.0,0.0,0.0
26,"NYC-Bronx Community District 5--Morris Heights, Fordham South & Mount Hope PUMA",18848.0,8731.0,10117.0,13210.0,6413.0,6797.0,5638.0,2318.0,3320.0,3318.0,1433.0,1885.0,2665.0,1218.0,1447.0,653.0,215.0,438.0,11287.0,5294.0,5993.0,7712.0,3675.0,4037.0,3575.0,1619.0,1956.0,4243.0,2004.0,2239.0,2833.0,1520.0,1313.0,1410.0,484.0,926.0
27,St. Lawrence County PUMA,9867.0,4340.0,5527.0,8416.0,3803.0,4613.0,1451.0,537.0,914.0,1778.0,701.0,1077.0,1705.0,701.0,1004.0,73.0,0.0,73.0,6775.0,3162.0,3613.0,5832.0,2706.0,3126.0,943.0,456.0,487.0,1314.0,477.0,837.0,879.0,396.0,483.0,435.0,81.0,354.0
28,Columbia & Greene Counties PUMA,11581.0,5698.0,5883.0,7754.0,3955.0,3799.0,3827.0,1743.0,2084.0,2374.0,967.0,1407.0,2204.0,967.0,1237.0,170.0,0.0,170.0,7892.0,3996.0,3896.0,4929.0,2718.0,2211.0,2963.0,1278.0,1685.0,1315.0,735.0,580.0,621.0,270.0,351.0,694.0,465.0,229.0
29,NYC-Brooklyn Community District 2--Brooklyn Heights & Fort Greene PUMA,45709.0,21344.0,24365.0,39830.0,18724.0,21106.0,5879.0,2620.0,3259.0,33035.0,15904.0,17131.0,30870.0,15155.0,15715.0,2165.0,749.0,1416.0,9927.0,4338.0,5589.0,6861.0,2560.0,4301.0,3066.0,1778.0,1288.0,2747.0,1102.0,1645.0,2099.0,1009.0,1090.0,648.0,93.0,555.0
30,"NYC-Queens Community District 8--Briarwood, Fresh Meadows & Hillcrest PUMA",14152.0,6220.0,7932.0,11661.0,5539.0,6122.0,2491.0,681.0,1810.0,7174.0,3303.0,3871.0,5906.0,2883.0,3023.0,1268.0,420.0,848.0,6319.0,2752.0,3567.0,5208.0,2491.0,2717.0,1111.0,261.0,850.0,659.0,165.0,494.0,547.0,165.0,382.0,112.0,0.0,112.0
31,Monroe County (North & West) PUMA,10643.0,5935.0,4708.0,9107.0,5335.0,3772.0,1536.0,600.0,936.0,3626.0,1799.0,1827.0,3261.0,1634.0,1627.0,365.0,165.0,200.0,6225.0,4017.0,2208.0,5138.0,3666.0,1472.0,1087.0,351.0,736.0,792.0,119.0,673.0,708.0,35.0,673.0,84.0,84.0,0.0
32,Schenectady County--Schenectady City PUMA,17271.0,8029.0,9242.0,15033.0,7033.0,8000.0,2238.0,996.0,1242.0,3954.0,1660.0,2294.0,3646.0,1532.0,2114.0,308.0,128.0,180.0,10960.0,5581.0,5379.0,9309.0,4914.0,4395.0,1651.0,667.0,984.0,2357.0,788.0,1569.0,2078.0,587.0,1491.0,279.0,201.0,78.0
33,"Rockland County (West)--Spring Valley, Suffern Villages & Monsey PUMA",12307.0,6474.0,5833.0,7675.0,4077.0,3598.0,4632.0,2397.0,2235.0,1773.0,925.0,848.0,1325.0,621.0,704.0,448.0,304.0,144.0,7820.0,4528.0,3292.0,5185.0,3123.0,2062.0,2635.0,1405.0,1230.0,2714.0,1021.0,1693.0,1165.0,333.0,832.0,1549.0,688.0,861.0
34,Niagara County (North & East) PUMA,10778.0,5730.0,5048.0,8811.0,4473.0,4338.0,1967.0,1257.0,710.0,1417.0,619.0,798.0,1301.0,619.0,682.0,116.0,0.0,116.0,8409.0,4223.0,4186.0,6595.0,3003.0,3592.0,1814.0,1220.0,594.0,952.0,888.0,64.0,915.0,851.0,64.0,37.0,37.0,0.0
35,Suffolk County (Central)--Brookhaven Town (Central) PUMA,11647.0,4279.0,7368.0,9430.0,3875.0,5555.0,2217.0,404.0,1813.0,2143.0,675.0,1468.0,1479.0,389.0,1090.0,664.0,286.0,378.0,9248.0,3467.0,5781.0,7695.0,3349.0,4346.0,1553.0,118.0,1435.0,256.0,137.0,119.0,256.0,137.0,119.0,0.0,0.0,0.0
36,Suffolk County (East) PUMA,6440.0,3511.0,2929.0,5506.0,3265.0,2241.0,934.0,246.0,688.0,2701.0,1341.0,1360.0,2523.0,1163.0,1360.0,178.0,178.0,0.0,3739.0,2170.0,1569.0,2983.0,2102.0,881.0,756.0,68.0,688.0,0.0,0.0,0.0,0.0,0.0,0.0,0.0,0.0,0.0
37,Warren & Washington Counties PUMA,16579.0,8173.0,8406.0,12989.0,6544.0,6445.0,3590.0,1629.0,1961.0,1864.0,1042.0,822.0,1789.0,1042.0,747.0,75.0,0.0,75.0,11565.0,5587.0,5978.0,9337.0,4194.0,5143.0,2228.0,1393.0,835.0,3150.0,1544.0,1606.0,1863.0,1308.0,555.0,1287.0,236.0,1051.0
38,NYC-Queens Community District 6--Forest Hills & Rego Park PUMA,13181.0,5895.0,7286.0,10995.0,5317.0,5678.0,2186.0,578.0,1608.0,8355.0,4060.0,4295.0,7421.0,3923.0,3498.0,934.0,137.0,797.0,4322.0,1617.0,2705.0,3497.0,1317.0,2180.0,825.0,300.0,525.0,504.0,218.0,286.0,77.0,77.0,0.0,427.0,141.0,286.0
39,"NYC-Brooklyn Community District 9--Crown Heights South, Prospect Lefferts & Wingate PUMA",26069.0,11450.0,14619.0,21589.0,9783.0,11806.0,4480.0,1667.0,2813.0,14219.0,6374.0,7845.0,13673.0,6201.0,7472.0,546.0,173.0,373.0,9182.0,3553.0,5629.0,6419.0,2715.0,3704.0,2763.0,838.0,1925.0,2668.0,1523.0,1145.0,1497.0,867.0,630.0,1171.0,656.0,515.0
40,Westchester County (Central)--White Plains City PUMA,14673.0,6394.0,8279.0,12722.0,5572.0,7150.0,1951.0,822.0,1129.0,9152.0,4032.0,5120.0,8146.0,3682.0,4464.0,1006.0,350.0,656.0,5131.0,2074.0,3057.0,4479.0,1793.0,2686.0,652.0,281.0,371.0,390.0,288.0,102.0,97.0,97.0,0.0,293.0,191.0,102.0
41,"NYC-Bronx Community District 1 & 2--Hunts Point, Longwood & Melrose PUMA",32626.0,14055.0,18571.0,23066.0,9967.0,13099.0,9560.0,4088.0,5472.0,5834.0,2455.0,3379.0,4670.0,2142.0,2528.0,1164.0,313.0,851.0,19022.0,8451.0,10571.0,12687.0,5586.0,7101.0,6335.0,2865.0,3470.0,7770.0,3149.0,4621.0,5709.0,2239.0,3470.0,2061.0,910.0,1151.0
42,Erie County (North Central) PUMA,6747.0,2518.0,4229.0,5736.0,2028.0,3708.0,1011.0,490.0,521.0,2837.0,1225.0,1612.0,2415.0,1047.0,1368.0,422.0,178.0,244.0,3828.0,1293.0,2535.0,3239.0,981.0,2258.0,589.0,312.0,277.0,82.0,0.0,82.0,82.0,0.0,82.0,0.0,0.0,0.0
43,Chautauqua County PUMA,12127.0,6096.0,6031.0,8773.0,4886.0,3887.0,3354.0,1210.0,2144.0,2530.0,988.0,1542.0,2074.0,929.0,1145.0,456.0,59.0,397.0,8459.0,4595.0,3864.0,6393.0,3674.0,2719.0,2066.0,921.0,1145.0,1138.0,513.0,625.0,306.0,283.0,23.0,832.0,230.0,602.0
44,Dutchess County (Southwest) PUMA,21139.0,10519.0,10620.0,16672.0,8156.0,8516.0,4467.0,2363.0,2104.0,4216.0,873.0,3343.0,4141.0,798.0,3343.0,75.0,75.0,0.0,14962.0,8827.0,6135.0,11175.0,6825.0,4350.0,3787.0,2002.0,1785.0,1961.0,819.0,1142.0,1356.0,533.0,823.0,605.0,286.0,319.0
45,Westchester County (Southeast) PUMA,7039.0,4201.0,2838.0,6265.0,3888.0,2377.0,774.0,313.0,461.0,4658.0,2780.0,1878.0,4232.0,2597.0,1635.0,426.0,183.0,243.0,2113.0,1295.0,818.0,1765.0,1165.0,600.0,348.0,130.0,218.0,268.0,126.0,142.0,268.0,126.0,142.0,0.0,0.0,0.0
46,Rockland County (North)--New City & Congers PUMA,3731.0,2120.0,1611.0,2482.0,1189.0,1293.0,1249.0,931.0,318.0,1974.0,514.0,1460.0,1381.0,161.0,1220.0,593.0,353.0,240.0,1179.0,1028.0,151.0,1101.0,1028.0,73.0,78.0,0.0,78.0,578.0,578.0,0.0,0.0,0.0,0.0,578.0,578.0,0.0
47,NYC-Staten Island Community District 2--New Springville & South Beach PUMA,10403.0,4787.0,5616.0,8561.0,3751.0,4810.0,1842.0,1036.0,806.0,3166.0,1796.0,1370.0,2664.0,1358.0,1306.0,502.0,438.0,64.0,6687.0,2889.0,3798.0,5472.0,2321.0,3151.0,1215.0,568.0,647.0,550.0,102.0,448.0,425.0,72.0,353.0,125.0,30.0,95.0
48,Suffolk County (Southwest)--Islip Town (South) PUMA,5865.0,3307.0,2558.0,4302.0,1980.0,2322.0,1563.0,1327.0,236.0,1064.0,170.0,894.0,1064.0,170.0,894.0,0.0,0.0,0.0,4088.0,2495.0,1593.0,3167.0,1810.0,1357.0,921.0,685.0,236.0,713.0,642.0,71.0,71.0,0.0,71.0,642.0,642.0,0.0
49,Erie County (West Central)--Buffalo City (East) PUMA,31343.0,12707.0,18636.0,21537.0,9616.0,11921.0,9806.0,3091.0,6715.0,3590.0,1296.0,2294.0,2995.0,1196.0,1799.0,595.0,100.0,495.0,21996.0,8580.0,13416.0,16079.0,7066.0,9013.0,5917.0,1514.0,4403.0,5757.0,2831.0,2926.0,2463.0,1354.0,1109.0,3294.0,1477.0,1817.0
50,Wayne & Seneca Counties PUMA,9056.0,4357.0,4699.0,7299.0,3531.0,3768.0,1757.0,826.0,931.0,399.0,210.0,189.0,373.0,210.0,163.0,26.0,0.0,26.0,7255.0,3598.0,3657.0,5723.0,2772.0,2951.0,1532.0,826.0,706.0,1402.0,549.0,853.0,1203.0,549.0,654.0,199.0,0.0,199.0
51,Monroe County (South) PUMA,14157.0,6614.0,7543.0,12251.0,5701.0,6550.0,1906.0,913.0,993.0,6238.0,2267.0,3971.0,5081.0,1854.0,3227.0,1157.0,413.0,744.0,7088.0,4072.0,3016.0,6583.0,3671.0,2912.0,505.0,401.0,104.0,831.0,275.0,556.0,587.0,176.0,411.0,244.0,99.0,145.0
52,Tompkins County PUMA,11963.0,6153.0,5810.0,9097.0,5004.0,4093.0,2866.0,1149.0,1717.0,7286.0,3720.0,3566.0,6086.0,3162.0,2924.0,1200.0,558.0,642.0,4048.0,1928.0,2120.0,2479.0,1434.0,1045.0,1569.0,494.0,1075.0,629.0,505.0,124.0,532.0,408.0,124.0,97.0,97.0,0.0
53,Suffolk County (South Central)--Brookhaven Town (South) PUMA,12891.0,5306.0,7585.0,8683.0,4174.0,4509.0,4208.0,1132.0,3076.0,3590.0,1531.0,2059.0,3079.0,1531.0,1548.0,511.0,0.0,511.0,8694.0,3541.0,5153.0,5459.0,2643.0,2816.0,3235.0,898.0,2337.0,607.0,234.0,373.0,145.0,0.0,145.0,462.0,234.0,228.0
54,"Otsego, Schoharie, Oneida (South) & Herkimer (South) Counties PUMA",8981.0,4523.0,4458.0,7762.0,3852.0,3910.0,1219.0,671.0,548.0,2157.0,1361.0,796.0,1869.0,1089.0,780.0,288.0,272.0,16.0,5344.0,2026.0,3318.0,4684.0,1827.0,2857.0,660.0,199.0,461.0,1480.0,1136.0,344.0,1209.0,936.0,273.0,271.0,200.0,71.0
55,NYC-Manhattan Community District 8--Upper East Side PUMA,55908.0,21022.0,34886.0,51016.0,19344.0,31672.0,4892.0,1678.0,3214.0,49207.0,18449.0,30758.0,46281.0,17426.0,28855.0,2926.0,1023.0,1903.0,6701.0,2573.0,4128.0,4735.0,1918.0,2817.0,1966.0,655.0,1311.0,0.0,0.0,0.0,0.0,0.0,0.0,0.0,0.0,0.0
56,"NYC-Manhattan Community District 1 & 2--Battery Park City, Greenwich Village & Soho PUMA",42727.0,20638.0,22089.0,39673.0,19482.0,20191.0,3054.0,1156.0,1898.0,38978.0,18199.0,20779.0,36383.0,17142.0,19241.0,2595.0,1057.0,1538.0,3517.0,2439.0,1078.0,3290.0,2340.0,950.0,227.0,99.0,128.0,232.0,0.0,232.0,0.0,0.0,0.0,232.0,0.0,232.0
57,"NYC-Manhattan Community District 12--Washington Heights, Inwood & Marble Hill PUMA",48887.0,24978.0,23909.0,38982.0,21049.0,17933.0,9905.0,3929.0,5976.0,23892.0,9214.0,14678.0,19258.0,7745.0,11513.0,4634.0,1469.0,3165.0,20563.0,13048.0,7515.0,16259.0,11233.0,5026.0,4304.0,1815.0,2489.0,4432.0,2716.0,1716.0,3465.0,2071.0,1394.0,967.0,645.0,322.0
58,NYC-Brooklyn Community District 18--Canarsie & Flatlands PUMA,15283.0,6431.0,8852.0,12848.0,5509.0,7339.0,2435.0,922.0,1513.0,4296.0,1349.0,2947.0,4240.0,1293.0,2947.0,56.0,56.0,0.0,9583.0,4760.0,4823.0,7706.0,3894.0,3812.0,1877.0,866.0,1011.0,1404.0,322.0,1082.0,902.0,322.0,580.0,502.0,0.0,502.0
59,"NYC-Bronx Community District 12--Wakefield, Williamsbridge & Woodlawn PUMA",19516.0,7270.0,12246.0,14039.0,4796.0,9243.0,5477.0,2474.0,3003.0,6202.0,2794.0,3408.0,4775.0,2181.0,2594.0,1427.0,613.0,814.0,9789.0,3966.0,5823.0,7010.0,2320.0,4690.0,2779.0,1646.0,1133.0,3525.0,510.0,3015.0,2254.0,295.0,1959.0,1271.0,215.0,1056.0
60,Suffolk County (Central)--Islip Town (Northwest) PUMA,6991.0,2890.0,4101.0,5911.0,2641.0,3270.0,1080.0,249.0,831.0,1817.0,568.0,1249.0,1817.0,568.0,1249.0,0.0,0.0,0.0,3832.0,1575.0,2257.0,3094.0,1326.0,1768.0,738.0,249.0,489.0,1342.0,747.0,595.0,1000.0,747.0,253.0,342.0,0.0,342.0
61,"NYC-Queens Community District 14--Far Rockaway, Breezy Point & Broad Channel PUMA",16460.0,7078.0,9382.0,15392.0,6553.0,8839.0,1068.0,525.0,543.0,4261.0,1743.0,2518.0,4015.0,1585.0,2430.0,246.0,158.0,88.0,9464.0,3658.0,5806.0,8867.0,3411.0,5456.0,597.0,247.0,350.0,2735.0,1677.0,1058.0,2510.0,1557.0,953.0,225.0,120.0,105.0
62,Saratoga County (South & Central) PUMA,16268.0,7924.0,8344.0,15893.0,7805.0,8088.0,375.0,119.0,256.0,7066.0,3310.0,3756.0,6955.0,3241.0,3714.0,111.0,69.0,42.0,8314.0,4243.0,4071.0,8050.0,4193.0,3857.0,264.0,50.0,214.0,888.0,371.0,517.0,888.0,371.0,517.0,0.0,0.0,0.0
63,Cattaraugus & Allegany Counties PUMA,13847.0,6814.0,7033.0,12165.0,5848.0,6317.0,1682.0,966.0,716.0,987.0,389.0,598.0,788.0,281.0,507.0,199.0,108.0,91.0,11363.0,5530.0,5833.0,9894.0,4686.0,5208.0,1469.0,844.0,625.0,1497.0,895.0,602.0,1483.0,881.0,602.0,14.0,14.0,0.0
64,Genesee & Orleans Counties PUMA,8393.0,4252.0,4141.0,6960.0,3515.0,3445.0,1433.0,737.0,696.0,1363.0,354.0,1009.0,1234.0,241.0,993.0,129.0,113.0,16.0,5797.0,3022.0,2775.0,4985.0,2711.0,2274.0,812.0,311.0,501.0,1233.0,876.0,357.0,741.0,563.0,178.0,492.0,313.0,179.0
65,Cayuga & Onondaga (South) Counties PUMA,10314.0,4894.0,5420.0,7452.0,3813.0,3639.0,2862.0,1081.0,1781.0,928.0,495.0,433.0,899.0,495.0,404.0,29.0,0.0,29.0,8206.0,4018.0,4188.0,5396.0,2960.0,2436.0,2810.0,1058.0,1752.0,1180.0,381.0,799.0,1157.0,358.0,799.0,23.0,23.0,0.0
66,Sullivan & Ulster (West) Counties PUMA,12305.0,6658.0,5647.0,9308.0,4914.0,4394.0,2997.0,1744.0,1253.0,2511.0,1646.0,865.0,2063.0,1198.0,865.0,448.0,448.0,0.0,8092.0,3674.0,4418.0,6371.0,3206.0,3165.0,1721.0,468.0,1253.0,1702.0,1338.0,364.0,874.0,510.0,364.0,828.0,828.0,0.0
67,"NYC-Bronx Community District 7--Bedford Park, Fordham North & Norwood PUMA",21079.0,9369.0,11710.0,15009.0,7237.0,7772.0,6070.0,2132.0,3938.0,2465.0,817.0,1648.0,2385.0,737.0,1648.0,80.0,80.0,0.0,14576.0,7220.0,7356.0,10437.0,5594.0,4843.0,4139.0,1626.0,2513.0,4038.0,1332.0,2706.0,2187.0,906.0,1281.0,1851.0,426.0,1425.0
68,Suffolk County (Central)--Brookhaven Town (West Central) PUMA,4917.0,2177.0,2740.0,3110.0,1176.0,1934.0,1807.0,1001.0,806.0,1670.0,619.0,1051.0,1601.0,619.0,982.0,69.0,0.0,69.0,2884.0,1298.0,1586.0,1402.0,500.0,902.0,1482.0,798.0,684.0,363.0,260.0,103.0,107.0,57.0,50.0,256.0,203.0,53.0
69,NYC-Queens Community District 1--Astoria & Long Island City PUMA,46761.0,22201.0,24560.0,41776.0,19679.0,22097.0,4985.0,2522.0,2463.0,32837.0,15015.0,17822.0,30057.0,13530.0,16527.0,2780.0,1485.0,1295.0,12817.0,6697.0,6120.0,10790.0,5838.0,4952.0,2027.0,859.0,1168.0,1107.0,489.0,618.0,929.0,311.0,618.0,178.0,178.0,0.0
70,Jefferson & Lewis Counties PUMA,19691.0,10792.0,8899.0,17117.0,9752.0,7365.0,2574.0,1040.0,1534.0,4865.0,2309.0,2556.0,4508.0,2089.0,2419.0,357.0,220.0,137.0,13638.0,8012.0,5626.0,11830.0,7352.0,4478.0,1808.0,660.0,1148.0,1188.0,471.0,717.0,779.0,311.0,468.0,409.0,160.0,249.0
71,Nassau County (West Central)--Hempstead Town (Northwest) PUMA,4930.0,2736.0,2194.0,3466.0,2004.0,1462.0,1464.0,732.0,732.0,735.0,469.0,266.0,504.0,399.0,105.0,231.0,70.0,161.0,3285.0,1869.0,1416.0,2332.0,1207.0,1125.0,953.0,662.0,291.0,910.0,398.0,512.0,630.0,398.0,232.0,280.0,0.0,280.0
72,Nassau County (Central)--Hempstead Town (North Central)--Meadowbrook Corridor PUMA,9435.0,3053.0,6382.0,7183.0,2184.0,4999.0,2252.0,869.0,1383.0,1676.0,599.0,1077.0,1676.0,599.0,1077.0,0.0,0.0,0.0,6953.0,2343.0,4610.0,4859.0,1474.0,3385.0,2094.0,869.0,1225.0,806.0,111.0,695.0,648.0,111.0,537.0,158.0,0.0,158.0
73,Orange County (Northeast)--Greater Newburgh City PUMA,14494.0,5810.0,8684.0,11165.0,4515.0,6650.0,3329.0,1295.0,2034.0,2958.0,1282.0,1676.0,2751.0,1282.0,1469.0,207.0,0.0,207.0,9986.0,4099.0,5887.0,7834.0,3048.0,4786.0,2152.0,1051.0,1101.0,1550.0,429.0,1121.0,580.0,185.0,395.0,970.0,244.0,726.0
74,"NYC-Bronx Community District 11--Pelham Parkway, Morris Park & Laconia PUMA",22451.0,11254.0,11197.0,17636.0,9070.0,8566.0,4815.0,2184.0,2631.0,5018.0,1256.0,3762.0,4767.0,1122.0,3645.0,251.0,134.0,117.0,14592.0,8612.0,5980.0,11514.0,7121.0,4393.0,3078.0,1491.0,1587.0,2841.0,1386.0,1455.0,1355.0,827.0,528.0,1486.0,559.0,927.0
75,"NYC-Queens Community District 12--Jamaica, Hollis & St. Albans PUMA",19212.0,7171.0,12041.0,15209.0,6006.0,9203.0,4003.0,1165.0,2838.0,4625.0,610.0,4015.0,3762.0,610.0,3152.0,863.0,0.0,863.0,12765.0,5943.0,6822.0,10448.0,4822.0,5626.0,2317.0,1121.0,1196.0,1822.0,618.0,1204.0,999.0,574.0,425.0,823.0,44.0,779.0
76,Erie County (Central) PUMA,17005.0,7688.0,9317.0,14162.0,6727.0,7435.0,2843.0,961.0,1882.0,4343.0,1978.0,2365.0,3803.0,1881.0,1922.0,540.0,97.0,443.0,10576.0,4507.0,6069.0,8994.0,3842.0,5152.0,1582.0,665.0,917.0,2086.0,1203.0,883.0,1365.0,1004.0,361.0,721.0,199.0,522.0
77,"NYC-Staten Island Community District 1--Port Richmond, Stapleton & Mariner's Harbor PUMA",18994.0,8581.0,10413.0,13015.0,6426.0,6589.0,5979.0,2155.0,3824.0,3591.0,1401.0,2190.0,3265.0,1360.0,1905.0,326.0,41.0,285.0,11401.0,5040.0,6361.0,8310.0,4248.0,4062.0,3091.0,792.0,2299.0,4002.0,2140.0,1862.0,1440.0,818.0,622.0,2562.0,1322.0,1240.0
78,"NYC-Brooklyn Community District 15--Sheepshead Bay, Gerritsen Beach & Homecrest PUMA",10800.0,6043.0,4757.0,9378.0,5518.0,3860.0,1422.0,525.0,897.0,4377.0,2103.0,2274.0,4145.0,2103.0,2042.0,232.0,0.0,232.0,5095.0,3012.0,2083.0,4164.0,2746.0,1418.0,931.0,266.0,665.0,1328.0,928.0,400.0,1069.0,669.0,400.0,259.0,259.0,0.0
79,"NYC-Bronx Community District 8--Riverdale, Fieldston & Kingsbridge PUMA",22287.0,10144.0,12143.0,17792.0,7921.0,9871.0,4495.0,2223.0,2272.0,8734.0,3044.0,5690.0,8414.0,2957.0,5457.0,320.0,87.0,233.0,10737.0,5584.0,5153.0,7428.0,4248.0,3180.0,3309.0,1336.0,1973.0,2816.0,1516.0,1300.0,1950.0,716.0,1234.0,866.0,800.0,66.0
80,NYC-Brooklyn Community District 5--East New York & Starrett City PUMA,25672.0,11170.0,14502.0,19369.0,8532.0,10837.0,6303.0,2638.0,3665.0,5404.0,1920.0,3484.0,4728.0,1875.0,2853.0,676.0,45.0,631.0,16590.0,7431.0,9159.0,12306.0,5579.0,6727.0,4284.0,1852.0,2432.0,3678.0,1819.0,1859.0,2335.0,1078.0,1257.0,1343.0,741.0,602.0
81,Onondaga County (Central)--Syracuse City (Outer) PUMA,14983.0,7847.0,7136.0,12205.0,6480.0,5725.0,2778.0,1367.0,1411.0,3914.0,1872.0,2042.0,3789.0,1807.0,1982.0,125.0,65.0,60.0,9080.0,4631.0,4449.0,7221.0,3964.0,3257.0,1859.0,667.0,1192.0,1989.0,1344.0,645.0,1195.0,709.0,486.0,794.0,635.0,159.0
82,"NYC-Manhattan Community District 6--Murray Hill, Gramercy & Stuyvesant Town PUMA",42845.0,22227.0,20618.0,37893.0,20084.0,17809.0,4952.0,2143.0,2809.0,39311.0,19654.0,19657.0,34813.0,17829.0,16984.0,4498.0,1825.0,2673.0,3210.0,2249.0,961.0,2756.0,1931.0,825.0,454.0,318.0,136.0,324.0,324.0,0.0,324.0,324.0,0.0,0.0,0.0,0.0
83,"Chenango, Delaware & Broome (East) Counties PUMA",9494.0,4586.0,4908.0,8412.0,3970.0,4442.0,1082.0,616.0,466.0,1348.0,308.0,1040.0,1348.0,308.0,1040.0,0.0,0.0,0.0,7479.0,3906.0,3573.0,6477.0,3290.0,3187.0,1002.0,616.0,386.0,667.0,372.0,295.0,587.0,372.0,215.0,80.0,0.0,80.0
84,Orange County (Northwest) PUMA,13162.0,5947.0,7215.0,9407.0,4600.0,4807.0,3755.0,1347.0,2408.0,966.0,287.0,679.0,778.0,215.0,563.0,188.0,72.0,116.0,10190.0,4668.0,5522.0,7254.0,3618.0,3636.0,2936.0,1050.0,1886.0,2006.0,992.0,1014.0,1375.0,767.0,608.0,631.0,225.0,406.0
85,NYC-Brooklyn Community District 7--Sunset Park & Windsor Terrace PUMA,18223.0,9273.0,8950.0,14746.0,7527.0,7219.0,3477.0,1746.0,1731.0,9980.0,4440.0,5540.0,9087.0,3907.0,5180.0,893.0,533.0,360.0,7014.0,4433.0,2581.0,4877.0,3321.0,1556.0,2137.0,1112.0,1025.0,1229.0,400.0,829.0,782.0,299.0,483.0,447.0,101.0,346.0
86,Nassau County (Northeast)--Oyster Bay Town (North) & Glen Cove City PUMA,6012.0,2983.0,3029.0,4867.0,2419.0,2448.0,1145.0,564.0,581.0,2048.0,1197.0,851.0,1843.0,1102.0,741.0,205.0,95.0,110.0,3445.0,1396.0,2049.0,2579.0,1001.0,1578.0,866.0,395.0,471.0,519.0,390.0,129.0,445.0,316.0,129.0,74.0,74.0,0.0
87,Dutchess County (North & East) PUMA,8129.0,3793.0,4336.0,5640.0,2581.0,3059.0,2489.0,1212.0,1277.0,2252.0,858.0,1394.0,1900.0,789.0,1111.0,352.0,69.0,283.0,4352.0,2002.0,2350.0,3234.0,1473.0,1761.0,1118.0,529.0,589.0,1525.0,933.0,592.0,506.0,319.0,187.0,1019.0,614.0,405.0
88,Putnam County PUMA,3671.0,1970.0,1701.0,2949.0,1777.0,1172.0,722.0,193.0,529.0,905.0,319.0,586.0,839.0,253.0,586.0,66.0,66.0,0.0,2766.0,1651.0,1115.0,2110.0,1524.0,586.0,656.0,127.0,529.0,0.0,0.0,0.0,0.0,0.0,0.0,0.0,0.0,0.0
89,Albany County (Outside Albany City) PUMA,20220.0,9246.0,10974.0,18042.0,8488.0,9554.0,2178.0,758.0,1420.0,6608.0,2569.0,4039.0,6139.0,2431.0,3708.0,469.0,138.0,331.0,11797.0,5724.0,6073.0,10484.0,5104.0,5380.0,1313.0,620.0,693.0,1815.0,953.0,862.0,1419.0,953.0,466.0,396.0,0.0,396.0
90,"NYC-Bronx Community District 10--Co-op City, Pelham Bay & Schuylerville PUMA",18607.0,8720.0,9887.0,16378.0,8119.0,8259.0,2229.0,601.0,1628.0,3451.0,1284.0,2167.0,3332.0,1284.0,2048.0,119.0,0.0,119.0,13650.0,6611.0,7039.0,11994.0,6406.0,5588.0,1656.0,205.0,1451.0,1506.0,825.0,681.0,1052.0,429.0,623.0,454.0,396.0,58.0
91,NYC-Queens Community District 4--Elmhurst & South Corona PUMA,10397.0,6042.0,4355.0,8283.0,4843.0,3440.0,2114.0,1199.0,915.0,2911.0,1427.0,1484.0,2911.0,1427.0,1484.0,0.0,0.0,0.0,6396.0,4239.0,2157.0,5017.0,3202.0,1815.0,1379.0,1037.0,342.0,1090.0,376.0,714.0,355.0,214.0,141.0,735.0,162.0,573.0
92,"NYC-Brooklyn Community District 12--Borough Park, Kensington & Ocean Parkway PUMA",16797.0,8291.0,8506.0,11986.0,5862.0,6124.0,4811.0,2429.0,2382.0,4232.0,1770.0,2462.0,3788.0,1644.0,2144.0,444.0,126.0,318.0,11127.0,5733.0,5394.0,7122.0,3641.0,3481.0,4005.0,2092.0,1913.0,1438.0,788.0,650.0,1076.0,577.0,499.0,362.0,211.0,151.0
93,Nassau County (Southeast)--Oyster Bay Town (South) PUMA,3358.0,1895.0,1463.0,2715.0,1819.0,896.0,643.0,76.0,567.0,1462.0,783.0,679.0,1238.0,783.0,455.0,224.0,0.0,224.0,1567.0,876.0,691.0,1148.0,800.0,348.0,419.0,76.0,343.0,329.0,236.0,93.0,329.0,236.0,93.0,0.0,0.0,0.0
94,Suffolk County (Northwest)--Huntington Town (South) PUMA,1547.0,402.0,1145.0,1547.0,402.0,1145.0,0.0,0.0,0.0,1272.0,333.0,939.0,1272.0,333.0,939.0,0.0,0.0,0.0,275.0,69.0,206.0,275.0,69.0,206.0,0.0,0.0,0.0,0.0,0.0,0.0,0.0,0.0,0.0,0.0,0.0,0.0
95,Oswego County PUMA,12005.0,6192.0,5813.0,8476.0,4729.0,3747.0,3529.0,1463.0,2066.0,1520.0,931.0,589.0,1475.0,931.0,544.0,45.0,0.0,45.0,8009.0,3988.0,4021.0,5588.0,2978.0,2610.0,2421.0,1010.0,1411.0,2476.0,1273.0,1203.0,1413.0,820.0,593.0,1063.0,453.0,610.0
96,Rensselaer County--Troy City PUMA,25840.0,12322.0,13518.0,22222.0,10944.0,11278.0,3618.0,1378.0,2240.0,5501.0,2946.0,2555.0,5189.0,2788.0,2401.0,312.0,158.0,154.0,15750.0,7137.0,8613.0,13450.0,6188.0,7262.0,2300.0,949.0,1351.0,4589.0,2239.0,2350.0,3583.0,1968.0,1615.0,1006.0,271.0,735.0
97,Saratoga County (Outer) PUMA,11686.0,5975.0,5711.0,9967.0,4938.0,5029.0,1719.0,1037.0,682.0,2358.0,621.0,1737.0,2124.0,621.0,1503.0,234.0,0.0,234.0,8106.0,4255.0,3851.0,6644.0,3241.0,3403.0,1462.0,1014.0,448.0,1222.0,1099.0,123.0,1199.0,1076.0,123.0,23.0,23.0,0.0
98,Herkimer (North & Central) & Oneida (Outer) Counties PUMA,11232.0,5842.0,5390.0,10164.0,5525.0,4639.0,1068.0,317.0,751.0,1931.0,491.0,1440.0,1809.0,491.0,1318.0,122.0,0.0,122.0,8203.0,5138.0,3065.0,7696.0,4903.0,2793.0,507.0,235.0,272.0,1098.0,213.0,885.0,659.0,131.0,528.0,439.0,82.0,357.0
99,Monroe County (East) PUMA,8261.0,4278.0,3983.0,7593.0,3983.0,3610.0,668.0,295.0,373.0,3706.0,1581.0,2125.0,3706.0,1581.0,2125.0,0.0,0.0,0.0,4165.0,2307.0,1858.0,3604.0,2119.0,1485.0,561.0,188.0,373.0,390.0,390.0,0.0,283.0,283.0,0.0,107.0,107.0,0.0
100,"NYC-Queens Community District 13--Queens Village, Cambria Heights & Rosedale PUMA",7785.0,3998.0,3787.0,6231.0,3746.0,2485.0,1554.0,252.0,1302.0,1865.0,1204.0,661.0,1603.0,1204.0,399.0,262.0,0.0,262.0,5049.0,2293.0,2756.0,4331.0,2245.0,2086.0,718.0,48.0,670.0,871.0,501.0,370.0,297.0,297.0,0.0,574.0,204.0,370.0
101,Erie County (South) PUMA,16475.0,7654.0,8821.0,14184.0,6823.0,7361.0,2291.0,831.0,1460.0,3795.0,1686.0,2109.0,3649.0,1686.0,1963.0,146.0,0.0,146.0,11687.0,5129.0,6558.0,9747.0,4503.0,5244.0,1940.0,626.0,1314.0,993.0,839.0,154.0,788.0,634.0,154.0,205.0,205.0,0.0
102,Monroe County (Central)--Greece & Gates Towns PUMA,12160.0,5175.0,6985.0,10434.0,4962.0,5472.0,1726.0,213.0,1513.0,3332.0,1620.0,1712.0,3257.0,1620.0,1637.0,75.0,0.0,75.0,7739.0,3276.0,4463.0,6592.0,3063.0,3529.0,1147.0,213.0,934.0,1089.0,279.0,810.0,585.0,279.0,306.0,504.0,0.0,504.0
103,NYC-Manhattan Community District 7--Upper West Side & West Side PUMA,43713.0,21088.0,22625.0,40156.0,19597.0,20559.0,3557.0,1491.0,2066.0,35765.0,16908.0,18857.0,33002.0,15902.0,17100.0,2763.0,1006.0,1757.0,6389.0,3226.0,3163.0,5595.0,2741.0,2854.0,794.0,485.0,309.0,1559.0,954.0,605.0,1559.0,954.0,605.0,0.0,0.0,0.0
104,NYC-Manhattan Community District 11--East Harlem PUMA,35975.0,16806.0,19169.0,29219.0,13597.0,15622.0,6756.0,3209.0,3547.0,14870.0,6113.0,8757.0,12306.0,4901.0,7405.0,2564.0,1212.0,1352.0,15290.0,5930.0,9360.0,12441.0,4666.0,7775.0,2849.0,1264.0,1585.0,5815.0,4763.0,1052.0,4472.0,4030.0,442.0,1343.0,733.0,610.0
105,"NYC-Queens Community District 7--Flushing, Murray Hill & Whitestone PUMA",12957.0,6005.0,6952.0,10509.0,4726.0,5783.0,2448.0,1279.0,1169.0,4238.0,1907.0,2331.0,3888.0,1740.0,2148.0,350.0,167.0,183.0,7200.0,3857.0,3343.0,5733.0,2986.0,2747.0,1467.0,871.0,596.0,1519.0,241.0,1278.0,888.0,0.0,888.0,631.0,241.0,390.0
106,NYC-Brooklyn Community District 1--Greenpoint & Williamsburg PUMA,54437.0,30001.0,24436.0,45776.0,25199.0,20577.0,8661.0,4802.0,3859.0,36205.0,19973.0,16232.0,33837.0,18766.0,15071.0,2368.0,1207.0,1161.0,12711.0,7403.0,5308.0,8425.0,4802.0,3623.0,4286.0,2601.0,1685.0,5521.0,2625.0,2896.0,3514.0,1631.0,1883.0,2007.0,994.0,1013.0
107,Onondaga County (North) PUMA,12126.0,5493.0,6633.0,8960.0,3934.0,5026.0,3166.0,1559.0,1607.0,3558.0,1206.0,2352.0,2709.0,961.0,1748.0,849.0,245.0,604.0,6816.0,3298.0,3518.0,5074.0,2411.0,2663.0,1742.0,887.0,855.0,1752.0,989.0,763.0,1177.0,562.0,615.0,575.0,427.0,148.0
108,NYC-Brooklyn Community District 14--Flatbush & Midwood PUMA,24153.0,13368.0,10785.0,21092.0,11877.0,9215.0,3061.0,1491.0,1570.0,10127.0,4528.0,5599.0,9126.0,3905.0,5221.0,1001.0,623.0,378.0,11849.0,7038.0,4811.0,10197.0,6428.0,3769.0,1652.0,610.0,1042.0,2177.0,1802.0,375.0,1769.0,1544.0,225.0,408.0,258.0,150.0
109,"Rockland County (South)--Orangetown, Clarkstown (South) & Ramapo (Southeast) Towns PUMA",8416.0,4975.0,3441.0,6030.0,3286.0,2744.0,2386.0,1689.0,697.0,3331.0,1575.0,1756.0,2688.0,1438.0,1250.0,643.0,137.0,506.0,4692.0,3224.0,1468.0,2949.0,1672.0,1277.0,1743.0,1552.0,191.0,393.0,176.0,217.0,393.0,176.0,217.0,0.0,0.0,0.0
110,NYC-Brooklyn Community District 13--Brighton Beach & Coney Island PUMA,12019.0,4585.0,7434.0,8758.0,3466.0,5292.0,3261.0,1119.0,2142.0,2387.0,1379.0,1008.0,2203.0,1338.0,865.0,184.0,41.0,143.0,5887.0,1863.0,4024.0,3550.0,958.0,2592.0,2337.0,905.0,1432.0,3745.0,1343.0,2402.0,3005.0,1170.0,1835.0,740.0,173.0,567.0
111,"NYC-Bronx Community District 4--Concourse, Highbridge & Mount Eden PUMA",21641.0,12483.0,9158.0,15753.0,9676.0,6077.0,5888.0,2807.0,3081.0,4023.0,1595.0,2428.0,3650.0,1394.0,2256.0,373.0,201.0,172.0,12961.0,7757.0,5204.0,9209.0,5903.0,3306.0,3752.0,1854.0,1898.0,4657.0,3131.0,1526.0,2894.0,2379.0,515.0,1763.0,752.0,1011.0
112,Erie County (Northeast) PUMA,8393.0,4833.0,3560.0,8133.0,4833.0,3300.0,260.0,0.0,260.0,1667.0,662.0,1005.0,1667.0,662.0,1005.0,0.0,0.0,0.0,6536.0,3981.0,2555.0,6276.0,3981.0,2295.0,260.0,0.0,260.0,190.0,190.0,0.0,190.0,190.0,0.0,0.0,0.0,0.0
113,NYC-Brooklyn Community District 8--Crown Heights North & Prospect Heights PUMA,38950.0,16696.0,22254.0,32936.0,13448.0,19488.0,6014.0,3248.0,2766.0,22439.0,8961.0,13478.0,20704.0,7869.0,12835.0,1735.0,1092.0,643.0,13458.0,6373.0,7085.0,10325.0,5022.0,5303.0,3133.0,1351.0,1782.0,3053.0,1362.0,1691.0,1907.0,557.0,1350.0,1146.0,805.0,341.0
114,NYC-Queens Community District 3--Jackson Heights & North Corona PUMA,9650.0,6274.0,3376.0,8890.0,5860.0,3030.0,760.0,414.0,346.0,3645.0,1978.0,1667.0,3645.0,1978.0,1667.0,0.0,0.0,0.0,5374.0,3665.0,1709.0,4614.0,3251.0,1363.0,760.0,414.0,346.0,631.0,631.0,0.0,631.0,631.0,0.0,0.0,0.0,0.0
115,Fulton & Montgomery Counties PUMA,12291.0,6333.0,5958.0,9854.0,4986.0,4868.0,2437.0,1347.0,1090.0,1078.0,320.0,758.0,1078.0,320.0,758.0,0.0,0.0,0.0,9211.0,4653.0,4558.0,7333.0,3684.0,3649.0,1878.0,969.0,909.0,2002.0,1360.0,642.0,1443.0,982.0,461.0,559.0,378.0,181.0
116,Niagara County (Southwest)--Greater Niagara Falls & North Tonawanda Area PUMA,13878.0,6758.0,7120.0,10978.0,5955.0,5023.0,2900.0,803.0,2097.0,2026.0,1135.0,891.0,1931.0,1040.0,891.0,95.0,95.0,0.0,9743.0,4312.0,5431.0,7206.0,3771.0,3435.0,2537.0,541.0,1996.0,2109.0,1311.0,798.0,1841.0,1144.0,697.0,268.0,167.0,101.0
117,"Steuben (North & West), Schuyler & Chemung (North) Counties PUMA",9054.0,5008.0,4046.0,7694.0,4080.0,3614.0,1360.0,928.0,432.0,913.0,304.0,609.0,852.0,304.0,548.0,61.0,0.0,61.0,7516.0,4232.0,3284.0,6251.0,3323.0,2928.0,1265.0,909.0,356.0,625.0,472.0,153.0,591.0,453.0,138.0,34.0,19.0,15.0
118,NYC-Brooklyn Community District 4--Bushwick PUMA,34843.0,17727.0,17116.0,27214.0,14425.0,12789.0,7629.0,3302.0,4327.0,19373.0,9016.0,10357.0,16571.0,7749.0,8822.0,2802.0,1267.0,1535.0,11714.0,7169.0,4545.0,8222.0,5690.0,2532.0,3492.0,1479.0,2013.0,3756.0,1542.0,2214.0,2421.0,986.0,1435.0,1335.0,556.0,779.0
119,"NYC-Manhattan Community District 4 & 5--Chelsea, Clinton & Midtown Business District PUMA",50647.0,29225.0,21422.0,42168.0,25101.0,17067.0,8479.0,4124.0,4355.0,39965.0,22755.0,17210.0,35747.0,20949.0,14798.0,4218.0,1806.0,2412.0,10390.0,6178.0,4212.0,6421.0,4152.0,2269.0,3969.0,2026.0,1943.0,292.0,292.0,0.0,0.0,0.0,0.0,292.0,292.0,0.0
120,"NYC-Brooklyn Community District 6--Park Slope, Carroll Gardens & Red Hook PUMA",32352.0,13513.0,18839.0,29414.0,12436.0,16978.0,2938.0,1077.0,1861.0,26340.0,9931.0,16409.0,24717.0,9623.0,15094.0,1623.0,308.0,1315.0,5072.0,3337.0,1735.0,3865.0,2676.0,1189.0,1207.0,661.0,546.0,940.0,245.0,695.0,832.0,137.0,695.0,108.0,108.0,0.0
121,NYC-Brooklyn Community District 3--Bedford-Stuyvesant PUMA,41381.0,18865.0,22516.0,30449.0,14796.0,15653.0,10932.0,4069.0,6863.0,18922.0,8640.0,10282.0,16627.0,7980.0,8647.0,2295.0,660.0,1635.0,18788.0,8537.0,10251.0,12191.0,5845.0,6346.0,6597.0,2692.0,3905.0,3671.0,1688.0,1983.0,1631.0,971.0,660.0,2040.0,717.0,1323.0
122,NYC-Queens Community District 10--Howard Beach & Ozone Park PUMA,7020.0,3571.0,3449.0,5177.0,2953.0,2224.0,1843.0,618.0,1225.0,2286.0,1205.0,1081.0,2041.0,1109.0,932.0,245.0,96.0,149.0,3647.0,2072.0,1575.0,2775.0,1550.0,1225.0,872.0,522.0,350.0,1087.0,294.0,793.0,361.0,294.0,67.0,726.0,0.0,726.0
123,Suffolk County (Northwest)--Huntington Town (North) PUMA,4410.0,1864.0,2546.0,4142.0,1806.0,2336.0,268.0,58.0,210.0,1907.0,1036.0,871.0,1850.0,1036.0,814.0,57.0,0.0,57.0,2417.0,828.0,1589.0,2206.0,770.0,1436.0,211.0,58.0,153.0,86.0,0.0,86.0,86.0,0.0,86.0,0.0,0.0,0.0
124,Orange County (Southeast) PUMA,11973.0,6738.0,5235.0,10160.0,5942.0,4218.0,1813.0,796.0,1017.0,2454.0,1342.0,1112.0,2280.0,1276.0,1004.0,174.0,66.0,108.0,6889.0,3169.0,3720.0,5856.0,2895.0,2961.0,1033.0,274.0,759.0,2630.0,2227.0,403.0,2024.0,1771.0,253.0,606.0,456.0,150.0
125,Nassau County (East Central)--Oyster Bay Town (Central) PUMA,1538.0,747.0,791.0,1538.0,747.0,791.0,0.0,0.0,0.0,650.0,266.0,384.0,650.0,266.0,384.0,0.0,0.0,0.0,736.0,481.0,255.0,736.0,481.0,255.0,0.0,0.0,0.0,152.0,0.0,152.0,152.0,0.0,152.0,0.0,0.0,0.0
126,Suffolk County (Northwest)--Smithtown Town PUMA,3384.0,1711.0,1673.0,3266.0,1711.0,1555.0,118.0,0.0,118.0,1533.0,496.0,1037.0,1533.0,496.0,1037.0,0.0,0.0,0.0,1851.0,1215.0,636.0,1733.0,1215.0,518.0,118.0,0.0,118.0,0.0,0.0,0.0,0.0,0.0,0.0,0.0,0.0,0.0
127,"NYC-Brooklyn Community District 17--East Flatbush, Farragut & Rugby PUMA",13678.0,5940.0,7738.0,11273.0,4877.0,6396.0,2405.0,1063.0,1342.0,4384.0,933.0,3451.0,4044.0,933.0,3111.0,340.0,0.0,340.0,7823.0,4458.0,3365.0,5977.0,3538.0,2439.0,1846.0,920.0,926.0,1471.0,549.0,922.0,1252.0,406.0,846.0,219.0,143.0,76.0
128,"NYC-Bronx Community District 9--Castle Hill, Clason Point & Parkchester PUMA",33966.0,14436.0,19530.0,27713.0,12323.0,15390.0,6253.0,2113.0,4140.0,6518.0,2360.0,4158.0,6404.0,2360.0,4044.0,114.0,0.0,114.0,22121.0,10784.0,11337.0,17942.0,8840.0,9102.0,4179.0,1944.0,2235.0,5327.0,1292.0,4035.0,3367.0,1123.0,2244.0,1960.0,169.0,1791.0
129,NYC-Queens Community District 9--Richmond Hill & Woodhaven PUMA,12160.0,6190.0,5970.0,11072.0,5803.0,5269.0,1088.0,387.0,701.0,3929.0,1831.0,2098.0,3719.0,1831.0,1888.0,210.0,0.0,210.0,7254.0,3984.0,3270.0,6617.0,3727.0,2890.0,637.0,257.0,380.0,977.0,375.0,602.0,736.0,245.0,491.0,241.0,130.0,111.0
130,Westchester County (Southwest)--Yonkers City PUMA,26523.0,11827.0,14696.0,19789.0,9087.0,10702.0,6734.0,2740.0,3994.0,6267.0,1923.0,4344.0,4662.0,1595.0,3067.0,1605.0,328.0,1277.0,15127.0,6589.0,8538.0,11234.0,4925.0,6309.0,3893.0,1664.0,2229.0,5129.0,3315.0,1814.0,3893.0,2567.0,1326.0,1236.0,748.0,488.0
131,Broome (Outer West) & Tioga Counties PUMA,6391.0,2564.0,3827.0,4832.0,2278.0,2554.0,1559.0,286.0,1273.0,774.0,311.0,463.0,592.0,311.0,281.0,182.0,0.0,182.0,4794.0,1892.0,2902.0,3956.0,1773.0,2183.0,838.0,119.0,719.0,823.0,361.0,462.0,284.0,194.0,90.0,539.0,167.0,372.0
132,NYC-Brooklyn Community District 10--Bay Ridge & Dyker Heights PUMA,14306.0,7068.0,7238.0,12868.0,6319.0,6549.0,1438.0,749.0,689.0,8239.0,3567.0,4672.0,7954.0,3462.0,4492.0,285.0,105.0,180.0,4915.0,2724.0,2191.0,4124.0,2289.0,1835.0,791.0,435.0,356.0,1152.0,777.0,375.0,790.0,568.0,222.0,362.0,209.0,153.0
133,"NYC-Queens Community District 5--Ridgewood, Glendale & Middle Village PUMA",25238.0,13779.0,11459.0,21390.0,11657.0,9733.0,3848.0,2122.0,1726.0,9569.0,4821.0,4748.0,9441.0,4765.0,4676.0,128.0,56.0,72.0,13367.0,7260.0,6107.0,10452.0,5502.0,4950.0,2915.0,1758.0,1157.0,2302.0,1698.0,604.0,1497.0,1390.0,107.0,805.0,308.0,497.0
134,NYC-Manhattan Community District 10--Central Harlem PUMA,43127.0,20012.0,23115.0,36095.0,17444.0,18651.0,7032.0,2568.0,4464.0,22099.0,10806.0,11293.0,19966.0,10240.0,9726.0,2133.0,566.0,1567.0,16346.0,7220.0,9126.0,12883.0,6144.0,6739.0,3463.0,1076.0,2387.0,4682.0,1986.0,2696.0,3246.0,1060.0,2186.0,1436.0,926.0,510.0
135,"NYC-Queens Community District 11--Bayside, Douglaston & Little Neck PUMA",7085.0,3261.0,3824.0,6031.0,2930.0,3101.0,1054.0,331.0,723.0,2935.0,1138.0,1797.0,2540.0,1036.0,1504.0,395.0,102.0,293.0,4007.0,2018.0,1989.0,3386.0,1789.0,1597.0,621.0,229.0,392.0,143.0,105.0,38.0,105.0,105.0,0.0,38.0,0.0,38.0
136,Erie County (Northwest) PUMA,10533.0,7081.0,3452.0,9023.0,6064.0,2959.0,1510.0,1017.0,493.0,3080.0,1715.0,1365.0,2952.0,1715.0,1237.0,128.0,0.0,128.0,6855.0,4768.0,2087.0,5473.0,3751.0,1722.0,1382.0,1017.0,365.0,598.0,598.0,0.0,598.0,598.0,0.0,0.0,0.0,0.0
137,NYC-Queens Community District 2--Sunnyside & Woodside PUMA,18563.0,9894.0,8669.0,17630.0,9541.0,8089.0,933.0,353.0,580.0,14011.0,7585.0,6426.0,13268.0,7370.0,5898.0,743.0,215.0,528.0,3989.0,1948.0,2041.0,3799.0,1810.0,1989.0,190.0,138.0,52.0,563.0,361.0,202.0,563.0,361.0,202.0,0.0,0.0,0.0
138,Suffolk County (Southwest)--Babylon Town (Southeast) PUMA,7523.0,4081.0,3442.0,5418.0,2858.0,2560.0,2105.0,1223.0,882.0,1601.0,1125.0,476.0,1453.0,1125.0,328.0,148.0,0.0,148.0,5657.0,2956.0,2701.0,3965.0,1733.0,2232.0,1692.0,1223.0,469.0,265.0,0.0,265.0,0.0,0.0,0.0,265.0,0.0,265.0
139,"NYC-Staten Island Community District 3--Tottenville, Great Kills & Annadale PUMA",9360.0,5339.0,4021.0,8465.0,4856.0,3609.0,895.0,483.0,412.0,3302.0,1291.0,2011.0,3302.0,1291.0,2011.0,0.0,0.0,0.0,5926.0,4048.0,1878.0,5031.0,3565.0,1466.0,895.0,483.0,412.0,132.0,0.0,132.0,132.0,0.0,132.0,0.0,0.0,0.0
140,Nassau County (West Central)--Hempstead Town (West Central) PUMA,4244.0,2246.0,1998.0,2843.0,1428.0,1415.0,1401.0,818.0,583.0,1149.0,340.0,809.0,1028.0,219.0,809.0,121.0,121.0,0.0,3004.0,1815.0,1189.0,1724.0,1118.0,606.0,1280.0,697.0,583.0,91.0,91.0,0.0,91.0,91.0,0.0,0.0,0.0,0.0
141,Nassau County (Central)--Hempstead Town (Northeast) PUMA,2316.0,905.0,1411.0,1673.0,465.0,1208.0,643.0,440.0,203.0,1182.0,123.0,1059.0,1182.0,123.0,1059.0,0.0,0.0,0.0,1017.0,782.0,235.0,491.0,342.0,149.0,526.0,440.0,86.0,117.0,0.0,117.0,0.0,0.0,0.0,117.0,0.0,117.0
142,Nassau County (Southwest)--Hempstead Town (Southwest) & Long Beach City PUMA,13277.0,6984.0,6293.0,12362.0,6897.0,5465.0,915.0,87.0,828.0,7161.0,4149.0,3012.0,6889.0,4062.0,2827.0,272.0,87.0,185.0,6051.0,2770.0,3281.0,5408.0,2770.0,2638.0,643.0,0.0,643.0,65.0,65.0,0.0,65.0,65.0,0.0,0.0,0.0,0.0
143,NYC-Brooklyn Community District 11--Bensonhurst & Bath Beach PUMA,14409.0,6902.0,7507.0,11106.0,5456.0,5650.0,3303.0,1446.0,1857.0,4471.0,1633.0,2838.0,4097.0,1510.0,2587.0,374.0,123.0,251.0,9066.0,4745.0,4321.0,6503.0,3702.0,2801.0,2563.0,1043.0,1520.0,872.0,524.0,348.0,506.0,244.0,262.0,366.0,280.0,86.0
144,Nassau County (South Central)--Hempstead Town (Southeast) PUMA,2635.0,1242.0,1393.0,1776.0,1024.0,752.0,859.0,218.0,641.0,597.0,245.0,352.0,405.0,245.0,160.0,192.0,0.0,192.0,1824.0,783.0,1041.0,1157.0,565.0,592.0,667.0,218.0,449.0,214.0,214.0,0.0,214.0,214.0,0.0,0.0,0.0,0.0
145,Nassau County (West Central)--North Hempstead Town (South) PUMA,5123.0,2529.0,2594.0,3963.0,1737.0,2226.0,1160.0,792.0,368.0,2393.0,1157.0,1236.0,2302.0,1066.0,1236.0,91.0,91.0,0.0,2423.0,1372.0,1051.0,1354.0,671.0,683.0,1069.0,701.0,368.0,307.0,0.0,307.0,307.0,0.0,307.0,0.0,0.0,0.0
146,Capital Region,143459.0,68103.0,75356.0,120744.0,58741.0,62003.0,22715.0,9362.0,13353.0,36860.0,16794.0,20066.0,34086.0,15665.0,18421.0,2774.0,1129.0,1645.0,89211.0,42737.0,46474.0,73922.0,35832.0,38090.0,15289.0,6905.0,8384.0,17388.0,8572.0,8816.0,12736.0,7244.0,5492.0,4652.0,1328.0,3324.0
147,Central NY,90665.0,44800.0,45865.0,69006.0,35050.0,33956.0,21659.0,9750.0,11909.0,16847.0,7725.0,9122.0,15001.0,6848.0,8153.0,1846.0,877.0,969.0,60020.0,29595.0,30425.0,44564.0,23130.0,21434.0,15456.0,6465.0,8991.0,13798.0,7480.0,6318.0,9441.0,5072.0,4369.0,4357.0,2408.0,1949.0
148,Finger Lakes,128095.0,60902.0,67193.0,102522.0,50458.0,52064.0,25573.0,10444.0,15129.0,33890.0,15194.0,18696.0,31389.0,13975.0,17414.0,2501.0,1219.0,1282.0,77627.0,38825.0,38802.0,61038.0,31849.0,29189.0,16589.0,6976.0,9613.0,16578.0,6883.0,9695.0,10095.0,4634.0,5461.0,6483.0,2249.0,4234.0
149,Long Island,149764.0,69221.0,80543.0,115993.0,54980.0,61013.0,33771.0,14241.0,19530.0,50286.0,21608.0,28678.0,45611.0,20329.0,25282.0,4675.0,1279.0,3396.0,90963.0,43565.0,47398.0,65367.0,32140.0,33227.0,25596.0,11425.0,14171.0,8515.0,4048.0,4467.0,5015.0,2511.0,2504.0,3500.0,1537.0,1963.0
150,Mid-Hudson,216770.0,105448.0,111322.0,167810.0,83864.0,83946.0,48960.0,21584.0,27376.0,61989.0,24607.0,37382.0,53340.0,21743.0,31597.0,8649.0,2864.0,5785.0,129206.0,66415.0,62791.0,99604.0,53454.0,46150.0,29602.0,12961.0,16641.0,25575.0,14426.0,11149.0,14866.0,8667.0,6199.0,10709.0,5759.0,4950.0
151,Mohawk Valley,52986.0,26769.0,26217.0,43604.0,22071.0,21533.0,9382.0,4698.0,4684.0,8825.0,3840.0,4985.0,8134.0,3455.0,4679.0,691.0,385.0,306.0,36954.0,18330.0,18624.0,31145.0,15985.0,15160.0,5809.0,2345.0,3464.0,7207.0,4599.0,2608.0,4325.0,2631.0,1694.0,2882.0,1968.0,914.0
152,New York City,1416135.0,671804.0,744331.0,1168031.0,565561.0,602470.0,248104.0,106243.0,141861.0,709541.0,319715.0,389826.0,642910.0,293400.0,349510.0,66631.0,26315.0,40316.0,572474.0,286323.0,286151.0,438261.0,226334.0,211927.0,134213.0,59989.0,74224.0,134120.0,65766.0,68354.0,86860.0,45827.0,41033.0,47260.0,19939.0,27321.0
153,North Country,45183.0,22157.0,23026.0,36937.0,18985.0,17952.0,8246.0,3172.0,5074.0,9474.0,4246.0,5228.0,8931.0,3947.0,4984.0,543.0,299.0,244.0,31310.0,16262.0,15048.0,25919.0,14149.0,11770.0,5391.0,2113.0,3278.0,4399.0,1649.0,2750.0,2087.0,889.0,1198.0,2312.0,760.0,1552.0
154,Southern Tier,67176.0,33165.0,34011.0,52891.0,26630.0,26261.0,14285.0,6535.0,7750.0,15296.0,7661.0,7635.0,13349.0,6786.0,6563.0,1947.0,875.0,1072.0,45677.0,22450.0,23227.0,35388.0,17515.0,17873.0,10289.0,4935.0,5354.0,6203.0,3054.0,3149.0,4154.0,2329.0,1825.0,2049.0,725.0,1324.0
155,Western NY,166499.0,79146.0,87353.0,134764.0,66820.0,67944.0,31735.0,12326.0,19409.0,37242.0,16132.0,21110.0,33629.0,15213.0,18416.0,3613.0,919.0,2694.0,112044.0,53079.0,58965.0,89984.0,44079.0,45905.0,22060.0,9000.0,13060.0,17213.0,9935.0,7278.0,11151.0,7528.0,3623.0,6062.0,2407.0,3655.0
