,puma,Unemployment_BABS,Unemployment_HS,FT_Work_BABS,FT_Work_HS,Poverty_BABS,Poverty_HS,Working_Poor_BABS,Working_Poor_HS,Income_level_BABS,Income_level_HS,Rent_Burden_BABS,Rent_Burden_HS,Home_Ownership_BABS,Home_Ownership_HS
0,Total Geo,1.3995351962296985,0.9026106167311669,0.9949088971368143,0.9882961990946917,2.178735412874792,1.4276838491451362,2.723055119506753,2.592198373316501,0.7957732293152081,0.7750970769509125,1.7618227509426365,1.129189057478815,0.7325866686676973,0.5194621044897159
1,"NYC-Manhattan Community District 9--Hamilton Heights, Manhattanville & West Harlem PUMA",0.8213354179664303,#DIV/0!,1.0694507312645096,0.9042796061426234,1.671065062131879,3.8520660585335635,2.1265055641451447,6.057423100436877,0.8319836432551427,0.4828003015882483,1.8286525136370337,1.3360278899979383,0.9815856997332342,0.5608058504096421
2,Ulster County (East) PUMA,13.437402190923315,3.028782835535666,0.6419813580941764,1.241564720331,6.600917268585492,0.9723934408228253,9.291187370134738,4.304119375718147,0.3894781721228613,0.36406603748517335,3.562403697996919,1.6240183484235349,0.8632346233657726,0.5043397758805099
3,Albany County (East Central)--Albany City PUMA,0.0,0.0,0.9754454589560028,1.3365255328292585,2.3377123270740294,0.30820380596122304,5.99634526496829,0.0,0.5849173618170563,0.8664738281989075,2.7144676425670897,2.087394708482703,0.3146655623626664,0.2992426149340321
4,Chemung (South) & Steuben (East) Counties--Greater Elmira & Greater Corning Cities PUMA,#DIV/0!,#DIV/0!,1.0791707798617967,1.2205170975813178,0.0,4.914615770969362,0.0,15.215736040609139,1.1213425897462141,0.279639924013921,0.0,#DIV/0!,0.7380962728291873,1.4439169139465875
5,Ontario & Yates Counties PUMA,0.0,20.215971130780048,0.40533997371515523,0.8521516550351136,12.586251862891208,0.0,0.0,0.0,0.5170801112785927,0.45698391639988684,0.0,0.0,0.4770044197188742,1.0703695498092605
6,Suffolk County (North Central)--Brookhaven Town (North) PUMA,0.0,0.0,1.0172427298182682,0.6338823147380271,2.771643364013209,8.136525428410684,inf,inf,0.657825432149657,0.9059156946305026,0.0,1.9011299435028246,0.6362365509756543,0.9140729123049722
7,Westchester County (South Central)--New Rochelle & Mount Vernon Cities PUMA,2.5255320774195416,0.7303031789638933,1.0826377725104295,0.9203078155142143,5.7670272748274565,5.126026171290616,12.32274945421857,7.310110873890047,0.948409426490122,0.8335769078788773,1.2584241426270353,2.147973447172964,0.6872898707175102,0.3963310183827809
8,"Clinton, Franklin, Essex & Hamilton Counties PUMA",13.271632471008028,32.44107142857143,1.2058746906343625,1.2487420056488006,0.0,5.582788916422618,0.0,13.475077194530217,0.9796813108087126,0.3227460605578527,0.0,#DIV/0!,0.7575058238504863,1.3054388884486356
9,Oneida County (Central)--Greater Utica & Rome Cities PUMA,0.0,3.726393019481079,1.0441352849842098,0.9384094304205651,0.0,2.8687596450617283,0.0,6.587143001311939,1.017666108296987,0.6928096667725689,0.0,0.0,1.1443952971858469,0.6050021037215643
10,"NYC-Bronx Community District 3 & 6--Belmont, Crotona Park East & East Tremont PUMA",inf,inf,0.6940816893581551,0.8604960677555958,0.7399380369753947,1.9454273475122184,inf,inf,1.453338529409386,0.5131293121000825,0.1750307356054914,6.117913971998052,inf,0.2648849226572336
11,Livingston & Wyoming Counties PUMA,0.0,0.0,1.1392128279883382,1.1555316401205338,10.486141217954277,2.1012117780294455,14.38370525685188,0.0,0.6540340955078356,0.7375379250545935,#DIV/0!,#DIV/0!,0.5107217160912283,1.187657118578055
12,NYC-Manhattan Community District 3--Chinatown & Lower East Side PUMA,39.92906014766359,0.0,0.8237584169096133,1.3384800309217275,2.6033760434438875,1.0620688392530209,0.0,inf,0.462553079196598,0.7461579580240565,2.0855034449905308,0.660315261563624,0.42340479604565223,0.39217827852248877
13,Suffolk County (West Central)--Babylon Town (Northwest) PUMA,1.0641966448060716,0.0,0.8519171229295167,1.179570714748709,0.6051186218167692,0.2521641734687847,#DIV/0!,0.0,0.8362877000003379,0.7216023531952485,0.0,0.6132731483918513,0.9954087422293553,0.3367037028210499
14,Broome County (West Central)--Greater Binghamton City & Greater Johnson City Village PUMA,0.0,0.0,0.4963758972998855,0.5824507026005902,6.900562208049519,0.5893108113669107,7.607063097400471,0.0,0.892394203449564,1.0363276287212602,4.573699249801591,0.0,0.3437789263072587,0.7947594652795182
15,Nassau County (Northwest)--North Hempstead Town (North) PUMA,0.0,inf,1.0349150521884265,0.9007757124716049,1.321195518715911,0.7350572276388299,0.5532599400002715,1.2896505376344085,0.7376755228960038,0.44108063408272186,1.5899532324167107,inf,1.1067405313942402,0.9836850637715042
16,Monroe County (Central)--Rochester City (East) PUMA,8.261753852832646,0.0,0.9348031869638307,0.8110719847886867,9.25296209038338,1.4521219459076362,inf,0.0,0.5401687517848264,1.021743433952644,0.0,2.586371497751643,1.1901797285376683,0.7197889643896378
17,Westchester County (Northwest) PUMA,0.0,0.0,0.9884989894750157,0.8023075993606305,1.329677522750663,1.8643296743066382,0.0,9.823851203501096,0.5727488097093462,0.4787548651359885,1.4607378458904938,0.35292317603478823,0.893875080547111,0.41565774346840195
18,NYC-Brooklyn Community District 16--Brownsville & Ocean Hill PUMA,#DIV/0!,#DIV/0!,0.8209219858156028,0.8948734587929915,inf,1.3046838966994387,#DIV/0!,inf,0.6774329482212852,0.4013534086511364,inf,1.919779710558209,inf,0.7584611815202574
19,Onondaga County (Central)--Syracuse City PUMA,6.336888107890945,3.865270175918601,1.105230888705018,0.8794426617494602,2.4052618917594835,2.1909533186409615,3.2931087531509258,10.82372654155496,0.6487825502150867,0.5310697636136507,2.0869222284922793,3.845056414947882,0.46348974807395965,0.45772719325508787
20,Westchester County (Northeast) PUMA,3.0066615737203977,0.7231554520523014,1.0353226563682765,0.8471166192288729,3.5109538600785797,3.240094711917916,0.0,inf,0.4674395765932226,0.49763573535230693,0.0,inf,0.894156041707,0.7417553897534054
21,Madison & Cortland Counties PUMA,0.0,#DIV/0!,0.8089340118332745,#DIV/0!,0.0,#DIV/0!,0.0,#DIV/0!,0.5830041044877285,#DIV/0!,0.0,#DIV/0!,0.5447571927490438,#DIV/0!
22,Erie County (West Central)--Buffalo City (West) PUMA,0.0,3.0095619706766232,0.8448395993891178,0.9291247469391202,4.913158361071324,2.79607206652113,16.959513393199785,5.427187667082516,0.9815737787478164,0.6615325680243287,3.161901803051318,2.1598260980145927,0.6861672512379662,0.42778240427968184
23,Monroe County (Central)--Rochester City (West) PUMA,0.0,2.696793002915452,0.47352194290969796,0.5550836457853887,5.097172819239918,1.5290918569286152,#DIV/0!,2.5129101920097647,0.5755728750692427,0.9860019247957484,5.2581126659490485,0.6684701068424642,0.0,1.031703198643662
24,Suffolk County (Central)--Islip Town (East) PUMA,0.0,0.0,1.0345510491083096,1.1420286119345278,0.0,0.0,0.0,0.0,0.6240056614479603,0.8860883207294019,1.1311311142734448,#DIV/0!,0.38756632012453013,1.4011806981519506
25,Nassau County (Central)--Hempstead Town (East Central) PUMA,0.0,#DIV/0!,0.9883432961985582,0.9853267680069739,0.0,1.8912490883729496,#DIV/0!,inf,1.0715288391287527,0.24746044700192865,0.0,6.265151515151515,0.897547923974223,0.9313014921999289
26,"NYC-Bronx Community District 5--Morris Heights, Fordham South & Mount Hope PUMA",#DIV/0!,inf,#DIV/0!,0.7970625617850586,#DIV/0!,0.38008714596949894,#DIV/0!,inf,#DIV/0!,0.3664863846712423,#DIV/0!,0.17771952817824377,#DIV/0!,0.10192592592592592
27,St. Lawrence County PUMA,0.0,26.261828018878784,0.8570906646330294,1.1924475524475524,4.52002954169345,3.400075244544771,0.0,10.31888246628131,0.5757552145489887,0.03987504943382556,0.0,0.0,0.7417414213753629,0.4647753218271672
28,Columbia & Greene Counties PUMA,0.0,0.0,1.0484731166850267,1.0731693101262596,2.3572414616670643,4.194766263895373,1.5433541130825232,4.734459036898061,0.27095379907409217,0.8755664188044476,#DIV/0!,1.1905445772058822,1.2004572548379193,0.44413741598207623
29,NYC-Brooklyn Community District 2--Brooklyn Heights & Fort Greene PUMA,1.5191352281138388,0.0,0.9536166552412224,1.40399490324414,4.817059708064464,0.0,2.35843897588864,#DIV/0!,0.7440619259372441,0.6850642371308245,6.08304576144036,0.0,1.3742005317945913,0.993900491509484
30,"NYC-Queens Community District 8--Briarwood, Fresh Meadows & Hillcrest PUMA",0.3030533686966229,0.887098634877908,0.9796061460710209,0.9139345088161207,2.4259843098663727,3.984680479013187,inf,inf,0.9218249859867225,0.8539143324803801,0.3620725606079098,23.01133811611978,0.827754427155849,0.8354777056552976
31,Monroe County (North & West) PUMA,#DIV/0!,0.0,#DIV/0!,1.2366049212054189,#DIV/0!,0.0,#DIV/0!,0.0,#DIV/0!,0.8469571729406471,#DIV/0!,#DIV/0!,#DIV/0!,1.216296563217873
32,Schenectady County--Schenectady City PUMA,0.0,0.0,1.1496969359951064,1.1881794098839864,2.1908507689556513,0.22425638820007326,16.048252531960816,0.0,0.9031726820207484,0.5544153000562071,0.6030482274854129,#DIV/0!,0.7914628483758779,1.2645044572698763
33,"Rockland County (West)--Spring Valley, Suffern Villages & Monsey PUMA",0.0,0.0,1.2331924072499612,1.4225105894228078,1.1156962219554085,0.3288823958043701,0.0,0.2817336129570533,0.49252625494220564,0.9190813688271481,0.0,0.2364346415599986,0.584807324452295,0.8272329957520216
34,Niagara County (North & East) PUMA,0.0,0.0,1.142005773349474,1.2253962403243643,0.0,3.852602327331674,0.0,0.0,0.8115748054774823,0.7567268828482089,0.0,#DIV/0!,0.0,1.318734889619912
35,Suffolk County (Central)--Brookhaven Town (Central) PUMA,3.2873482726423897,0.0,0.6734381443501416,1.0510860971307485,1.1098845620527265,6.214534722724918,0.0,33.405567333394785,1.0494207783541194,0.6253217741978888,0.0,6.655534351145038,0.8380422732636972,0.8385677878919416
36,Suffolk County (East) PUMA,0.0,42.885825120570345,0.9767925992145183,0.8759332165968725,0.0,2.849301889869232,0.0,13.453216565937307,0.4471171787253299,0.5043228407054763,0.0,1.4137760814530052,0.853802026588736,0.2872802875758438
37,Warren & Washington Counties PUMA,0.0,0.0,0.7180527620265339,1.2921239509360878,7.4582695363281815,2.150908597729845,0.0,7.645523003747273,0.1561554941395375,0.8550833475949069,#DIV/0!,0.0,1.1570862584277473,0.8806800400512278
38,NYC-Queens Community District 6--Forest Hills & Rego Park PUMA,0.33440189169960705,#DIV/0!,1.0444543685395666,1.1843747652011674,0.3578066283995043,0.28695220612079736,0.3739062629614268,0.7715061058344641,0.8140230700433156,0.7836315108913038,0.12826986353331393,0.1544444321341916,0.9901153588372124,1.123003362757461
39,"NYC-Brooklyn Community District 9--Crown Heights South, Prospect Lefferts & Wingate PUMA",0.0,0.0,0.9700287128319219,1.2744731832662473,7.166951566951567,0.15366284117672938,0.0,#DIV/0!,0.684713979551048,0.8808099829551456,1.8154739374932412,0.06593931190345982,0.21502250891679336,1.0288102860528126
40,Westchester County (Central)--White Plains City PUMA,0.8922483603412301,0.0,1.0476014998109644,1.0254722297082097,0.815965819760935,1.8505148563892322,0.0,4.567959760599269,0.8031117787594746,0.4930368078826994,1.0936273520590083,2.4472338421164777,0.8449405200333239,0.634549398488078
41,"NYC-Bronx Community District 1 & 2--Hunts Point, Longwood & Melrose PUMA",0.0,inf,0.841467519353753,0.929598436415991,0.658333382966938,1.0605169460585442,1.6543999999999996,2.5851218363127173,0.6406532725137603,0.9182490799159548,3.4318246920653106,0.7146876758581878,inf,0.3122412506248331
42,Erie County (North Central) PUMA,13.253100984523849,0.0,1.0922433024772076,0.8888357025265636,3.1852185756369957,5.634927126640379,1.3096551724137933,42.39535623409669,1.6517196959691915,1.0483435861033614,1.023023010042986,2.9903412964720664,0.4136235264062214,0.45576539426142443
43,Chautauqua County PUMA,0.0,0.0,1.2005783132530121,0.8239291855903635,0.0,0.0,0.0,0.0,1.6451959424661637,0.4802974088263566,0.0,0.0,0.8822696229572026,0.4331428747993154
44,Dutchess County (Southwest) PUMA,0.9567346001331172,3.60294777434396,0.9719667226238596,1.0732840359390803,0.0,8.593947037596065,0.0,27.22137553878905,0.8292781964824308,0.6823400029838441,0.0,3.0808391076981536,0.9451261307115769,0.6314316464108429
45,Westchester County (Southeast) PUMA,0.0,0.35535459215690623,0.9873068702064243,1.0586984444740382,6.8741282915710284,2.9281739898432315,inf,13.588280345533885,0.4733151981426222,0.41738460460193505,0.0,3.0073895271577324,0.5213294145582144,0.11925432408105674
46,Rockland County (North)--New City & Congers PUMA,1.3197100865713711,1.3893976839122586,1.0203180643370924,0.9864776431071983,0.0,0.5372418390500009,#DIV/0!,0.0,0.7513289945828577,0.7457332041847807,3.5341895955706697,7.166666666666667,0.9986469242056152,1.0165218661047788
47,NYC-Staten Island Community District 2--New Springville & South Beach PUMA,1.2575401683770326,0.0,0.835040322580645,0.776353396200307,1.1774168039728206,3.0117440883835123,0.0,2.4003400320929167,1.0939243184946121,0.9583102745959936,#DIV/0!,4.442877163650668,1.182515264868592,0.9741189169523468
48,Suffolk County (Southwest)--Islip Town (South) PUMA,0.0,0.0,1.0262785104971262,0.8075088784832445,0.0,9.279965954150232,#DIV/0!,10.172579146895634,0.7019900287254304,1.0155309389052813,inf,0.0,0.7261365879334167,0.5995522674346005
49,Erie County (West Central)--Buffalo City (East) PUMA,4.624713599912717,4.6437119953547645,0.5847343341574592,0.90984238609654,14.704545912659619,2.0364223622493056,18.06141768644655,4.436655932940328,0.867941214618454,0.7073240713470158,10.442494824016565,0.0,0.661044582121477,1.5176540429828276
50,Wayne & Seneca Counties PUMA,0.0,0.0,0.4727187135049988,1.199092040711723,0.0,0.0,0.0,0.0,0.9258228638107678,0.815080888484315,#DIV/0!,#DIV/0!,1.0398335773172047,1.219848337056732
51,Monroe County (South) PUMA,0.0,0.0,1.1963827265857416,0.9612944688357846,2.068670615336261,0.8727395510061302,2.4092731490374817,0.0,1.085254491157816,0.8583640453707718,3.576873661670235,0.0,0.8448748191313277,0.8201869510736491
52,Tompkins County PUMA,0.0,0.0,0.8482252334547998,1.055260212064718,2.403246398706038,0.0,2.723161025857304,0.0,0.6975966031938846,0.4027493120911164,1.2686883729326024,#DIV/0!,0.6165435869816753,1.3763989789907718
53,Suffolk County (South Central)--Brookhaven Town (South) PUMA,0.0,1.0824125321700764,1.0636192134897755,1.0196946073372752,0.0,1.3445366473437623,#DIV/0!,1.0371707769396743,0.7597837005983396,1.0345200054372585,0.0,#DIV/0!,0.522839473944384,1.2308416010947656
54,"Otsego, Schoharie, Oneida (South) & Herkimer (South) Counties PUMA",0.0,0.0,0.9665541855343466,1.2066892145809847,2.338329194111507,0.0,7.368502295371169,0.0,0.7821864078748472,0.8427076043316786,1.6405753968253969,#DIV/0!,0.0,1.2288286858910793
55,NYC-Manhattan Community District 8--Upper East Side PUMA,0.45382304079479985,#DIV/0!,0.934432611589302,0.9678688524590164,1.815691684035298,0.0,1.3892329613031147,0.0,0.7613870294223617,0.5469618426794634,0.8544582308497238,0.0,0.6587967250270621,0.0
56,"NYC-Manhattan Community District 1 & 2--Battery Park City, Greenwich Village & Soho PUMA",0.0,0.0,0.91926000720617,1.2941684665226783,2.440888280698214,0.0,0.0,0.0,0.627872297854301,0.8979197970831598,1.9736247504451514,0.0,0.5832916799677413,2.033748966055805
57,"NYC-Manhattan Community District 12--Washington Heights, Inwood & Marble Hill PUMA",0.31911319073083777,inf,1.0976094747998775,0.9438574352117627,1.1131755704659987,1.3621907758296101,0.41526300591943793,inf,0.7483728410657895,0.47509934828639205,0.8450365135702312,3.4426056709180983,0.37570053700130085,0.8237096569026903
58,NYC-Brooklyn Community District 18--Canarsie & Flatlands PUMA,inf,0.18497261077318353,1.1306958347435208,1.0877387275004693,1.7794291755410405,0.6510668197706387,0.4254195924995984,3.127707191949044,1.0609825502668457,0.5810023223924833,inf,0.7890285608362031,0.8197246261124079,0.6662822661987452
59,"NYC-Bronx Community District 12--Wakefield, Williamsbridge & Woodlawn PUMA",inf,0.09768084421870608,0.8412952869509458,0.7256361074697858,1.3302180685358256,0.8146077572419932,inf,inf,1.0019902725344978,0.5281621828218704,1.0149962273641853,0.13632132278748824,1.009887289365026,0.6772611004977035
60,Suffolk County (Central)--Islip Town (Northwest) PUMA,1.9945083430941453,0.1519682711097398,1.0653404061848084,1.0541304745241893,1.7282951197643142,0.474409033749895,1.7797863599013968,inf,0.9274732268157998,0.6029513914245559,inf,0.0,0.9251579778830964,1.0780930884177413
61,"NYC-Queens Community District 14--Far Rockaway, Breezy Point & Broad Channel PUMA",#DIV/0!,inf,1.101714240507894,1.054553677558668,0.7187783246569631,1.9800065148059145,0.0,inf,0.5919589326124215,0.5622179850885559,0.3836772983114447,1.1365356583152548,0.21613104228497287,0.42523082146367985
62,Saratoga County (South & Central) PUMA,5.1379554950927995,0.0,0.9249420590932342,1.1073253833049403,0.0,0.0,0.0,0.0,1.3784336302296074,0.7326026348057377,0.0,0.0,1.1490833514755991,0.5535054839017913
63,Cattaraugus & Allegany Counties PUMA,0.0,0.0,0.9913263651836771,1.24825102454775,0.0,0.9460433149145037,0.0,2.143288084464555,2.599745664323667,0.5540117451381111,0.0,7.297481279782165,0.6499270254876833,0.33590758866820825
64,Genesee & Orleans Counties PUMA,#DIV/0!,0.0,#DIV/0!,1.193502130449033,#DIV/0!,1.4165339269835786,#DIV/0!,2.0942920711570503,#DIV/0!,2.1765494194769386,#DIV/0!,#DIV/0!,#DIV/0!,0.9534881960195163
65,Cayuga & Onondaga (South) Counties PUMA,0.0,0.0,1.1773236092265944,0.986657509561404,0.0,2.990930880959941,0.0,12.111916638953554,0.5336992885075076,0.5499794575839652,0.0,0.0,0.08008696032366917,0.7091397910249123
66,Sullivan & Ulster (West) Counties PUMA,0.0,0.0,1.206145251396648,0.8151577167055849,7.233947891793085,1.185250334410392,28.123072563303268,0.0,0.31875398457949283,0.896776461653815,3.9634936635944698,4.939764583751925,0.6393054609280614,0.8465595525277425
67,"NYC-Bronx Community District 7--Bedford Park, Fordham North & Norwood PUMA",inf,0.507871004748096,0.8871711418497423,1.2569616336633662,1.4255712326235708,1.083949697511152,inf,inf,0.555391846937781,0.5909976656828188,inf,1.1686363127030963,0.27484356324263515,inf
68,Suffolk County (Central)--Brookhaven Town (West Central) PUMA,0.0,0.0,1.1075724931352764,1.143163235120412,0.0,0.231496327771696,0.0,0.0,0.924959986227932,0.6813083107832141,10.826602509022166,0.46280166739798156,1.0112427272266353,0.6847588508029506
69,NYC-Queens Community District 1--Astoria & Long Island City PUMA,0.0,1.6383184681580436,0.9619905479273042,1.0181252403002916,0.8181619339534009,3.0229368266436354,0.9244888353503362,1.7283166757940853,1.1212375862066404,0.6852774203882651,1.2609951633207446,2.1694552555846514,1.6015978015293713,0.606813070919268
70,Jefferson & Lewis Counties PUMA,0.0,0.0,0.9297120360950147,0.555245801056672,0.0,0.5091970113793801,0.0,0.0,0.7032896530891738,0.7583697366241071,0.0,0.11460622262033056,0.0,0.8565766004730304
71,Nassau County (West Central)--Hempstead Town (Northwest) PUMA,2.946387343962428,1.9486841391112235,1.0480815147679479,0.9651017351681239,0.15000544870738922,1.1283549439829923,0.9479904405425758,1.587673740319823,0.7055317332943207,0.5304270314030359,0.0,0.0,0.9002872766331326,0.9838932223972641
72,Nassau County (Central)--Hempstead Town (North Central)--Meadowbrook Corridor PUMA,0.0,0.3510139735682651,0.9953562208982881,1.4924693838411196,0.0,1.6962739324362939,0.0,inf,0.992781288010261,0.6117050097232002,#DIV/0!,0.41767042644501523,0.9449309925396217,0.8884789294383308
73,Orange County (Northeast)--Greater Newburgh City PUMA,0.0,0.49773962004954186,1.1167070721757746,1.0468260121976884,5.531693797478921,0.32250288461422527,inf,0.0,0.5342346232539943,1.1739715405038882,0.0,1.0447655935163211,0.819334942582497,0.9427898737312336
74,"NYC-Bronx Community District 11--Pelham Parkway, Morris Park & Laconia PUMA",0.0,0.7854308982803759,0.9867169948885284,0.6242190741200426,0.798059280169372,0.6465159772112853,0.3154310154461245,#DIV/0!,0.9065454045815519,0.9214336585477566,0.5269552012148823,2.7694551868304154,0.6599591230026012,0.27104901328584147
75,"NYC-Queens Community District 12--Jamaica, Hollis & St. Albans PUMA",inf,0.1873368827643804,0.9044117647058824,0.9944485090597801,inf,0.41250655882651366,inf,inf,1.0327105693718022,0.9291623466840232,#DIV/0!,0.11160599147954257,0.5798285828184174,1.0009907107225116
76,Erie County (Central) PUMA,0.0,0.0,0.7510879349905333,0.6049491574874445,3.3781810658233087,4.3550696079357,0.0,7.8261370111520705,0.8152515721276271,0.4746594942927935,9.048275862068964,4.82537079191822,1.1084348582011516,0.7468641628032522
77,"NYC-Staten Island Community District 1--Port Richmond, Stapleton & Mariner's Harbor PUMA",2.8530895823629874,0.6982406448512483,0.967899031086542,1.0354817292760297,1.2693986792212528,1.003594766921799,inf,5.594851745853431,0.591828147376672,0.7613062692002728,1.7609945223800423,1.0840528271800214,0.9001037810855285,1.0505041607926142
78,"NYC-Brooklyn Community District 15--Sheepshead Bay, Gerritsen Beach & Homecrest PUMA",0.0,0.19527822673747403,1.087988177754005,0.9087428537330468,0.5845629230627155,1.027154453212339,2.2508871699503183,1.1596864916191227,0.7225051079374127,0.5056834506457087,1.3153743477733284,1.1744044144956758,0.8547755547922418,0.6250473787757441
79,"NYC-Bronx Community District 8--Riverdale, Fieldston & Kingsbridge PUMA",0.7434541611117117,#DIV/0!,0.8684473869352712,1.0413912561491028,4.309552557459331,1.8509826470202393,inf,7.321794496487119,0.4030129382852756,0.599052121672466,3.7826784282277464,2.007059589535931,0.8024193426211527,0.1709417712038944
80,NYC-Brooklyn Community District 5--East New York & Starrett City PUMA,#DIV/0!,inf,1.7803540521466317,0.9616282911601518,0.6273107057840557,0.925754289094853,inf,1.3493052320136023,0.6701934992551002,1.1234073361032237,0.48833236249623724,2.568904083080694,1.6794665062174088,1.363262762522185
81,Onondaga County (Central)--Syracuse City (Outer) PUMA,0.0,0.0,1.0886956149744706,0.5114269280440017,0.0,0.0,0.0,0.0,1.3898465091297172,1.21564048794408,0.0,0.0,0.7120868005285949,0.8094758875829184
82,"NYC-Manhattan Community District 6--Murray Hill, Gramercy & Stuyvesant Town PUMA",3.6687956279815794,#DIV/0!,1.024169234951587,1.051416885772714,2.7505960794860105,3.4260611337046356,0.0,inf,1.0938474383874508,0.8069172514074148,1.9026569850125807,0.0,1.5294304385247008,1.2462738471647958
83,"Chenango, Delaware & Broome (East) Counties PUMA",114.39449786324786,0.0,1.2487441010808342,0.0,0.0,3.4913557957810246,0.0,#DIV/0!,0.5394511297993574,#DIV/0!,#DIV/0!,#DIV/0!,0.6252393298763462,1.3000418680774941
84,Orange County (Northwest) PUMA,0.0,0.08980972813627966,1.1575522576087274,0.9118060713238766,0.0,0.5497209994838603,0.0,4.400305795839907,1.0019823587824603,0.49162980702733206,0.0,0.14823351949713967,0.9745705085082355,0.6439775708439835
85,NYC-Brooklyn Community District 7--Sunset Park & Windsor Terrace PUMA,0.0,2.6097436594818797,1.051082610042049,1.09124953764621,0.3879248791643604,0.8618175025608205,4.771705503026467,2.168558446133545,0.7234276262300682,0.666474372495669,2.614814975968297,0.5514411302586771,0.9129136572169502,0.877394801236702
86,Nassau County (Northeast)--Oyster Bay Town (North) & Glen Cove City PUMA,0.15179722715575916,#DIV/0!,1.1471731100066898,0.9133437434808951,1.1976366483387924,0.3113999216131232,inf,inf,0.7436055853331516,0.7028392260315817,0.0,0.0,0.9038765833469133,0.9287393316072114
87,Dutchess County (North & East) PUMA,17.54135978894141,0.0,0.647630179356348,1.0819611237125013,7.483446566475251,0.0,0.0,0.0,1.582341508076671,0.6558941807049774,5.010414489724834,0.0,0.8157987362377437,0.7196135086663547
88,Putnam County PUMA,1.681087978262466,0.0,1.1010677786891159,1.324653779572995,5.023194527174599,1.4007514238737657,0.0,0.0,0.6851298355858374,0.9120668090274556,0.0,0.0,0.9351900546200466,0.9937727683872604
89,Albany County (Outside Albany City) PUMA,3.871454154861145,0.0,1.0942165495353273,1.169004749806694,1.2501019548933947,2.952223005766585,0.0,7.215790326155525,0.9719283903338629,0.814179185949985,0.0,0.0,0.9094721430922359,0.5435843544843758
90,"NYC-Bronx Community District 10--Co-op City, Pelham Bay & Schuylerville PUMA",1.1846359366781638,0.7782277334808965,1.0479124114483687,0.8359012402039108,1.4927640462214136,2.5832013338472777,0.0,3.506395211045787,0.8236073360052923,1.075290143762886,3.525548344697281,3.040732424978726,0.2446417192985497,0.9359606179730896
91,NYC-Queens Community District 4--Elmhurst & South Corona PUMA,inf,0.09519345442869592,0.7368375648906547,1.4526183334057896,1.8038759543901952,0.7072126212751212,2.8001521959704303,inf,0.7786766793678656,0.8056360566848709,inf,inf,0.32966782433110436,0.22006095781311918
92,"NYC-Brooklyn Community District 12--Borough Park, Kensington & Ocean Parkway PUMA",0.0,0.5861138501012543,1.1163136759803756,1.3682825989248983,0.21658360643021973,0.8469097112606325,0.7856495932461063,1.6605015843573692,0.9797254651074475,0.5232766282267152,0.0,0.9795171000771452,0.7078447159309693,0.6347800960147364
93,Nassau County (Southeast)--Oyster Bay Town (South) PUMA,0.0,0.0,1.0324708298262373,1.2134343009395598,6.581463141428945,0.0,34.68747760950985,0.0,0.804563174968833,0.4282359900511791,0.0,#DIV/0!,0.8665774206796973,1.0788118811881187
94,Suffolk County (Northwest)--Huntington Town (South) PUMA,0.0,0.0,1.0481778209906931,1.1730724704792777,39.722491170643465,3.1986868473789687,12.088143029955098,#DIV/0!,1.0851594557319737,0.4177664313568442,#DIV/0!,#DIV/0!,0.9743327853790993,0.549985632303579
95,Oswego County PUMA,#DIV/0!,#DIV/0!,#DIV/0!,#DIV/0!,#DIV/0!,0.0,#DIV/0!,#DIV/0!,#DIV/0!,#DIV/0!,#DIV/0!,#DIV/0!,#DIV/0!,0.5525498971676226
96,Rensselaer County--Troy City PUMA,0.0,0.0,1.0070691136717869,1.1924660938720444,1.2365590056948081,0.0,0.0,0.0,0.7274767379964044,0.7568410929340311,0.9267503805175037,0.0,0.25269200200932956,1.0880587998898008
97,Saratoga County (Outer) PUMA,0.0,0.0,0.9815752117812191,0.5500700359710343,0.0,0.0,#DIV/0!,0.0,1.0294247768352136,1.0954968527432452,#DIV/0!,#DIV/0!,1.1324557570461,1.2942342342342343
98,Herkimer (North & Central) & Oneida (Outer) Counties PUMA,#DIV/0!,#DIV/0!,#DIV/0!,#DIV/0!,#DIV/0!,5.779230769230769,#DIV/0!,#DIV/0!,#DIV/0!,#DIV/0!,#DIV/0!,15.489151873767259,#DIV/0!,0.0
99,Monroe County (East) PUMA,0.0,0.0,1.1392277519881966,0.5659489892616552,0.0,0.0,0.0,0.0,1.3204372950607752,0.7528784034050784,#DIV/0!,0.0,1.1091537701679288,0.8932214186315439
100,"NYC-Queens Community District 13--Queens Village, Cambria Heights & Rosedale PUMA",inf,0.17698028827356554,0.9369655922022504,1.1103300760621633,0.35720305194740815,0.5680795947114193,#DIV/0!,inf,1.2002256525466808,0.7543073132334008,#DIV/0!,inf,1.3462931106602807,1.0034732876734596
101,Erie County (South) PUMA,0.0,#DIV/0!,1.1308223334850556,#DIV/0!,0.0,#DIV/0!,0.0,#DIV/0!,1.0111218935507646,#DIV/0!,0.0,#DIV/0!,0.6598015815267773,#DIV/0!
102,Monroe County (Central)--Greece & Gates Towns PUMA,0.0,0.0,1.190784591513189,1.2376373626373627,3.5421275601621147,0.0,7.031820540642545,0.0,0.9840647823781218,0.9013274825605692,0.0,0.0,1.1433649470908591,0.7975486721580997
103,NYC-Manhattan Community District 7--Upper West Side & West Side PUMA,1.0357692023882976,0.0,1.0638558593370626,1.346991365131579,1.543184103155917,0.9647092981698882,1.0207132178911567,0.0,1.4437244888649532,0.3657366728372104,1.179832862682062,0.5288626607587101,0.8848882221045039,0.90508276533593
104,NYC-Manhattan Community District 11--East Harlem PUMA,inf,0.23146167279288615,1.0643420575624105,0.8399768919699596,1.7464251308109333,3.532525843165918,inf,4.206928172777435,0.5207202227083191,0.4226167900364862,3.3388201811724145,1.9749790289265519,0.7749363696100685,1.4114433764845498
105,"NYC-Queens Community District 7--Flushing, Murray Hill & Whitestone PUMA",0.9957202652494946,0.5052752666229064,0.8869748145056809,0.8902319135504573,7.806631689027796,3.3265016010048054,inf,16.883847898545106,0.693544234313935,0.623068897662133,inf,1.8457519323809344,0.7891896471313471,0.6100291799963597
106,NYC-Brooklyn Community District 1--Greenpoint & Williamsburg PUMA,1.670777098961575,0.0,0.9178342625188033,1.5708421117365436,2.7734925893707287,0.7219471583344228,5.903401498972688,1.0573017916587588,0.5114649661330888,1.1803437187795194,4.434956729914137,0.8993968763221121,0.9634391558462212,0.8388131721465055
107,Onondaga County (North) PUMA,4.56103636736477,0.0,1.0381863173905164,1.0624987772191028,0.0,2.362698844914969,0.0,3.484564289153706,1.0027926295809575,0.9533022615925708,0.0,3.622417031934878,0.6666438384339238,1.0849867502848307
108,NYC-Brooklyn Community District 14--Flatbush & Midwood PUMA,0.0,0.9316852168949772,1.279336057169976,1.2508310210515508,1.684123764722478,2.7643691419468848,10.661500528355052,inf,0.851160341321574,0.5170159079597036,0.8996518649615652,7.638718719013539,0.7182775303803948,0.21593307072595533
109,"Rockland County (South)--Orangetown, Clarkstown (South) & Ramapo (Southeast) Towns PUMA",0.0,0.0,1.0422815445975344,0.8261322816089325,4.417110842610463,0.730663063216933,0.0,2.7685115284915183,0.6071186248390192,0.7577558228751016,0.0,0.47412669447340977,0.7869681664297815,0.6982892897638285
110,NYC-Brooklyn Community District 13--Brighton Beach & Coney Island PUMA,3.2775990119573097,3.2679063943552347,0.9614024091345343,0.989255362266114,0.4841086276845427,1.2338818811903898,0.19426172393694646,inf,1.2776537577399776,0.8337559594687144,1.5554501920250345,0.3609233718071586,1.2690218059345575,1.076962236812907
111,"NYC-Bronx Community District 4--Concourse, Highbridge & Mount Eden PUMA",inf,inf,0.9333668594417904,0.660423539427477,0.9741208150935142,0.907644609938712,0.552223888055972,inf,0.6037784667360253,1.2100744672490176,inf,0.46383645770362153,0.05206597692008517,#DIV/0!
112,Erie County (Northeast) PUMA,0.0,0.0,1.1324963072378138,1.1860049491339018,0.0,0.0,0.0,0.0,1.0520239366863857,0.503956713762517,inf,0.0,0.34033539877335034,0.0
113,NYC-Brooklyn Community District 8--Crown Heights North & Prospect Heights PUMA,0.0,inf,1.0416619369839977,0.7851369424899692,2.8339671634251076,2.0753551091921656,#DIV/0!,5.597182142250891,0.7749622560005303,0.790549682994009,2.1176869471272646,0.0,1.0644498556928113,3.1736846019717544
114,NYC-Queens Community District 3--Jackson Heights & North Corona PUMA,inf,inf,0.9394718054153571,0.903235179115336,7.775521346640572,inf,inf,inf,0.9929569858325916,0.4798556538924507,7.036210629606322,2.7805421099940957,1.0384180387987592,0.4863317140831707
115,Fulton & Montgomery Counties PUMA,0.0,#DIV/0!,1.0983809001097695,#DIV/0!,0.0,#DIV/0!,0.0,#DIV/0!,9.917663320270414,#DIV/0!,#DIV/0!,#DIV/0!,1.096107822143847,#DIV/0!
116,Niagara County (Southwest)--Greater Niagara Falls & North Tonawanda Area PUMA,0.0,0.0,1.129770992366412,1.1957485780391401,10.597179999420943,0.0,32.746345273964955,0.0,0.7599707250481722,0.9786784364269207,12.638108989785549,0.0,0.4428278364411961,0.7937692493827276
117,"Steuben (North & West), Schuyler & Chemung (North) Counties PUMA",0.0,0.0,0.9982442816487965,0.0,0.0,2.778101716877227,0.0,#DIV/0!,1.1145000239801952,#DIV/0!,0.0,#DIV/0!,0.8579241496640441,1.2764230668999663
118,NYC-Brooklyn Community District 4--Bushwick PUMA,2.4636843643572406,inf,0.8023851367219187,1.0233270711076674,1.4083422487423807,0.9914043042776268,0.9204260934760777,3.270524600261787,0.7079892286485039,0.9045595489578996,1.2872093446561779,0.5223755087785285,2.346914000284442,0.6472204408141222
119,"NYC-Manhattan Community District 4 & 5--Chelsea, Clinton & Midtown Business District PUMA",14.458232893282629,1.4189449527998423,0.9893340947674713,0.5444512226772962,2.4154361209193653,2.5401945566472053,1.0682398000644533,1.5596774915440632,0.7463562109837764,0.8508486280561903,1.8156760683579836,1.4012602422657503,1.0778300876821927,1.7661175249708132
120,"NYC-Brooklyn Community District 6--Park Slope, Carroll Gardens & Red Hook PUMA",2.278833146998422,6.575411510954706,1.0046021606832312,1.260131377784755,2.0187757356611438,1.5349321886275975,2.1301676594842065,8.754448248765154,0.560503219215132,0.6163417308708498,1.5218629875866898,2.3516288896829223,0.9373791384385354,0.5821812208063345
121,NYC-Brooklyn Community District 3--Bedford-Stuyvesant PUMA,0.0,0.0,1.1502913241280228,1.3269743375320127,1.8711800126223335,0.5513862185318366,1.9116465863453815,1.662656588239469,0.8463929291333997,0.5709645529405417,0.3233000309789344,0.41589075936172604,1.4550338053323129,0.6519330623815791
122,NYC-Queens Community District 10--Howard Beach & Ozone Park PUMA,0.0068898048627778355,0.288166839497638,1.1010950523162897,0.8278266895475934,0.7351022137571577,0.9331704879660091,0.452731546953163,1.2877519643967064,0.8617460726741134,0.8693882189253568,#DIV/0!,0.2458325619693131,0.8000542838613599,0.7678830387594666
123,Suffolk County (Northwest)--Huntington Town (North) PUMA,0.0,0.0,0.5693000480041895,1.037537484093753,0.0,0.0,0.0,0.0,0.41699559942364894,0.7353648926799135,#DIV/0!,7.208530805687204,1.088958343051733,0.9148504937511318
124,Orange County (Southeast) PUMA,0.0,0.0,1.0384807267272211,1.0584353524353147,1.0660114801470615,1.1027606685199172,1.3520685762468798,0.0,0.7668003037009047,1.1587536526110527,0.0,0.0,0.8210975978718146,1.289974981373084
125,Nassau County (East Central)--Oyster Bay Town (Central) PUMA,1.444161021321926,0.0,1.071411431526731,1.2780386435513023,#DIV/0!,0.6852943214219095,#DIV/0!,inf,0.6931553258585846,0.8580346995153169,#DIV/0!,#DIV/0!,0.9262559531991538,0.9069650956480675
126,Suffolk County (Northwest)--Smithtown Town PUMA,0.0,0.0,0.8253260531248559,0.7411945662415608,0.3317863427115732,3.6226933194059385,0.8468458781362008,0.0,0.7373756885488338,0.6222360909473331,inf,0.0,0.7604715694523153,0.6835051980540605
127,"NYC-Brooklyn Community District 17--East Flatbush, Farragut & Rugby PUMA",inf,inf,1.0217029327032385,1.6888722751239473,2.256582155046319,0.8237451737451739,#DIV/0!,inf,0.8352818332049373,0.7897505276526461,inf,inf,0.7054767143426385,0.6419397683397683
128,"NYC-Bronx Community District 9--Castle Hill, Clason Point & Parkchester PUMA",inf,inf,0.9258510279743849,1.4735713901007161,inf,1.102276448048262,inf,inf,0.6955068124556932,1.1215415709907774,inf,inf,1.1073645622170158,0.9437094428283732
129,NYC-Queens Community District 9--Richmond Hill & Woodhaven PUMA,0.1607463307643627,1.2203215058647963,0.9998180651481607,1.181279277038511,1.583696758346565,0.8805445094989446,inf,0.6536982248520711,0.8091266683816285,0.6505975792323054,1.620265625521407,3.2147214721472155,0.9150144800431204,1.2340843651684896
130,Westchester County (Southwest)--Yonkers City PUMA,1.209566176162418,0.5479057751024278,0.9602938006999449,0.9890378331694032,3.487331046041769,1.8542152680715427,7.659385810587191,7.617555819607912,0.6611406799299249,0.60125443506212,0.0,1.265416990860951,0.792482112530273,0.3832338682175079
131,Broome (Outer West) & Tioga Counties PUMA,0.0,0.0,0.5732155695730761,1.2330012992637507,0.0,0.0,0.0,0.0,0.6952974427384802,0.8929763101089594,0.0,#DIV/0!,0.595873646114469,1.1689205547677515
132,NYC-Brooklyn Community District 10--Bay Ridge & Dyker Heights PUMA,0.933711252751284,1.3135964134047813,1.00079700207106,0.8505046656177595,4.289596346033729,4.1700301219166,inf,6.953891914672893,0.8937753301704227,0.6674004841115441,3.031958584987058,1.4447027428539987,0.7665248460844095,1.0271965991607421
133,"NYC-Queens Community District 5--Ridgewood, Glendale & Middle Village PUMA",1.1357431633548192,1.4502355756702598,1.0272618678431804,0.8839134530442344,0.6371309395962709,1.5544918181329348,0.8939769461859979,6.4249918041599035,0.7168952062148798,0.7029177449323427,11.833842265484066,1.4639220944045563,0.9257187296781537,0.43469634076466046
134,NYC-Manhattan Community District 10--Central Harlem PUMA,0.0,0.07505261239166817,0.9381015491739002,1.075444397336088,1.6843454776823383,1.469835142016777,5.248896267432573,inf,0.5713387743613794,1.3312477361395976,3.360230456820829,0.9532451393828542,0.8940206426433837,0.16040622107570846
135,"NYC-Queens Community District 11--Bayside, Douglaston & Little Neck PUMA",0.2087943834779278,0.5624716415080284,1.009306500990304,0.9362835888406155,1.354271360884744,0.8556393221550128,4.226067289211595,3.816640656463955,0.817574786135573,0.7863343085707183,0.4335187316333499,2.060330802603037,0.8618087855297157,0.9006401977272516
136,Erie County (Northwest) PUMA,6.484141658370075,0.0,0.39642972265959164,1.1937017563485848,0.0,0.0,0.0,0.0,0.8694372664094887,2.0036908766775308,#DIV/0!,#DIV/0!,0.4653369554789302,1.2384615384615385
137,NYC-Queens Community District 2--Sunnyside & Woodside PUMA,0.6901372988493119,0.5244786753670262,1.0190183638273709,0.9784704560353054,3.321931246451318,5.296570852866014,4.336395894813559,10.058968550827618,0.6706912854567726,0.7279663757860961,3.3992310043881853,4.169325897982614,1.5541633653101279,0.4196786053538688
138,Suffolk County (Southwest)--Babylon Town (Southeast) PUMA,8.925650136930495,0.9715675675675676,1.2032547699214364,0.9156162315395548,0.0,0.5788653237096688,0.0,0.6759639465629043,1.4281504392322235,0.854646799390021,0.0,0.0,1.0028582111129194,1.1097518582690726
139,"NYC-Staten Island Community District 3--Tottenville, Great Kills & Annadale PUMA",0.0,0.0,0.9553423291623419,0.9933831376734259,6.338686347028019,3.470859455623493,9.267885311311124,8.202030812324931,0.5797535295113948,0.43709546615451444,#DIV/0!,#DIV/0!,0.9752010362524502,1.1084530930129466
140,Nassau County (West Central)--Hempstead Town (West Central) PUMA,0.0,0.1664440534048377,1.0082391250972589,0.958169477703508,1.8912722089651843,0.5616076501126456,0.0,0.9386239296994335,0.8234721004428053,0.70265928321571,0.0,1.5636677206093705,1.0152930529993387,1.0557959372431913
141,Nassau County (Central)--Hempstead Town (Northeast) PUMA,0.0,2.6326155798046766,1.0168328679857106,1.1762934574322474,0.0,0.0,0.0,0.0,1.0107650458765751,0.5198925643537653,#DIV/0!,0.0,0.9595343816679911,0.9850229292246934
142,Nassau County (Southwest)--Hempstead Town (Southwest) & Long Beach City PUMA,1.8114389111274976,24.254512700414338,1.170502367175171,0.910469932045611,2.7048417522531967,6.283118054126926,0.0,54.52635764598955,0.6432946096075336,0.6847227669627763,3.9464435385553185,63.875,1.1196035309529084,1.4377596650016562
143,NYC-Brooklyn Community District 11--Bensonhurst & Bath Beach PUMA,inf,0.4673847774752904,1.0279112656646,0.9087525513809503,2.867032377435606,1.2002723908348267,1.5647294217416652,2.0386422304457663,0.9249204636888279,0.953888605929714,1.4822447685478755,1.4822804130595502,1.1326156734806707,1.8319835094715715
144,Nassau County (South Central)--Hempstead Town (Southeast) PUMA,3.1510263077615894,0.0,1.1711459607721606,1.1726894148037925,0.0,2.976190334558338,0.0,2.339990554651834,0.7441298627355653,0.6321976533408785,0.0,1.3368847539015605,0.9283258637759245,0.6362387399138272
145,Nassau County (West Central)--North Hempstead Town (South) PUMA,0.510766824202889,0.0,0.9784826536164317,0.9022714882284455,2.6119452542459904,2.339111792862555,1.1181897110404229,3.5384295905404084,0.8479951020389493,0.5585303535700264,1.0400872063716098,1.054320987654321,0.9918756925554335,0.7084388078119175
146,Capital Region,1.656942033369693,0.0,1.0341215887669593,1.1452544147940222,1.765193712713868,0.852657466587917,2.3221841359164097,1.5147648693954265,0.8769485265774862,0.7364923954844435,2.1331684681715166,2.2912102213239836,0.7536650114750257,0.6778978710843366
147,Central NY,4.819450258105937,3.951223685541349,1.0764404076340188,0.8857068082448372,3.6087139191900186,2.146121378562457,4.373838689323557,6.996928965850066,0.863581492178628,0.7327884451626624,1.73780765120633,2.7345514487369984,0.48912243258553467,0.6540596631914171
148,Finger Lakes,0.6944398208944492,2.9270895299656363,1.0323595267805052,0.8384993030297642,4.172965052601449,1.6427193621269682,6.2582346392587995,1.8064010104961687,1.0306386268234082,0.9691138720343475,6.432161634394132,1.0835335264522032,0.7707426938796487,0.827721248060674
149,Long Island,0.7946848928475588,0.7726094145682335,1.0237005056240494,1.0198683471952752,0.9510776755673254,1.5476548165219812,1.302282826351446,3.848658852371321,0.8148290142332616,0.6587622213465424,0.9063875589814278,0.8182822849931244,0.9251366846935738,0.8315085300770063
150,Mid-Hudson,1.2218896664702754,0.5449171419105425,1.029381828738391,0.9883968901445771,2.324564795857687,1.3618881661476543,4.35370432102881,2.945206888563048,0.7192009764486051,0.6901584732409785,0.6800118486529376,1.2628450093399566,0.8056234751306096,0.5992652684026737
151,Mohawk Valley,0.0,4.512837373314561,1.0514359502557133,0.9834458934447755,0.6282601325739829,3.298694634639688,1.5136294824636847,7.441191549671693,2.8447713855776846,0.6939526508394663,2.000490568814541,1.0804728215694863,0.8950217434822721,0.5940477806842376
152,New York City,1.3244996116251562,0.683880675352722,0.9715658736199192,1.0114231662646318,2.057886130515513,1.3250916798992618,2.5516469958707066,3.1513984281930214,0.6505128577441109,0.6296662034183683,1.8769208106914856,0.9845592540278578,1.0544748622778124,0.5718034718148206
153,North Country,2.7155106308818397,7.130655372940202,0.9791327653118238,0.6852011961273023,0.9521274122297141,1.4415006123261473,0.0,3.969592468193769,0.7166687206793471,0.5184293131089376,0.0,0.06907725145198783,0.3611674065399621,0.8002081617923259
154,Southern Tier,0.7809160238415378,0.0,0.7278956106351614,0.8753060584090392,4.551474756714396,0.6913606263296259,2.656943508184562,1.0251886855468393,0.8933902461888514,0.6408576710997603,2.93954292412565,0.0,0.4839195747834811,1.108225661200598
155,Western NY,2.8812082924506113,2.1932754342431764,0.9288920813893895,0.8809673837645082,5.33566335999095,2.8942657842382777,6.912911772365946,5.539457112453402,1.329064097218584,0.7091558341848652,2.9431332993026795,1.950016243399935,0.503051333795897,0.7332122258850332
